store_id,item_id,forecast_total_28,forecast_avg_daily,forecast_max_daily,forecast_std_daily,annual_demand_estimate,historical_avg_daily,historical_std_daily,historical_zero_rate,historical_max_daily,demand_cv,dept_id,cat_id,state_id,current_sell_price,estimated_annual_revenue,revenue_cumulative_share,abc_class,xyz_class,abc_xyz_class,service_level,z_score,simulated_days_of_cover,current_inventory,incoming_inventory,lead_time_days,ordering_cost,holding_rate,inventory_source,lead_time_demand_forecast,lead_time_demand_std,safety_stock,reorder_point,inventory_position,stockout_probability,stockout_probability_pct,stockout_risk,annual_holding_cost_per_unit,eoq,review_period_demand,order_up_to_level,reorder_required,recommended_order_qty,days_of_cover,recommended_action,abc_weight,priority_score
CA_1,HOBBIES_1_087,6.634701524262571,0.23695362586652038,0.4602681604396144,0.07878091360939625,86.48807344127994,0.044444444444444446,0.2557698715955029,0.9666666666666667,2,5.754692630314633,HOBBIES_1,HOBBIES,CA,12.88,1113.9663859236857,0.8167814554696037,B,Z,BZ,0.95,1.6448536269514722,3,1,0,6,50.0,0.2,SIMULATED,2.088743263069613,0.6265056769861549,2.0,5.0,1,0.9588772084649986,95.88772084649986,HIGH,2.5760000000000005,58.0,1.6586753810656427,7.0,True,58,4.220217251902535,URGENT REPLENISHMENT,2,107.5326325078999
CA_1,HOBBIES_1_186,34.011851995450044,1.2147089998375016,1.6514351815768087,0.17858216903838312,443.3687849406881,1.0333333333333334,1.2582313250812547,0.4,8,1.217642039457305,HOBBIES_1,HOBBIES,CA,15.92,7058.431056255755,0.2934420584718871,A,Z,AZ,0.98,2.0537489106318225,3,4,0,9,50.0,0.2,SIMULATED,11.525704933537988,3.774693975243764,8.0,20.0,4,0.9769089883023301,97.69089883023301,HIGH,3.184,119.0,8.502962998862511,29.0,True,119,3.2929670460728095,URGENT REPLENISHMENT,3,100.79095969271285
CA_1,HOBBIES_1_085,37.38320828479334,1.3351145815997623,1.736892400257112,0.2006423860421993,487.3168222839132,1.2222222222222223,1.234137808284676,0.34444444444444444,6,1.0097482897115886,HOBBIES_1,HOBBIES,CA,14.72,7173.303624019203,0.28002867496321365,A,Z,AZ,0.98,2.0537489106318225,4,6,0,10,50.0,0.2,SIMULATED,14.170686123480534,3.902686420707797,9.0,24.0,6,0.9818524355979091,98.18524355979092,HIGH,2.9440000000000004,129.0,9.345802071198335,34.0,True,129,4.493992941652797,URGENT REPLENISHMENT,3,99.00862903299043
CA_1,HOBBIES_1_158,115.0750236059196,4.1098222716399855,4.849596193477849,0.37425910216202574,1500.0851291485947,4.022222222222222,2.453970768842221,0.05555555555555555,12,0.6101030781395659,HOBBIES_1,HOBBIES,CA,22.98,34471.95626783471,0.06550826465959182,A,Y,AY,0.98,2.0537489106318225,3,13,0,7,50.0,0.2,SIMULATED,29.018620129176966,6.4925963789784875,14.0,44.0,13,0.9931915391352157,99.31915391352157,HIGH,4.596,181.0,28.7687559014799,73.0,True,181,3.1631530459489743,URGENT REPLENISHMENT,3,95.69252312950861
CA_1,HOBBIES_1_173,21.038417516265188,0.7513720541523281,1.0036510665201046,0.12466766722021413,274.25079976559977,0.6444444444444445,0.8115889687411186,0.5555555555555556,3,1.2593602386944687,HOBBIES_1,HOBBIES,CA,10.97,3008.5312734286294,0.5376279274340267,A,Z,AZ,0.98,2.0537489106318225,5,4,0,9,50.0,0.2,SIMULATED,6.819286900519816,2.4347669062233557,6.0,13.0,4,0.8765534682361378,87.65534682361378,HIGH,2.1940000000000004,112.0,5.259604379066297,19.0,True,112,5.323587235255136,URGENT REPLENISHMENT,3,95.18681048111294
CA_1,HOBBIES_1_232,90.60981457021055,3.236064806078948,4.0235074908396795,0.35670395257735626,1181.163654218816,1.2555555555555555,2.8147329532306435,0.6444444444444445,17,2.241820920591815,HOBBIES_1,HOBBIES,CA,0.48,566.9585540250316,0.9390391359319765,B,Z,BZ,0.95,1.6448536269514722,6,20,0,10,50.0,0.2,SIMULATED,29.55945750509615,8.900967137341032,15.0,45.0,20,0.8585840971472927,85.85840971472926,HIGH,0.096,1110.0,22.652453642552636,68.0,True,1110,6.180344034546519,URGENT REPLENISHMENT,2,93.9332550347557
CA_1,HOBBIES_1_135,5.467083740335633,0.1952529907262726,0.3080641959276862,0.050430370189400074,71.2673416150895,0.2222222222222222,0.4687486995404349,0.8,2,2.109359655813506,HOBBIES_1,HOBBIES,CA,20.38,1452.428422115524,0.7660678588244617,A,Z,AZ,0.98,2.0537489106318225,5,1,0,8,50.0,0.2,SIMULATED,1.7438269079316795,1.3258215364696682,3.0,5.0,1,0.7126117786595179,71.26117786595178,HIGH,4.076,42.0,1.3667709350839083,7.0,True,42,5.121534245115145,URGENT REPLENISHMENT,3,93.85030327770613
CA_1,HOBBIES_1_179,28.787755022780598,1.0281341079564499,1.3375142988574513,0.1454473449503693,375.2689494041042,1.2333333333333334,1.1020919841705745,0.28888888888888886,5,0.8935873707431382,HOBBIES_1,HOBBIES,CA,6.87,2578.097682406196,0.6053898590452411,A,Y,AY,0.98,2.0537489106318225,4,5,0,8,50.0,0.2,SIMULATED,9.130422472997132,3.117186861993402,7.0,17.0,5,0.9074223978695576,90.74223978695576,HIGH,1.374,166.0,7.196938755695149,25.0,True,166,4.863174072460321,URGENT REPLENISHMENT,3,93.38121757960484
CA_1,HOBBIES_1_225,5.114308906334727,0.18265388951195452,0.28774034336440923,0.05561056175380858,66.6686696718634,0.28888888888888886,0.5657736960623523,0.7666666666666667,2,1.9584406302290382,HOBBIES_1,HOBBIES,CA,29.96,1997.3933433690274,0.6752239096188496,A,Z,AZ,0.98,2.0537489106318225,2,1,0,10,50.0,0.2,SIMULATED,1.9974471875586337,1.7891335197688714,4.0,6.0,1,0.7114080726710855,71.14080726710856,HIGH,5.992000000000001,34.0,1.2785772265836817,8.0,True,34,5.474805534480649,URGENT REPLENISHMENT,3,92.26889066255552
CA_1,HOBBIES_1_090,144.26054996669896,5.152162498810677,6.573847921357768,0.5365840680709429,1880.539312065897,4.477777777777778,7.308956761318709,0.4111111111111111,36,1.6322728576032917,HOBBIES_1,HOBBIES,CA,1.08,2030.982457031169,0.6714281931602274,A,Z,AZ,0.98,2.0537489106318225,6,31,0,9,50.0,0.2,SIMULATED,46.83601836068147,21.926870283956127,46.0,93.0,31,0.7649203029080411,76.49203029080411,HIGH,0.21600000000000003,934.0,36.06513749167474,130.0,True,934,6.016889799237937,URGENT REPLENISHMENT,3,92.21794675051538
CA_1,HOBBIES_1_109,19.088621993834202,0.6817364997797929,0.8704008538585022,0.10386608897788516,248.8338224196244,0.5222222222222223,0.6400101434901537,0.5555555555555556,2,1.2255489918022249,HOBBIES_1,HOBBIES,CA,6.12,1522.8629932081014,0.7576332054863802,A,Z,AZ,0.98,2.0537489106318225,7,5,0,10,50.0,0.2,SIMULATED,6.891482994294558,2.023889779040072,5.0,12.0,5,0.8249971062858592,82.49971062858592,HIGH,1.2240000000000002,143.0,4.772155498458551,17.0,True,143,7.334201216179311,URGENT REPLENISHMENT,3,91.7553162951738
CA_1,HOBBIES_1_288,219.567755718858,7.841705561387785,9.639000405243287,0.6587550368572864,2862.2225299065417,7.544444444444444,8.178020846683447,0.14444444444444443,36,1.0839790554394628,HOBBIES_1,HOBBIES,CA,0.57,1631.4668420467285,0.7367196144388782,A,Z,AZ,0.98,2.0537489106318225,3,24,0,6,50.0,0.2,SIMULATED,44.58472812725728,20.031978180218104,42.0,87.0,24,0.8479294297808668,84.79294297808669,HIGH,0.11399999999999999,1585.0,54.8919389297145,142.0,True,1585,3.0605582869135826,URGENT REPLENISHMENT,3,91.71555634124664
CA_1,HOBBIES_1_048,427.22700286280417,15.258107245100149,17.993096955147138,1.0146989141090392,5569.209144461554,15.322222222222223,12.311342881488114,0.03333333333333333,62,0.8034958571568551,HOBBIES_1,HOBBIES,CA,0.48,2673.220389341546,0.5703283623848642,A,Y,AY,0.98,2.0537489106318225,2,31,62,9,50.0,0.2,SIMULATED,138.54859482665063,36.93402864446434,76.0,215.0,93,0.8912572523973468,89.12572523973468,HIGH,0.096,2409.0,106.80675071570104,322.0,True,2409,6.095119952361406,URGENT REPLENISHMENT,3,91.51039371540935
CA_1,HOBBIES_1_144,23.43377590184539,0.8369205679230497,1.0827368143293974,0.11231391381309826,305.47600729191316,0.7888888888888889,0.8931001987703817,0.4666666666666667,3,1.1320974084586986,HOBBIES_1,HOBBIES,CA,11.28,3445.7693622527804,0.5008184012043281,A,Z,AZ,0.98,2.0537489106318225,3,3,0,6,50.0,0.2,SIMULATED,5.067876537022806,2.187639776165667,5.0,11.0,3,0.8277355419064991,82.77355419064992,HIGH,2.256,117.0,5.8584439754613475,17.0,True,117,3.584565286619347,URGENT REPLENISHMENT,3,90.98510659897693
CA_1,HOBBIES_1_257,4.511497159195073,0.1611248985426812,0.26374484337414517,0.050784277134765174,58.810587968078636,0.1111111111111111,0.38055088526982883,0.9111111111111111,2,3.424927143084172,HOBBIES_1,HOBBIES,CA,16.76,985.665454344998,0.8527163535511804,B,Z,BZ,0.95,1.6448536269514722,5,1,0,8,50.0,0.2,SIMULATED,1.4207482867576058,1.0763604462433594,2.0,4.0,1,0.6520640756274393,65.20640756274393,HIGH,3.3520000000000003,42.0,1.1278742897987684,6.0,True,42,6.206326909854945,URGENT REPLENISHMENT,2,89.12384453764636
CA_1,HOBBIES_1_103,86.99976126405863,3.1071343308592367,3.734001934491125,0.32532134793011963,1134.1040307636215,3.011111111111111,2.9849602201043646,0.24444444444444444,14,0.9913148730297204,HOBBIES_1,HOBBIES,CA,0.7,793.872821534535,0.8874377880156601,B,Y,BY,0.95,1.6448536269514722,3,10,0,8,50.0,0.2,SIMULATED,26.04942272167966,8.442742452831544,14.0,41.0,10,0.9713472042281452,97.13472042281452,HIGH,0.13999999999999999,901.0,21.74994031601466,63.0,True,901,3.21839860037079,URGENT REPLENISHMENT,2,88.19398098398592
CA_1,HOBBIES_1_187,22.418858362970425,0.8006735129632295,1.0698299064692613,0.11990214871316324,292.2458322315788,0.8666666666666667,1.5154633659323955,0.5888888888888889,9,1.7486095584494272,HOBBIES_1,HOBBIES,CA,7.0,2045.7208256210515,0.6636910552088313,A,Z,AZ,0.98,2.0537489106318225,6,5,0,8,50.0,0.2,SIMULATED,6.948023964202024,4.286377690762349,9.0,16.0,5,0.6752541976923679,67.52541976923679,HIGH,1.4000000000000001,145.0,5.604714590742606,22.0,True,145,6.2447348067761235,URGENT REPLENISHMENT,3,88.00134744603636
CA_1,HOBBIES_1_200,8.127712651133239,0.2902754518261871,0.4669741761542897,0.0902918759537465,105.95053991655828,0.4222222222222222,0.6700289743488087,0.6777777777777778,2,1.5869069702569858,HOBBIES_1,HOBBIES,CA,7.88,834.8902545424793,0.8720317913653313,B,Z,BZ,0.95,1.6448536269514722,2,1,0,7,50.0,0.2,SIMULATED,2.756671444910185,1.7727300373346238,3.0,6.0,1,0.8391428830568116,83.91428830568117,HIGH,1.576,82.0,2.0319281627833097,9.0,True,82,3.4449918128349735,URGENT REPLENISHMENT,2,86.21764268597856
CA_1,HOBBIES_1_166,57.07959815243389,2.038557076872639,2.5377060833024045,0.23875482450024121,744.0733330585132,2.111111111111111,1.8447888612445016,0.25555555555555554,9,0.8738469413988442,HOBBIES_1,HOBBIES,CA,9.98,7425.851863923962,0.25230390734175445,A,Y,AY,0.98,2.0537489106318225,3,7,0,5,50.0,0.2,SIMULATED,10.126906589801653,4.125073297877133,9.0,20.0,7,0.7757818395753675,77.57818395753675,HIGH,1.9960000000000002,194.0,14.269899538108472,35.0,True,194,3.4337996446678285,URGENT REPLENISHMENT,3,85.28537978851048
CA_1,HOBBIES_1_133,5.856071141668893,0.20914539791674616,0.4478667330865267,0.07770970268013483,76.33807023961235,0.022222222222222223,0.21081851067789195,0.9888888888888889,2,9.486406092230986,HOBBIES_1,HOBBIES,CA,12.88,983.2343446862071,0.8545848281794741,B,Z,BZ,0.95,1.6448536269514722,9,2,0,8,50.0,0.2,SIMULATED,2.1266008163688124,0.5962847939999439,1.0,4.0,2,0.5840697523006475,58.40697523006475,HIGH,2.5760000000000005,55.0,1.4640177854172232,6.0,True,55,9.562679634559759,URGENT REPLENISHMENT,2,85.04418513803884
CA_1,HOBBIES_1_297,49.120690117682734,1.754310361345812,2.208087917348303,0.2336455127081621,640.3232818912214,2.1555555555555554,1.7920618412728722,0.14444444444444443,7,0.8313685097494464,HOBBIES_1,HOBBIES,CA,14.72,9425.55870943878,0.2227184606936736,A,Y,AY,0.98,2.0537489106318225,7,13,0,9,50.0,0.2,SIMULATED,16.610453099372144,5.3761855238186165,12.0,29.0,13,0.7490693748015809,74.90693748015809,HIGH,2.9440000000000004,148.0,12.280172529420684,42.0,True,148,7.410315116483718,URGENT REPLENISHMENT,3,83.25784758558933
CA_1,HOBBIES_1_120,20.903042409546313,0.7465372289123683,0.9793005071968158,0.1126986128520051,272.48608855301444,0.9111111111111111,0.829842877295908,0.36666666666666664,3,0.9108021583467983,HOBBIES_1,HOBBIES,CA,10.98,2991.8972523120988,0.5490093211788032,A,Y,AY,0.98,2.0537489106318225,4,3,2,8,50.0,0.2,SIMULATED,6.2887147213807015,2.347150103421171,5.0,12.0,5,0.7085161794394699,70.85161794394699,HIGH,2.196,112.0,5.225760602386578,18.0,True,112,6.697580654756958,URGENT REPLENISHMENT,3,81.61899234983618
CA_1,HOBBIES_1_300,30.892321264823625,1.1032971880294151,1.479171824527556,0.15360036969214289,402.70347363073654,1.1888888888888889,1.2351995193830616,0.36666666666666664,5,1.0389519928859456,HOBBIES_1,HOBBIES,CA,8.98,3616.277193204014,0.48741870393143005,A,Z,AZ,0.98,2.0537489106318225,7,8,0,8,50.0,0.2,SIMULATED,9.649784271201788,3.493671825096509,8.0,18.0,8,0.6816153788874005,68.16153788874006,HIGH,1.7960000000000003,150.0,7.723080316205905,26.0,True,150,7.2509862581109505,URGENT REPLENISHMENT,3,81.28644266210348
CA_1,HOBBIES_1_136,4.392554504370927,0.15687694658467596,0.2597297550404074,0.04702678163525933,57.26008550340673,0.1,0.3368725961953803,0.9111111111111111,2,3.3686922750310524,HOBBIES_1,HOBBIES,CA,4.88,279.42921725662484,0.9842235349848059,C,Z,CZ,0.9,1.2815515655446004,3,1,0,9,50.0,0.2,SIMULATED,1.4286271868015943,1.010617788586141,2.0,4.0,1,0.6642622823119427,66.42622823119427,HIGH,0.976,77.0,1.0981386260927317,6.0,True,77,6.374382261946825,URGENT REPLENISHMENT,1,79.85573693871656
CA_1,HOBBIES_1_286,133.12766018755158,4.754559292412557,5.82367800391557,0.5016668450395138,1735.4141417305832,4.7555555555555555,7.10326892797753,0.28888888888888886,36,1.4936777315116399,HOBBIES_1,HOBBIES,CA,0.7,1214.789899211408,0.8014931236815198,B,Z,BZ,0.95,1.6448536269514722,5,24,0,8,50.0,0.2,SIMULATED,36.8928867124836,20.091078510258438,34.0,71.0,24,0.7394731429137253,73.94731429137254,HIGH,0.13999999999999999,1114.0,33.281915046887896,105.0,True,1114,5.047785394224527,URGENT REPLENISHMENT,2,79.30516588993991
CA_1,HOBBIES_1_017,35.399526729448525,1.2642688117660188,1.719322446659605,0.1776815650623353,461.45811629459683,1.2,1.59493580583016,0.5,6,1.3291120639317469,HOBBIES_1,HOBBIES,CA,1.98,913.6870702633017,0.8654678147460757,B,Z,BZ,0.95,1.6448536269514722,5,7,0,8,50.0,0.2,SIMULATED,10.279389737751472,4.5111596954389475,8.0,19.0,7,0.766371856230789,76.63718562307889,HIGH,0.396,342.0,8.849881682362131,28.0,True,342,5.5367928070843675,URGENT REPLENISHMENT,2,79.27343201316481
CA_1,HOBBIES_1_034,8.43503242281003,0.30125115795750107,0.4894511762870496,0.09774927977108414,109.95667265448789,0.6,0.8969361081049598,0.6111111111111112,4,1.4948910220232297,HOBBIES_1,HOBBIES,CA,4.86,534.3894291008112,0.9484282975844173,B,Z,BZ,0.95,1.6448536269514722,5,2,0,9,50.0,0.2,SIMULATED,3.6855607534959867,2.6908083243148795,5.0,9.0,2,0.7344783765497583,73.44783765497583,HIGH,0.9720000000000001,107.0,2.1087581057025075,12.0,True,107,6.638956592245054,URGENT REPLENISHMENT,2,79.0176128132178
CA_1,HOBBIES_1_201,24.63066980066392,0.87966677859514,1.124376774108351,0.12037261620201856,321.0783741872261,1.1666666666666667,1.97882044083809,0.4222222222222222,16,1.696130352606632,HOBBIES_1,HOBBIES,CA,5.98,1920.0486776396122,0.6862917682035343,A,Z,AZ,0.98,2.0537489106318225,4,4,2,7,50.0,0.2,SIMULATED,6.44858680031032,5.2354667757087885,11.0,18.0,6,0.5341405109072225,53.414051090722246,HIGH,1.1960000000000002,164.0,6.15766745016598,25.0,True,164,6.820756819787362,URGENT REPLENISHMENT,3,79.00973418049966
CA_1,HOBBIES_1_253,5.967369922098449,0.21312035436065888,0.32249890419773,0.053160396503564744,77.78892934164048,0.43333333333333335,0.8617984852698938,0.6888888888888889,6,1.9887611457894185,HOBBIES_1,HOBBIES,CA,11.98,931.9113735128531,0.8637315032368068,B,Z,BZ,0.95,1.6448536269514722,4,1,0,9,50.0,0.2,SIMULATED,1.9984612904081738,2.585395455809681,5.0,7.0,1,0.6503230829667921,65.0323082966792,HIGH,2.3960000000000004,57.0,1.4918424805246122,9.0,True,57,4.692162373873291,URGENT REPLENISHMENT,2,78.9069964359017
CA_1,HOBBIES_1_281,19.95393116992286,0.7126403989258164,0.9418678496500688,0.11000956356932531,260.113745607923,0.8,0.9738144621751996,0.4666666666666667,5,1.2172665561358043,HOBBIES_1,HOBBIES,CA,4.24,1102.8822813775937,0.8209771184305641,B,Z,BZ,0.95,1.6448536269514722,3,3,0,7,50.0,0.2,SIMULATED,4.954203675257547,2.576470890033694,5.0,10.0,3,0.7759183954697074,77.59183954697075,HIGH,0.8480000000000001,176.0,4.988482792480715,15.0,True,176,4.209690883131377,URGENT REPLENISHMENT,2,78.72776928954049
CA_1,HOBBIES_1_077,9.25111772679648,0.33039706167130284,0.6451975795870794,0.11488528508876655,120.59492751002554,0.4777777777777778,0.7224766669810763,0.6444444444444445,3,1.5121573007939486,HOBBIES_1,HOBBIES,CA,9.46,1140.8280142448418,0.8104011851595152,B,Z,BZ,0.95,1.6448536269514722,8,3,0,10,50.0,0.2,SIMULATED,4.350458212926766,2.2846718239871673,4.0,9.0,3,0.7227716328437308,72.27716328437307,HIGH,1.8920000000000003,80.0,2.31277943169912,12.0,True,80,9.079956416283569,URGENT REPLENISHMENT,2,78.48787097856334
CA_1,HOBBIES_1_049,7.807507671079681,0.27883955968141716,0.46168851870946215,0.08775576290090409,101.77643928371727,0.5555555555555556,0.7511954683771473,0.5555555555555556,4,1.3521494092099284,HOBBIES_1,HOBBIES,CA,7.88,801.998341555692,0.8828995467409126,B,Z,BZ,0.95,1.6448536269514722,5,2,0,10,50.0,0.2,SIMULATED,3.5520051043185132,2.3754886480687754,4.0,8.0,2,0.7432318993720941,74.3231899372094,HIGH,1.576,81.0,1.95187691776992,10.0,True,81,7.172557687751932,URGENT REPLENISHMENT,2,78.11540805442493
CA_1,HOBBIES_1_180,10.187387218896228,0.36383525781772247,0.6232416059352218,0.11180569673933735,132.7998691034687,0.4666666666666667,0.6902206128347824,0.6333333333333333,3,1.4790410009866746,HOBBIES_1,HOBBIES,CA,19.98,2653.3413846873045,0.5905594122667224,A,Z,AZ,0.98,2.0537489106318225,10,4,0,10,50.0,0.2,SIMULATED,4.297564177768903,2.182669224555161,5.0,10.0,4,0.5542199554333826,55.42199554333826,HIGH,3.9960000000000004,58.0,2.546846804724057,13.0,True,58,10.993956523167494,URGENT REPLENISHMENT,3,78.04360733586971
CA_1,HOBBIES_1_053,7.8004613155078815,0.2785879041252815,0.47251962383836466,0.08425759793369851,101.68458500572775,0.1111111111111111,0.6778094996772206,0.9555555555555556,6,6.100230595019631,HOBBIES_1,HOBBIES,CA,3.97,403.6878024727392,0.9621227741261921,C,Z,CZ,0.9,1.2815515655446004,7,2,0,8,50.0,0.2,SIMULATED,2.649680279564073,1.9171347742976947,3.0,6.0,2,0.6326502578500834,63.26502578500835,HIGH,0.794,114.0,1.9501153288769706,8.0,True,114,7.179036818711917,URGENT REPLENISHMENT,1,77.959015471005
CA_1,HOBBIES_1_098,19.784206614253605,0.7065788076519145,0.897144400791015,0.10019534491608519,257.9012647929488,0.6333333333333333,0.7562473883323831,0.5111111111111111,3,1.1940729383043867,HOBBIES_1,HOBBIES,CA,13.98,3605.459681805424,0.4942702851187612,A,Z,AZ,0.98,2.0537489106318225,4,3,0,5,50.0,0.2,SIMULATED,3.4205586379942505,1.69102056811789,4.0,8.0,3,0.598203992493924,59.820399249392395,HIGH,2.7960000000000003,97.0,4.946051653563401,13.0,True,97,4.2458048864565106,URGENT REPLENISHMENT,3,77.83296893267931
CA_1,HOBBIES_1_100,22.203029040673925,0.7929653228812116,1.0251598590159163,0.12320884825793685,289.4323428516422,0.7222222222222222,0.8997849652946457,0.5111111111111111,4,1.2458543807634437,HOBBIES_1,HOBBIES,CA,11.28,3264.7968273665238,0.5198001846083758,A,Z,AZ,0.98,2.0537489106318225,2,2,4,8,50.0,0.2,SIMULATED,6.515357710174326,2.5449762022781854,6.0,13.0,6,0.5802370752815291,58.02370752815291,HIGH,2.256,114.0,5.550757260168481,19.0,True,114,7.5665256226761795,URGENT REPLENISHMENT,3,77.2727683245262
CA_1,HOBBIES_1_188,5.773738101197312,0.20620493218561828,0.326168451802723,0.05810983202575802,75.26480024775067,0.2222222222222222,0.4687486995404349,0.8,2,2.109359655813506,HOBBIES_1,HOBBIES,CA,12.88,969.4106271910287,0.8601486462547661,B,Z,BZ,0.95,1.6448536269514722,7,2,0,10,50.0,0.2,SIMULATED,2.360207633458561,1.4823135407896972,3.0,6.0,2,0.5959987235688342,59.599872356883424,HIGH,2.5760000000000005,55.0,1.443434525299328,8.0,True,55,9.699042014948825,URGENT REPLENISHMENT,2,76.8535199722651
CA_1,HOBBIES_1_184,4.435398505796822,0.15840708949274365,0.27041486161269934,0.04912826282570031,57.818587664851435,0.1111111111111111,0.31603030875998483,0.8888888888888888,1,2.844247180615238,HOBBIES_1,HOBBIES,CA,12.68,733.1396915903161,0.9032184885406028,B,Z,BZ,0.95,1.6448536269514722,4,1,0,6,50.0,0.2,SIMULATED,0.9343247566550043,0.7741129997161835,2.0,3.0,1,0.46619455495456963,46.61945549545696,MEDIUM,2.536,48.0,1.1088496264492056,5.0,True,48,6.3128089177908295,REVIEW AND REORDER,2,76.41414510342656
CA_1,HOBBIES_1_266,29.108495161755243,1.03958911291983,1.3190501341152838,0.14148447492486607,379.450026215738,0.5777777777777777,1.0911057969669031,0.7,5,1.8884490724347072,HOBBIES_1,HOBBIES,CA,4.86,1844.1271274084868,0.7005291237890823,A,Z,AZ,0.98,2.0537489106318225,8,9,0,8,50.0,0.2,SIMULATED,8.659175745993565,3.0861132321089983,7.0,16.0,9,0.45603099850241224,45.60309985024122,MEDIUM,0.9720000000000001,198.0,7.27712379043881,24.0,True,198,8.657258171417462,REVIEW AND REORDER,3,76.2463506344918
CA_1,HOBBIES_1_284,5.0444914281004944,0.18016040814644624,0.2691679846926667,0.04821839332404599,65.75854897345287,0.2111111111111111,0.46190724406783995,0.8111111111111111,2,2.1879713183519445,HOBBIES_1,HOBBIES,CA,4.88,320.90171899045004,0.9767047468382348,C,Z,CZ,0.9,1.2815515655446004,3,1,0,10,50.0,0.2,SIMULATED,1.9147403918973347,1.4606789589856735,2.0,4.0,1,0.7344223104936516,73.44223104936516,HIGH,0.976,83.0,1.2611228570251236,6.0,True,83,5.550578285817674,URGENT REPLENISHMENT,1,75.94505181313853
CA_1,HOBBIES_1_305,7.147102731859391,0.25525366899497826,0.4152411712862717,0.0731820801194771,93.16758918316707,0.24444444444444444,0.48136302521843194,0.7777777777777778,2,1.9692043200577305,HOBBIES_1,HOBBIES,CA,2.87,267.3909809556895,0.9873222084237987,C,Z,CZ,0.9,1.2815515655446004,4,2,0,10,50.0,0.2,SIMULATED,3.113081917544377,1.5222035410793155,2.0,6.0,2,0.7676808656518499,76.76808656518499,HIGH,0.5740000000000001,128.0,1.7867756829648478,8.0,True,128,7.835312113485169,URGENT REPLENISHMENT,1,75.7528951396883
CA_1,HOBBIES_1_073,9.247251585616793,0.33025898520059976,0.6251278310551213,0.11502661078200954,120.54452959821892,0.4666666666666667,0.6395222936262221,0.6111111111111112,2,1.3704019783376653,HOBBIES_1,HOBBIES,CA,5.47,659.3785769022575,0.9189375228657815,B,Z,BZ,0.95,1.6448536269514722,8,3,0,9,50.0,0.2,SIMULATED,3.997352512847921,1.9185668808786664,4.0,8.0,3,0.6984133061175885,69.84133061175885,HIGH,1.094,105.0,2.311812896404198,11.0,True,105,9.083752602295435,URGENT REPLENISHMENT,2,75.60881815043196
CA_1,HOBBIES_1_060,7.137141025371822,0.25489789376327937,0.3682279441533267,0.06039762686893824,93.03773122359696,0.4111111111111111,0.7479476705309565,0.7222222222222222,3,1.819327746169971,HOBBIES_1,HOBBIES,CA,29.96,2787.410427458965,0.5652483481437867,A,Z,AZ,0.98,2.0537489106318225,6,2,0,6,50.0,0.2,SIMULATED,1.7959425395120323,1.8320901471041495,4.0,6.0,2,0.4556576696914414,45.565766969144136,MEDIUM,5.992000000000001,40.0,1.7842852563429557,8.0,True,40,7.846248253463858,REVIEW AND REORDER,3,75.5327376431862
CA_1,HOBBIES_1_075,6.195074078903408,0.22125264567512173,0.35225929584603444,0.06499408340930565,80.75721567141943,0.4,0.683678089700905,0.7,3,1.7091909512748844,HOBBIES_1,HOBBIES,CA,7.0,565.300509699936,0.9401133962702614,B,Z,BZ,0.95,1.6448536269514722,3,1,0,6,50.0,0.2,SIMULATED,1.5917621875367527,1.6746624680879643,3.0,5.0,1,0.6380914891810037,63.80914891810037,HIGH,1.4000000000000001,76.0,1.548768519725852,7.0,True,76,4.519699537373283,URGENT REPLENISHMENT,2,75.37739886360906
CA_1,HOBBIES_1_251,8.641520444334502,0.3086257301548036,0.6156811932424581,0.1128397481126841,112.64839150650332,0.4666666666666667,0.7525238433640893,0.6555555555555556,3,1.6125476374638255,HOBBIES_1,HOBBIES,CA,15.83,1783.2240375479475,0.7108178815586431,A,Z,AZ,0.98,2.0537489106318225,9,3,0,7,50.0,0.2,SIMULATED,2.904224501305039,1.990990945187904,5.0,8.0,3,0.4808165050024158,48.08165050024158,MEDIUM,3.1660000000000004,60.0,2.1603801110836254,11.0,True,60,9.720480136296798,REVIEW AND REORDER,3,74.9744666747832
CA_1,HOBBIES_1_030,170.64431871222175,6.094439954007919,7.27537396384896,0.5717299358348714,2224.4705832128907,6.177777777777778,6.921027685230378,0.3111111111111111,31,1.120310055472714,HOBBIES_1,HOBBIES,CA,0.7,1557.1294082490233,0.7488920053201689,A,Z,AZ,0.98,2.0537489106318225,7,43,13,10,50.0,0.2,SIMULATED,59.21812008049787,21.886211234410894,45.0,105.0,56,0.5584492635381224,55.84492635381224,HIGH,0.13999999999999999,1261.0,42.66107967805544,148.0,True,1261,9.188701707442489,URGENT REPLENISHMENT,3,74.71005636701449
CA_1,HOBBIES_1_204,19.44535823370387,0.6944770797751383,0.9425072188451966,0.10945344977128359,253.48413411792546,0.8222222222222222,1.0340036487208544,0.4888888888888889,5,1.2575704757234336,HOBBIES_1,HOBBIES,CA,9.72,2463.8657836262355,0.6147808382312577,A,Z,AZ,0.98,2.0537489106318225,8,6,0,9,50.0,0.2,SIMULATED,6.236001416370541,3.1020109461625633,7.0,14.0,6,0.5303223284662791,53.03223284662791,HIGH,1.9440000000000002,115.0,4.861339558425968,19.0,True,115,8.639581542937556,URGENT REPLENISHMENT,3,74.39504446521109
CA_1,HOBBIES_1_132,46.4910014020299,1.6603929072153536,2.238990036168066,0.24527936220525012,606.0434111336041,1.4333333333333333,1.4225313724547441,0.2777777777777778,6,0.9924630558081547,HOBBIES_1,HOBBIES,CA,3.98,2412.0527763117443,0.6239511648229241,A,Y,AY,0.98,2.0537489106318225,2,4,7,7,50.0,0.2,SIMULATED,11.620082361192416,3.763664243702651,8.0,20.0,11,0.5654315728745396,56.54315728745396,HIGH,0.796,276.0,11.622750350507475,32.0,True,276,6.624933970305937,URGENT REPLENISHMENT,3,73.85052493055393
CA_1,HOBBIES_1_287,22.984020977715804,0.8208578920612787,1.0394500244517229,0.11573372539142497,299.6131306023667,1.0444444444444445,1.0046086063413355,0.34444444444444444,4,0.9618583830155929,HOBBIES_1,HOBBIES,CA,5.76,1725.7716322696322,0.7241318834963295,A,Y,AY,0.98,2.0537489106318225,4,4,4,10,50.0,0.2,SIMULATED,8.536960791991893,3.176851353046095,7.0,16.0,8,0.5671107057571332,56.71107057571332,HIGH,1.152,162.0,5.746005244428951,22.0,True,162,9.74588943041234,URGENT REPLENISHMENT,3,73.64522617558391
CA_1,HOBBIES_1_270,18.21408940219383,0.650503192935494,0.8497210832967694,0.09792668153164426,237.4336654214553,0.5444444444444444,0.9380964602795457,0.6444444444444445,5,1.7230311500480737,HOBBIES_1,HOBBIES,CA,4.88,1158.6762872567017,0.808233229766802,B,Z,BZ,0.95,1.6448536269514722,7,5,0,9,50.0,0.2,SIMULATED,5.727962126564403,2.814289380838637,5.0,11.0,5,0.6020536801030827,60.20536801030827,HIGH,0.976,156.0,4.553522350548458,16.0,True,156,7.686345536739401,URGENT REPLENISHMENT,2,73.3535323066657
CA_1,HOBBIES_1_076,21.868837170937894,0.7810298989620676,1.0474393019797494,0.11999797917123174,285.0759131211547,0.8777777777777778,1.2792885819490134,0.5555555555555556,6,1.457415711493635,HOBBIES_1,HOBBIES,CA,3.43,977.8103820055607,0.8583064413205161,B,Z,BZ,0.95,1.6448536269514722,6,5,0,8,50.0,0.2,SIMULATED,6.340385897112959,3.618374525562679,6.0,13.0,5,0.6444721724828475,64.44721724828474,HIGH,0.686,204.0,5.4672092927344735,19.0,True,204,6.4017953792156375,URGENT REPLENISHMENT,2,73.2424874639072
CA_1,HOBBIES_1_027,6.80647532929152,0.2430884046175543,0.4061582626261203,0.06752462640849219,88.72726768540731,0.4777777777777778,0.6742082793877617,0.6111111111111112,3,1.4111306544916198,HOBBIES_1,HOBBIES,CA,19.98,1772.770808354438,0.7141867399544992,A,Z,AZ,0.98,2.0537489106318225,10,3,0,10,50.0,0.2,SIMULATED,2.881583092300758,2.1320337802084803,5.0,8.0,3,0.47785343095963684,47.78534309596368,MEDIUM,3.9960000000000004,48.0,1.70161883232288,10.0,True,48,12.341138457761314,REVIEW AND REORDER,3,72.78251240249442
CA_1,HOBBIES_1_237,19.701101559627006,0.7036107699866788,0.9355344423991278,0.1112143427751834,256.81793104513775,0.6,0.831946411411621,0.5888888888888889,3,1.3865750413942992,HOBBIES_1,HOBBIES,CA,7.98,2049.4070897401994,0.6598035003447209,A,Z,AZ,0.98,2.0537489106318225,7,5,0,7,50.0,0.2,SIMULATED,4.887732940871004,2.2011233087277775,5.0,10.0,5,0.4796609917447058,47.96609917447058,MEDIUM,1.596,127.0,4.925275389906751,15.0,True,127,7.106191529591188,REVIEW AND REORDER,3,72.64540991862533
CA_1,HOBBIES_1_265,11.059553435411136,0.39498405126468344,0.6865672522363723,0.12149414055239298,144.16917871160945,0.36666666666666664,0.8406792331405051,0.7555555555555555,6,2.2927552919596725,HOBBIES_1,HOBBIES,CA,3.97,572.3516394850895,0.9379617247540462,B,Z,BZ,0.95,1.6448536269514722,3,2,0,5,50.0,0.2,SIMULATED,1.9760692050193374,1.8798159125745635,4.0,6.0,2,0.494921445235905,49.4921445235905,MEDIUM,0.794,135.0,2.764888358852784,9.0,True,135,5.063482766237095,REVIEW AND REORDER,2,72.62283963375103
CA_1,HOBBIES_1_159,44.93747671304994,1.6049098826089263,1.9656211998150614,0.18880972253168848,585.7921071522582,1.9777777777777779,2.288111815536885,0.35555555555555557,10,1.15690988357545,HOBBIES_1,HOBBIES,CA,3.24,1897.9664271733166,0.6935168190506624,A,Z,AZ,0.98,2.0537489106318225,3,5,0,3,50.0,0.2,SIMULATED,5.126393068065321,3.963125917908551,9.0,15.0,5,0.512721017040308,51.2721017040308,HIGH,0.6480000000000001,301.0,11.234369178262485,27.0,True,301,3.115437781736549,URGENT REPLENISHMENT,3,72.33235985817298
CA_1,HOBBIES_1_093,5.575775811132647,0.19913485039759454,0.29731917715513256,0.05554663835143703,72.68422039512201,0.3333333333333333,0.5996253511966892,0.7222222222222222,3,1.798870656978097,HOBBIES_1,HOBBIES,CA,19.96,1450.7770390866353,0.768824821194109,A,Z,AZ,0.98,2.0537489106318225,10,2,0,7,50.0,0.2,SIMULATED,1.6202981607966729,1.5864595590762063,4.0,6.0,2,0.4054213155890749,40.54213155890749,MEDIUM,3.9920000000000004,43.0,1.3939439527831619,8.0,True,43,10.04339497888904,REVIEW AND REORDER,3,72.31398550512546
CA_1,HOBBIES_1_306,7.642902540026802,0.2729608050009572,0.45319671389387006,0.08014036660783663,99.63069382534938,0.35555555555555557,0.708077173333356,0.7444444444444445,4,1.9914614490147384,HOBBIES_1,HOBBIES,CA,13.98,1392.8370996783844,0.7794300515197422,A,Z,AZ,0.98,2.0537489106318225,4,2,1,7,50.0,0.2,SIMULATED,2.3907411480059757,1.873396109681636,4.0,7.0,3,0.37250870655757395,37.250870655757396,MEDIUM,2.7960000000000003,60.0,1.9107256350067003,9.0,True,60,10.99054865932426,REVIEW AND REORDER,3,72.26513688360183
CA_1,HOBBIES_1_026,5.494577877815623,0.19623492420770083,0.28815812169250155,0.05032815392559724,71.6257473358108,0.18888888888888888,0.3936131804579367,0.8111111111111111,1,2.0838234527707975,HOBBIES_1,HOBBIES,CA,17.97,1287.11467962452,0.7944999355196318,A,Z,AZ,0.98,2.0537489106318225,10,2,0,7,50.0,0.2,SIMULATED,1.5996282223811182,1.0414025882488893,3.0,5.0,2,0.3503208541600278,35.03208541600278,MEDIUM,3.594,45.0,1.3736444694539058,7.0,True,45,10.191813797983043,REVIEW AND REORDER,3,71.85748577730965
CA_1,HOBBIES_1_168,8.522132879880775,0.30436188856717056,0.5966330837711498,0.12132867909595303,111.09208932701725,0.4444444444444444,0.7948020898610173,0.6666666666666666,4,1.7883006785107625,HOBBIES_1,HOBBIES,CA,4.83,536.5747914494933,0.9474127786541647,B,Z,BZ,0.95,1.6448536269514722,7,3,0,8,50.0,0.2,SIMULATED,3.3428975722429684,2.2480397897678603,4.0,8.0,3,0.5606162473697606,56.06162473697606,HIGH,0.9660000000000001,108.0,2.130533219970194,11.0,True,108,9.85665504136495,URGENT REPLENISHMENT,2,71.51998162729326
CA_1,HOBBIES_1_143,6.263532039620809,0.22369757284360034,0.3391963916649352,0.06454362456300847,81.64961408791413,0.2222222222222222,0.46874869954043485,0.8,2,2.1093596558135057,HOBBIES_1,HOBBIES,CA,8.77,716.0671155510069,0.9073274246875314,B,Z,BZ,0.95,1.6448536269514722,3,1,1,8,50.0,0.2,SIMULATED,2.0187255955133465,1.325821536469668,3.0,6.0,2,0.5056343808046143,50.56343808046143,HIGH,1.754,69.0,1.5658830099052023,8.0,True,69,8.940602412328786,URGENT REPLENISHMENT,2,71.43165940641192
CA_1,HOBBIES_1_230,4.09744333258646,0.14633726187808785,0.2383164228225617,0.044571041492918635,53.413100585502065,0.15555555555555556,0.36446393175876624,0.8444444444444444,1,2.3429673565162052,HOBBIES_1,HOBBIES,CA,4.48,239.29069062304927,0.9902035114614062,C,Z,CZ,0.9,1.2815515655446004,6,1,0,9,50.0,0.2,SIMULATED,1.3320465650288573,1.0933917952762986,2.0,4.0,1,0.6193160139352898,61.93160139352898,HIGH,0.8960000000000001,78.0,1.024360833146615,6.0,True,78,6.833482830574307,URGENT REPLENISHMENT,1,70.58863440127944
CA_1,HOBBIES_1_128,6.20902400425807,0.22175085729493108,0.3441234138257221,0.05847156231387174,80.93906291264985,0.4222222222222222,0.635606014951241,0.6444444444444445,3,1.505379101618225,HOBBIES_1,HOBBIES,CA,8.77,709.8355817439391,0.908676350080462,B,Z,BZ,0.95,1.6448536269514722,3,1,1,10,50.0,0.2,SIMULATED,2.4600076777500908,2.0099627017489587,4.0,7.0,2,0.5905126067263335,59.051260672633354,HIGH,1.754,68.0,1.5522560010645174,9.0,True,68,9.019090186649441,URGENT REPLENISHMENT,2,70.48454741976227
CA_1,HOBBIES_1_231,8.307340364317445,0.29669072729705165,0.48572716401039784,0.08357353526208923,108.29211546342385,0.5888888888888889,0.8981184382299693,0.6111111111111112,4,1.5251041921003763,HOBBIES_1,HOBBIES,CA,6.87,743.9668332337219,0.8976052628541572,B,Z,BZ,0.95,1.6448536269514722,7,3,0,10,50.0,0.2,SIMULATED,3.5923381622235135,2.8400998733999465,5.0,9.0,3,0.5826050832573672,58.260508325736716,HIGH,1.374,89.0,2.0768350910793614,12.0,True,89,10.11150539090145,URGENT REPLENISHMENT,2,70.2073469164458
CA_1,HOBBIES_1_080,68.75571693245023,2.4555613190160797,3.282037286397136,0.2914265403575565,896.2798814408691,1.211111111111111,2.3295582088004934,0.6222222222222222,12,1.9234868410846673,HOBBIES_1,HOBBIES,CA,0.57,510.8795324212953,0.9513508918282905,C,Z,CZ,0.9,1.2815515655446004,5,13,0,6,50.0,0.2,SIMULATED,15.702439167148473,5.706228937673161,8.0,24.0,13,0.68210548376037,68.210548376037,HIGH,0.11399999999999999,887.0,17.188929233112557,42.0,True,887,5.294103065243718,URGENT REPLENISHMENT,1,70.16119743646887
CA_1,HOBBIES_1_268,332.7762107965582,11.88486467130565,14.117448061549013,0.8027607285806738,4337.975605026562,11.933333333333334,11.892590460667876,0.03333333333333333,48,0.9965857092806285,HOBBIES_1,HOBBIES,CA,0.48,2082.2282904127496,0.6323048404092309,A,Y,AY,0.98,2.0537489106318225,4,48,48,8,50.0,0.2,SIMULATED,96.0987471148119,33.63732544245081,70.0,167.0,96,0.5011711496697375,50.11711496697375,HIGH,0.096,2126.0,83.19405269913955,251.0,True,2126,8.077499793016475,URGENT REPLENISHMENT,3,70.03612607299054
CA_1,HOBBIES_1_095,4.2602970465780965,0.15215346594921772,0.26090383083889457,0.05095763567075985,55.53601507146447,0.0,0.0,1.0,0,0.0,HOBBIES_1,HOBBIES,CA,7.68,426.5165957488471,0.957427227998497,C,X,CX,0.9,1.2815515655446004,5,1,0,9,50.0,0.2,SIMULATED,1.3785014736358328,0.0,0.0,2.0,1,1.0,100.0,HIGH,1.536,61.0,1.0650742616445241,4.0,True,61,6.572268475732778,URGENT REPLENISHMENT,1,70.0
CA_1,HOBBIES_1_214,4.941718403187591,0.1764899429709854,0.29468706157944047,0.05531202419797711,64.41882918440966,0.07777777777777778,0.30823082616320746,0.9333333333333333,2,3.9629168131679267,HOBBIES_1,HOBBIES,CA,9.88,636.4580323419675,0.9287483473361937,B,Z,BZ,0.95,1.6448536269514722,6,2,0,8,50.0,0.2,SIMULATED,1.5953828065392708,0.8718084294029437,2.0,4.0,2,0.32128357170546007,32.12835717054601,MEDIUM,1.9760000000000002,58.0,1.2354296007968977,6.0,True,58,11.332026257737171,REVIEW AND REORDER,2,69.2770143023276
CA_1,HOBBIES_1_054,4.908751166793317,0.17531254167118987,0.2644185662564986,0.051014064192152195,63.9890777099843,0.2777777777777778,0.6001456335949601,0.7666666666666667,4,2.1605165030824454,HOBBIES_1,HOBBIES,CA,2.97,190.0475607986534,0.9951302153894983,C,Z,CZ,0.9,1.2815515655446004,3,1,0,8,50.0,0.2,SIMULATED,1.5209212057370565,1.6974681888579737,3.0,5.0,1,0.62053312971631,62.053312971631,HIGH,0.5940000000000001,104.0,1.2271877916983291,7.0,True,104,5.7040659293482,URGENT REPLENISHMENT,1,68.83715281380304
CA_1,HOBBIES_1_139,28.21105772390203,1.007537775853644,1.275768680682859,0.13423719467815587,367.75128818658004,1.3111111111111111,1.3545134243443615,0.36666666666666664,5,1.033102671286035,HOBBIES_1,HOBBIES,CA,2.74,1007.6385296312294,0.8470408523341864,B,Z,BZ,0.95,1.6448536269514722,3,4,5,10,50.0,0.2,SIMULATED,10.476514823398116,4.283347542202347,8.0,19.0,9,0.6348439838597829,63.48439838597829,HIGH,0.548,260.0,7.0527644309755075,27.0,True,260,8.932658688371266,URGENT REPLENISHMENT,2,68.42166574444732
CA_1,HOBBIES_1_108,25.82523503347139,0.9223298226239782,1.174550266177774,0.12954197704005005,336.6503852577521,0.9666666666666667,1.1262945111482594,0.4444444444444444,5,1.1651310476040122,HOBBIES_1,HOBBIES,CA,12.98,4369.722000645622,0.42042397764499473,A,Z,AZ,0.98,2.0537489106318225,6,6,0,6,50.0,0.2,SIMULATED,5.5689414290583255,2.758846852410655,6.0,12.0,6,0.4379195902215396,43.79195902215396,MEDIUM,2.596,114.0,6.456308758367848,19.0,True,114,6.50525804063486,REVIEW AND REORDER,3,67.9264858893325
CA_1,HOBBIES_1_163,5.21336155798315,0.18619148421368395,0.2918363857019721,0.05242408291379528,67.95989173799464,0.25555555555555554,0.6100490146288968,0.8111111111111111,3,2.3871389771344687,HOBBIES_1,HOBBIES,CA,9.42,640.1821801719095,0.9263238620611315,B,Z,BZ,0.95,1.6448536269514722,7,2,0,7,50.0,0.2,SIMULATED,1.4984122632005494,1.6140379802680656,3.0,5.0,2,0.37798935129033107,37.798935129033104,MEDIUM,1.8840000000000001,61.0,1.3033403894957876,7.0,True,61,10.741572134054017,REVIEW AND REORDER,2,66.55075084876455
CA_1,HOBBIES_1_276,9.67627700809509,0.3455813217176818,0.6409120573519684,0.1288229651373643,126.13718242695386,0.5333333333333333,0.7063118323335538,0.5555555555555556,4,1.3243322025025335,HOBBIES_1,HOBBIES,CA,7.98,1006.5747157670918,0.8489536814863181,B,Z,BZ,0.95,1.6448536269514722,9,4,0,9,50.0,0.2,SIMULATED,4.266459816616783,2.1189354970006615,4.0,9.0,4,0.5500357761486447,55.003577614864476,HIGH,1.596,89.0,2.4190692520237724,12.0,True,89,11.574666146457975,URGENT REPLENISHMENT,2,66.24546859394403
CA_1,HOBBIES_1_094,5.146153035684359,0.18379117984586996,0.29233489934242984,0.0497842872691798,67.08378064374253,0.25555555555555554,0.7120331880775259,0.8444444444444444,4,2.7862059203671525,HOBBIES_1,HOBBIES,CA,12.97,870.0766349493406,0.8688081471379396,B,Z,BZ,0.95,1.6448536269514722,14,3,0,9,50.0,0.2,SIMULATED,1.918050851344383,2.1360995642325777,4.0,6.0,3,0.306250426767365,30.625042676736502,MEDIUM,2.5940000000000003,51.0,1.2865382589210896,8.0,True,51,16.322783714278984,REVIEW AND REORDER,2,66.23708480971342
CA_1,HOBBIES_1_064,41.45314888731159,1.4804696031182711,1.9141075866318276,0.209345471655637,540.3714051381689,1.7444444444444445,1.3620961301117547,0.18888888888888888,5,0.7808189900404383,HOBBIES_1,HOBBIES,CA,12.97,7008.617124642052,0.3067607788233398,A,Y,AY,0.98,2.0537489106318225,8,12,3,9,50.0,0.2,SIMULATED,14.701760288309028,4.086288390335264,9.0,24.0,15,0.47090883675595263,47.090883675595265,MEDIUM,2.5940000000000003,145.0,10.363287221827898,35.0,True,145,10.13191343914965,REVIEW AND REORDER,3,66.06272010576154
CA_1,HOBBIES_1_308,17.78425475687382,0.6351519556026365,0.8862995814907815,0.134052565063676,231.83046379496233,0.6444444444444445,0.8521105471236409,0.5555555555555556,3,1.3222384524080508,HOBBIES_1,HOBBIES,CA,9.98,2313.668028673724,0.628347909132391,A,Z,AZ,0.98,2.0537489106318225,9,6,0,9,50.0,0.2,SIMULATED,5.191790190425069,2.5563316413709227,6.0,12.0,6,0.3759405338492259,37.59405338492259,MEDIUM,1.9960000000000002,108.0,4.446063689218455,17.0,True,108,9.44654346181412,REVIEW AND REORDER,3,65.77881655503406
CA_1,HOBBIES_1_024,5.886832115405359,0.21024400412161998,0.3026485338791436,0.04595177107285834,76.73906150439129,0.15555555555555556,0.44749266797360754,0.8777777777777778,2,2.8767200866297773,HOBBIES_1,HOBBIES,CA,8.56,656.8863664775895,0.9201858270122637,B,Z,BZ,0.95,1.6448536269514722,14,3,0,10,50.0,0.2,SIMULATED,2.188160146103346,1.4150960670220851,3.0,6.0,3,0.283085595848944,28.3085595848944,MEDIUM,1.7120000000000002,67.0,1.4717080288513398,8.0,True,67,14.26906676110409,REVIEW AND REORDER,2,65.7523366172344
CA_1,HOBBIES_1_269,4.809795090603373,0.1717783960929776,0.2628201430463164,0.04463678015477034,62.699114573936825,0.2777777777777778,0.653904054017235,0.8111111111111111,3,2.3540461198960143,HOBBIES_1,HOBBIES,CA,11.73,735.460613952279,0.901825277532327,B,Z,BZ,0.95,1.6448536269514722,6,2,0,7,50.0,0.2,SIMULATED,1.3404300032220267,1.7300675082265504,3.0,5.0,2,0.35151278687360954,35.15127868736096,MEDIUM,2.346,52.0,1.2024487726508433,7.0,True,52,11.642839860244221,REVIEW AND REORDER,2,64.63122841137672
CA_1,HOBBIES_1_255,9.95312974599552,0.35546891949984,0.5728619188243128,0.09234707528273878,129.7461556174416,0.4888888888888889,0.9024865082802984,0.7,4,1.8459913546819304,HOBBIES_1,HOBBIES,CA,1.88,243.92277256079018,0.9897487789893028,C,Z,CZ,0.9,1.2815515655446004,7,3,0,9,50.0,0.2,SIMULATED,3.6999210826017315,2.7074595248408952,4.0,8.0,3,0.6019955741967287,60.199557419672864,HIGH,0.376,186.0,2.48828243649888,11.0,True,186,8.43953267331626,URGENT REPLENISHMENT,1,64.57964799862303
CA_1,HOBBIES_1_118,7.355794637984813,0.26270695135660044,0.4144878761636477,0.06728266015536725,95.88803724515915,0.2777777777777778,0.5811220796104177,0.7777777777777778,3,2.092031955282465,HOBBIES_1,HOBBIES,CA,11.12,1066.2749741661696,0.8353379719640701,B,Z,BZ,0.95,1.6448536269514722,3,1,2,8,50.0,0.2,SIMULATED,2.554752686515895,1.6436614527590205,3.0,6.0,3,0.3932387862555987,39.32387862555987,MEDIUM,2.2239999999999998,66.0,1.838948659496203,8.0,True,66,11.419524930662615,REVIEW AND REORDER,2,64.51464672816057
CA_1,HOBBIES_1_001,26.693874908587624,0.9533526753067009,1.2506494730816844,0.1282348587659702,347.9737264869458,0.9777777777777777,1.0807589694573079,0.3888888888888889,4,1.105320542867146,HOBBIES_1,HOBBIES,CA,8.38,2916.019827960606,0.5545507356885709,A,Z,AZ,0.98,2.0537489106318225,11,11,0,10,50.0,0.2,SIMULATED,10.043652526196443,3.4176599451414447,8.0,19.0,11,0.3898057976751804,38.980579767518044,MEDIUM,1.6760000000000002,145.0,6.673468727146906,26.0,True,145,11.538215339088318,REVIEW AND REORDER,3,64.44155328918228
CA_1,HOBBIES_1_111,8.121269225065667,0.290045329466631,0.4755001035201595,0.0790375040416485,105.8665452553203,0.4,0.7313217217300176,0.7111111111111111,3,1.82829973357571,HOBBIES_1,HOBBIES,CA,2.92,309.1303121455353,0.9808986423639611,C,Z,CZ,0.9,1.2815515655446004,2,1,1,7,50.0,0.2,SIMULATED,2.478001035789154,1.934895404077208,3.0,6.0,2,0.597562261117869,59.7562261117869,HIGH,0.584,135.0,2.030317306266417,9.0,True,135,6.89545012921839,URGENT REPLENISHMENT,1,64.13673300282925
CA_1,HOBBIES_1_292,7.6103464654001325,0.2717980880500047,0.4207395469289059,0.0768928518601096,99.20630213825171,0.5222222222222223,0.8241819611703486,0.6333333333333333,4,1.5782177545900735,HOBBIES_1,HOBBIES,CA,6.58,652.7774680696963,0.9214263228753322,B,Z,BZ,0.95,1.6448536269514722,3,1,2,8,50.0,0.2,SIMULATED,2.7974199005264837,2.331138614700725,4.0,7.0,3,0.4653747915646188,46.53747915646188,MEDIUM,1.316,87.0,1.9025866163500331,9.0,True,87,11.037564627325276,REVIEW AND REORDER,2,63.704665039777865
CA_1,HOBBIES_1_039,4.8088968487430614,0.17174631602653792,0.27165267773186663,0.05223554880148541,62.687405349686344,0.18888888888888888,0.4211926470661278,0.8222222222222222,2,2.229831620653273,HOBBIES_1,HOBBIES,CA,5.88,368.6019434561557,0.970227045178028,C,Z,CZ,0.9,1.2815515655446004,2,1,0,6,50.0,0.2,SIMULATED,1.0564270930714745,1.0317070687241752,2.0,4.0,1,0.5218084530972951,52.180845309729506,HIGH,1.176,74.0,1.2022242121857654,6.0,True,74,5.822507292314732,URGENT REPLENISHMENT,1,63.60682339237044
CA_1,HOBBIES_1_097,5.295228454011496,0.189115301928982,0.2790233413018407,0.04672539038040418,69.02708520407843,0.23333333333333334,0.4983117565757134,0.8,2,2.1356126612702235,HOBBIES_1,HOBBIES,CA,4.24,292.67484126529257,0.9826114554160996,C,Z,CZ,0.9,1.2815515655446004,4,1,1,10,50.0,0.2,SIMULATED,2.0710335015247745,1.5758001356186422,3.0,6.0,2,0.5179773260138945,51.79773260138945,HIGH,0.8480000000000001,91.0,1.323807113502874,8.0,True,91,10.57550290271143,URGENT REPLENISHMENT,1,62.4347661735359
CA_1,HOBBIES_1_045,5.779756730189015,0.20641988322103624,0.3275674905140744,0.0567587831245069,75.34325737567823,0.45555555555555555,0.7812567103332291,0.6777777777777778,4,1.7149499898656473,HOBBIES_1,HOBBIES,CA,10.58,797.1316630346757,0.8844143639315849,B,Z,BZ,0.95,1.6448536269514722,7,2,0,7,50.0,0.2,SIMULATED,1.5857373835479436,2.06701096564215,4.0,6.0,2,0.4205775201426625,42.05775201426625,MEDIUM,2.116,60.0,1.4449391825472537,8.0,True,60,9.68894216898778,REVIEW AND REORDER,2,62.38415110721622
CA_1,HOBBIES_1_033,5.0275791303384425,0.17955639751208724,0.2944871162741374,0.05428147545001469,65.53808509191184,0.3333333333333333,0.6180796646955087,0.7333333333333333,3,1.854233431386232,HOBBIES_1,HOBBIES,CA,16.86,1104.9721146496336,0.8188812726417286,B,Z,BZ,0.95,1.6448536269514722,5,1,0,4,50.0,0.2,SIMULATED,0.6622566487790533,1.2361593293910174,3.0,4.0,1,0.39234208476616683,39.234208476616686,MEDIUM,3.372,45.0,1.2568947825846106,6.0,True,45,5.569249798982429,REVIEW AND REORDER,2,62.08285939983233
CA_1,HOBBIES_1_145,44.51656424603995,1.5898772945014268,2.0324934284484737,0.19882874320872412,580.3052124930208,0.6333333333333333,2.17467548915834,0.8333333333333334,12,3.4336927191562436,HOBBIES_1,HOBBIES,CA,1.28,742.7906719910667,0.8990168139581736,B,Z,BZ,0.95,1.6448536269514722,7,12,0,5,50.0,0.2,SIMULATED,7.924405373630464,4.862722222760656,8.0,16.0,12,0.20097877567034594,20.097877567034594,MEDIUM,0.256,477.0,11.129141061509987,28.0,True,477,7.5477475486657335,REVIEW AND REORDER,2,62.05872654022076
CA_1,HOBBIES_1_007,6.66261460194272,0.2379505214979543,0.37594129249360075,0.06662589729465906,86.85194034675331,0.36666666666666664,0.5698412946808924,0.6777777777777778,2,1.5541083833795704,HOBBIES_1,HOBBIES,CA,7.88,684.3932899324161,0.913900874798335,B,Z,BZ,0.95,1.6448536269514722,8,2,1,10,50.0,0.2,SIMULATED,2.7359796539864543,1.8019963960108125,3.0,6.0,3,0.4417572398357992,44.175723983579914,MEDIUM,1.576,75.0,1.66565365048568,8.0,True,75,12.607610075843922,REVIEW AND REORDER,2,62.04651822394366
CA_1,HOBBIES_1_041,5.5342438145322825,0.19765156480472437,0.2992370306978215,0.048664528317297916,72.1428211537244,0.3,0.5892291669935859,0.7555555555555555,3,1.964090676343032,HOBBIES_1,HOBBIES,CA,4.22,304.44270526871696,0.9814771854891459,C,Z,CZ,0.9,1.2815515655446004,4,1,1,10,50.0,0.2,SIMULATED,2.1855642422432195,1.86330623150344,3.0,6.0,2,0.5396645666905683,53.966456669056825,HIGH,0.844,93.0,1.3835609536330706,8.0,True,93,10.118765734084697,URGENT REPLENISHMENT,1,62.02078076486441
CA_1,HOBBIES_1_079,18.53577787973795,0.6619920671334982,0.8896700731309279,0.10963620419134446,241.62710450372686,0.7666666666666667,0.8217547680886339,0.4666666666666667,3,1.0718526472643304,HOBBIES_1,HOBBIES,CA,7.88,1904.0215834893677,0.6899100470398062,A,Z,AZ,0.98,2.0537489106318225,8,6,0,8,50.0,0.2,SIMULATED,5.135412268552287,2.324273475951407,5.0,11.0,6,0.3549531519703195,35.49531519703195,MEDIUM,1.576,124.0,4.633944469934487,16.0,True,124,9.063539027652737,REVIEW AND REORDER,3,62.01571559086248
CA_1,HOBBIES_1_242,30.92425110425241,1.104437539437586,1.393113281318668,0.12659753516527963,403.1197018947189,1.0333333333333334,1.3528995079649062,0.4777777777777778,6,1.3092563213308885,HOBBIES_1,HOBBIES,CA,2.78,1120.6727712673185,0.8146645461690698,B,Z,BZ,0.95,1.6448536269514722,2,3,5,7,50.0,0.2,SIMULATED,7.824975704497447,3.5794356469367905,6.0,14.0,8,0.4805006196215744,48.05006196215744,MEDIUM,0.5559999999999999,270.0,7.731062776063102,22.0,True,270,7.243499492578234,REVIEW AND REORDER,2,61.92260039060335
CA_1,HOBBIES_1_303,5.329437736216678,0.1903370620077385,0.3052833091533276,0.05674474303561003,69.47302763282455,0.044444444444444446,0.4216370213557839,0.9888888888888889,4,9.486619531565678,HOBBIES_1,HOBBIES,CA,8.56,594.6891165369782,0.9357683768569269,B,Z,BZ,0.95,1.6448536269514722,6,2,1,9,50.0,0.2,SIMULATED,1.9210734147782202,1.2649110640673518,3.0,5.0,3,0.19683897996914568,19.683897996914567,LOW,1.7120000000000002,64.0,1.3323594340541696,7.0,True,64,15.761429786324241,REORDER,2,61.81033879814874
CA_1,HOBBIES_1_262,13.697086250841142,0.48918165181575507,0.7832505513973083,0.11093231013050436,178.5513029127506,0.7,0.7562473883323833,0.45555555555555555,3,1.0803518685435924,HOBBIES_1,HOBBIES,CA,8.98,1603.3907001565005,0.7459329378221635,A,Z,AZ,0.98,2.0537489106318225,12,6,0,9,50.0,0.2,SIMULATED,4.997355391528619,2.2687421649971498,5.0,10.0,6,0.3292668391081699,32.92668391081699,MEDIUM,1.7960000000000003,100.0,3.4242715627102855,14.0,True,100,12.2653572806172,REVIEW AND REORDER,3,60.55952903192612
CA_1,HOBBIES_1_199,5.8633679743010925,0.20940599908218188,0.3321317773725697,0.06491847669352713,76.43318966499639,0.4,0.6499783920349655,0.6777777777777778,3,1.6249419177326196,HOBBIES_1,HOBBIES,CA,3.98,304.20409486668564,0.9820552751746348,C,Z,CZ,0.9,1.2815515655446004,8,2,0,9,50.0,0.2,SIMULATED,2.2957270812216954,1.9499351761048966,3.0,6.0,2,0.5602724285239629,56.027242852396284,HIGH,0.796,98.0,1.4658419935752731,8.0,True,98,9.550779146665958,URGENT REPLENISHMENT,1,59.86576488876397
CA_1,HOBBIES_1_013,8.39241145141238,0.299728980407585,0.4867959071869158,0.09778101974977525,109.40107784876852,0.37777777777777777,0.6284952205047015,0.7,2,1.6636594151786994,HOBBIES_1,HOBBIES,CA,1.97,215.52012336207397,0.993254362037286,C,Z,CZ,0.9,1.2815515655446004,7,3,0,8,50.0,0.2,SIMULATED,3.236850773934,1.7776529294488357,3.0,7.0,3,0.5529973877391583,55.29973877391583,HIGH,0.394,167.0,2.098102862853095,10.0,True,167,10.009008761554245,URGENT REPLENISHMENT,1,59.816437416136495
CA_1,HOBBIES_1_129,24.063367507051115,0.8594059823946827,1.1241887311676744,0.12782003698367642,313.68318357405917,0.9222222222222223,1.1140348548979921,0.4444444444444444,5,1.2079882918297955,HOBBIES_1,HOBBIES,CA,4.88,1530.7739358414087,0.7547392556558492,A,Z,AZ,0.98,2.0537489106318225,12,11,0,10,50.0,0.2,SIMULATED,9.04461673776182,3.5228875342928427,8.0,18.0,11,0.2894297902015591,28.942979020155914,MEDIUM,0.976,180.0,6.015841876762779,25.0,True,180,12.79952365449627,REVIEW AND REORDER,3,59.4456703303915
CA_1,HOBBIES_1_229,4.924984292524041,0.1758922961615729,0.2887301464749067,0.0576093458395947,64.20068809897411,0.16666666666666666,0.4559223273095164,0.8666666666666667,2,2.7355175507517937,HOBBIES_1,HOBBIES,CA,6.47,415.3784520003625,0.9598152287196421,C,Z,CZ,0.9,1.2815515655446004,7,2,0,8,50.0,0.2,SIMULATED,1.5617459960203204,1.2895430773396468,2.0,4.0,2,0.36698393152688036,36.698393152688034,MEDIUM,1.294,71.0,1.2312460731310102,6.0,True,71,11.370529995428766,REVIEW AND REORDER,1,59.37421139913076
CA_1,HOBBIES_1_216,5.8625123431896125,0.20937544082820045,0.33849956720939656,0.057081264462417354,76.42203590229316,0.4,1.2434095929058684,0.8333333333333334,8,3.1085162109741438,HOBBIES_1,HOBBIES,CA,1.77,135.2670035470589,0.997634223291188,C,Z,CZ,0.9,1.2815515655446004,9,2,0,4,50.0,0.2,SIMULATED,0.7936602990639845,2.4868191858117368,4.0,5.0,2,0.31380502868507487,31.380502868507488,MEDIUM,0.35400000000000004,147.0,1.4656280857974031,7.0,True,147,9.552173072046148,REVIEW AND REORDER,1,58.828301721104495
CA_1,HOBBIES_1_113,4.875049444649458,0.17410890873748067,0.2643622746642006,0.04520048602457624,63.54975168918045,0.16666666666666666,0.4559223273095164,0.8666666666666667,2,2.7355175507517937,HOBBIES_1,HOBBIES,CA,1.47,93.41813498309526,0.9992352793566811,C,Z,CZ,0.9,1.2815515655446004,9,2,0,8,50.0,0.2,SIMULATED,1.512047707428005,1.2895430773396468,2.0,4.0,2,0.35256984669566505,35.256984669566506,MEDIUM,0.294,148.0,1.2187623611623646,6.0,True,148,11.486997003803838,REVIEW AND REORDER,1,58.50936630925784
CA_1,HOBBIES_1_275,4.918561063304967,0.17566289511803454,0.2654060386346959,0.05171859379539246,64.1169567180826,0.022222222222222223,0.14823135407896973,0.9777777777777777,1,6.670110778568602,HOBBIES_1,HOBBIES,CA,12.88,825.826402528904,0.8767468318024924,B,Z,BZ,0.95,1.6448536269514722,2,1,0,4,50.0,0.2,SIMULATED,0.6799866476154546,0.29646270815793946,1.0,2.0,1,0.1401960792621748,14.019607926217482,LOW,2.5760000000000005,50.0,1.2296402658262418,4.0,True,50,5.692689435857414,REORDER,2,58.41176475573049
CA_1,HOBBIES_1_283,7.6732346885588925,0.27404409601996044,0.4429376558568465,0.08990624485973003,100.02609504728557,0.4444444444444444,0.6379586670967369,0.6333333333333333,2,1.4354037713091727,HOBBIES_1,HOBBIES,CA,10.98,1098.2865236191956,0.8251583280249385,B,Z,BZ,0.95,1.6448536269514722,10,3,1,10,50.0,0.2,SIMULATED,3.489192400042711,2.017402441070807,4.0,8.0,4,0.40005658393162624,40.005658393162626,MEDIUM,2.196,68.0,1.9183086721397231,10.0,True,68,14.596137855021697,REVIEW AND REORDER,2,58.357432748989304
CA_1,HOBBIES_1_175,4.110535407957101,0.1468048359984679,0.23959257991210148,0.045798948124215366,53.58376513944078,0.07777777777777778,0.34275086040681646,0.9444444444444444,2,4.40674011857183,HOBBIES_1,HOBBIES,CA,1.97,105.56001732469834,0.9990577536060992,C,Z,CZ,0.9,1.2815515655446004,6,1,1,10,50.0,0.2,SIMULATED,1.446648433254714,1.0838733888679664,2.0,4.0,2,0.30483955670975404,30.483955670975405,MEDIUM,0.394,117.0,1.0276338519892751,6.0,True,117,13.623436605210113,REVIEW AND REORDER,1,58.290373402585246
CA_1,HOBBIES_1_068,19.985357223744124,0.7137627579908615,0.919759998417399,0.10435318098507222,260.52340666666447,0.8777777777777778,1.1200699995960102,0.5,5,1.2760276597614117,HOBBIES_1,HOBBIES,CA,7.0,1823.6638466666514,0.7039946960063759,A,Z,AZ,0.98,2.0537489106318225,6,5,2,7,50.0,0.2,SIMULATED,5.027355846287261,2.9634266699152594,7.0,13.0,7,0.25281319221979703,25.281319221979704,MEDIUM,1.4000000000000001,137.0,4.996339305936031,18.0,True,137,9.807166477188412,REVIEW AND REORDER,3,57.92906813080194
CA_1,HOBBIES_1_019,263.0324483173481,9.39401601133386,10.940160417463966,0.6816777578268735,3428.815844136859,6.311111111111111,8.542878556579126,0.4,32,1.353624908918802,HOBBIES_1,HOBBIES,CA,0.48,1645.8316051856923,0.7336192809143818,A,Z,AZ,0.98,2.0537489106318225,11,104,0,9,50.0,0.2,SIMULATED,85.78870508113654,25.628635669737378,53.0,139.0,104,0.23867107311674696,23.867107311674694,MEDIUM,0.096,1890.0,65.75811207933702,205.0,True,1890,11.070876268855404,REVIEW AND REORDER,3,57.85651347619284
CA_1,HOBBIES_1_258,30.97007219608278,1.1060740070029564,1.392857274694988,0.13294744602356248,403.7170125560791,1.1888888888888889,1.160147650855385,0.3333333333333333,4,0.9758243061009075,HOBBIES_1,HOBBIES,CA,11.78,4755.786407910612,0.38573017519014574,A,Y,AY,0.98,2.0537489106318225,3,4,3,5,50.0,0.2,SIMULATED,5.63507362639611,2.594169011249333,6.0,12.0,7,0.29939141317895024,29.939141317895025,MEDIUM,2.356,131.0,7.7425180490206955,20.0,True,131,6.328684723622265,REVIEW AND REORDER,3,57.72172785174609
CA_1,HOBBIES_1_248,32.04066404283053,1.1443094301010903,1.4882752549032219,0.1687639856361399,417.67294198689797,0.9333333333333333,1.4284430118847047,0.5777777777777777,7,1.530473015798238,HOBBIES_1,HOBBIES,CA,0.94,392.6125654676841,0.9666545648009364,C,Z,CZ,0.9,1.2815515655446004,9,11,0,10,50.0,0.2,SIMULATED,11.362921892356432,4.517133425306636,6.0,18.0,11,0.5320179322815641,53.20179322815641,HIGH,0.188,472.0,8.010166010707632,27.0,True,472,9.612776140673857,URGENT REPLENISHMENT,1,57.22580609487623
CA_1,HOBBIES_1_197,4.111041071109995,0.14682289539678556,0.2390504963688843,0.045377195444536944,53.59035681982673,0.14444444444444443,0.35350924883761226,0.8555555555555555,1,2.4473547794965347,HOBBIES_1,HOBBIES,CA,12.84,688.1001815665752,0.9112971070239633,B,Z,BZ,0.95,1.6448536269514722,11,2,0,8,50.0,0.2,SIMULATED,1.2017307939189386,0.9998751482609531,2.0,4.0,2,0.21232822737977242,21.23282273797724,MEDIUM,2.568,46.0,1.0277602677774988,6.0,True,46,13.621760917016143,REVIEW AND REORDER,2,57.2132414377517
CA_1,HOBBIES_1_140,23.91395596271698,0.8540698558113207,1.1264350475607345,0.14039945739566032,311.73549737113206,0.9,1.9833577249625292,0.7666666666666667,9,2.2037283569268578,HOBBIES_1,HOBBIES,CA,1.12,349.14375705566795,0.9729103931908977,C,Z,CZ,0.9,1.2815515655446004,10,9,0,9,50.0,0.2,SIMULATED,7.630980488178345,5.950073174887588,8.0,16.0,9,0.40901306101424084,40.90130610142408,MEDIUM,0.22400000000000003,374.0,5.978488990679245,22.0,True,374,10.537767374640703,REVIEW AND REORDER,1,56.578067230123025
CA_1,HOBBIES_1_298,33.07470074399741,1.1812393122856217,1.555196898775498,0.16432543004326763,431.15234898425194,0.9333333333333333,1.1197913128211272,0.4888888888888889,5,1.1997751211207208,HOBBIES_1,HOBBIES,CA,3.94,1698.7402549979527,0.7273600590413346,A,Z,AZ,0.98,2.0537489106318225,12,15,0,10,50.0,0.2,SIMULATED,12.495430027812278,3.5410910525848722,8.0,21.0,15,0.23969386909091206,23.969386909091206,MEDIUM,0.788,234.0,8.268675185999353,30.0,True,234,12.698516841992967,REVIEW AND REORDER,3,56.37938335666193
CA_1,HOBBIES_1_003,18.607338789221025,0.6645478139007509,0.8723494901333815,0.10121480797474697,242.55995207377407,0.45555555555555555,0.8232726023485645,0.6444444444444445,6,1.8071797942729104,HOBBIES_1,HOBBIES,CA,2.97,720.403057659109,0.9059666572928675,B,Z,BZ,0.95,1.6448536269514722,2,2,3,6,50.0,0.2,SIMULATED,3.9512891374994767,2.0165977949672227,4.0,8.0,5,0.3015179611454576,30.15179611454576,MEDIUM,0.5940000000000001,203.0,4.651834697305256,13.0,True,203,7.523901774274689,REVIEW AND REORDER,2,56.162875611456556
CA_1,HOBBIES_1_289,4.927496733266572,0.17598202618809183,0.2781994555979094,0.05379940183282388,64.23343955865352,0.16666666666666666,0.5028011423654931,0.8777777777777778,3,3.016788753460438,HOBBIES_1,HOBBIES,CA,4.97,319.24019460650794,0.978529490017049,C,Z,CZ,0.9,1.2815515655446004,3,1,0,3,50.0,0.2,SIMULATED,0.46137933417770016,0.8708771246807063,2.0,3.0,1,0.26812926863670816,26.812926863670818,MEDIUM,0.994,81.0,1.231874183316643,5.0,True,81,5.682366201222118,REVIEW AND REORDER,1,56.08775611820249
CA_1,HOBBIES_1_126,29.23919706595994,1.0442570380699978,1.37125556568194,0.1454464444280438,381.1538188955492,1.2444444444444445,1.2114724174438372,0.3,6,0.9735038388803559,HOBBIES_1,HOBBIES,CA,9.58,3651.453585019361,0.4736715594682972,A,Y,AY,0.98,2.0537489106318225,9,10,0,7,50.0,0.2,SIMULATED,8.034868220542357,3.2052547367706214,7.0,16.0,10,0.26990613115520956,26.990613115520958,MEDIUM,1.9160000000000001,142.0,7.309799266489985,24.0,True,142,9.576177185556592,REVIEW AND REORDER,3,55.92940625811613
CA_1,HOBBIES_1_218,5.9294946069598975,0.21176766453428206,0.3378002632360416,0.05494632882548917,77.29519755501295,0.32222222222222224,0.7003655189790411,0.7888888888888889,3,2.1735414168753855,HOBBIES_1,HOBBIES,CA,10.58,817.783190132037,0.8783008938126987,B,Z,BZ,0.95,1.6448536269514722,13,3,1,10,50.0,0.2,SIMULATED,2.398368486768169,2.214750234619655,4.0,7.0,4,0.23478902930612688,23.478902930612687,MEDIUM,2.116,61.0,1.4823736517399744,9.0,True,61,18.888535793511895,REVIEW AND REORDER,2,55.82275592712147
CA_1,HOBBIES_1_294,4.844412853515902,0.17301474476842507,0.27042871512943156,0.047868555189431894,63.15038184047515,0.13333333333333333,0.37326377094037566,0.8777777777777778,2,2.7994572861231717,HOBBIES_1,HOBBIES,CA,3.88,245.02348154104357,0.989285244009818,C,Z,CZ,0.9,1.2815515655446004,9,2,0,8,50.0,0.2,SIMULATED,1.433151861790575,1.0557493744128073,2.0,4.0,2,0.2956630131932635,29.56630131932635,MEDIUM,0.776,91.0,1.2111032133789754,6.0,True,91,11.559641596069325,REVIEW AND REORDER,1,55.73435365282752
CA_1,HOBBIES_1_028,18.540302311194615,0.6621536539712363,0.8439573091044469,0.09764507214490742,241.68608369950124,0.6666666666666666,0.7343880736345254,0.45555555555555555,4,1.101580458081101,HOBBIES_1,HOBBIES,CA,7.98,1928.65494792202,0.6826430325194652,A,Z,AZ,0.98,2.0537489106318225,12,8,0,10,50.0,0.2,SIMULATED,6.390612267723398,2.322338999148551,5.0,12.0,8,0.24415385618739638,24.415385618739638,MEDIUM,1.596,124.0,4.635075577798654,17.0,True,124,12.081769647046107,REVIEW AND REORDER,3,55.665035952054794
CA_1,HOBBIES_1_062,4.982197406139039,0.1779356216478228,0.2796322160540359,0.054818928337149526,64.94650190145532,0.1,0.368720837734695,0.9222222222222223,2,3.6871715056318934,HOBBIES_1,HOBBIES,CA,0.97,62.99810684441166,0.9999999999999996,C,Z,CZ,0.9,1.2815515655446004,2,1,1,7,50.0,0.2,SIMULATED,1.3748379971428855,0.9755436398534035,2.0,4.0,2,0.2608151136240183,26.081511362401834,MEDIUM,0.194,183.0,1.2455493515347598,6.0,True,183,11.239957134616484,REVIEW AND REORDER,1,55.6489068174411
CA_1,HOBBIES_1_203,7.9346813464772765,0.2833814766599027,0.47794923065113193,0.0876970452711493,103.43423898086449,0.4666666666666667,0.7818158063483877,0.6666666666666666,4,1.6753159950694128,HOBBIES_1,HOBBIES,CA,12.98,1342.5764219716211,0.784568672665345,A,Z,AZ,0.98,2.0537489106318225,2,1,2,4,50.0,0.2,SIMULATED,1.367441961363645,1.5636316126967753,4.0,6.0,3,0.14822396065025178,14.822396065025178,LOW,2.596,64.0,1.983670336619319,8.0,True,64,10.586399114580418,REORDER,3,55.64659758970923
CA_1,HOBBIES_1_149,4.278972435792287,0.15282044413543883,0.2615955478865888,0.051128166679870815,55.77946210943517,0.16666666666666666,0.5658840155907602,0.9,3,3.39528372184223,HOBBIES_1,HOBBIES,CA,1.56,87.01596089071887,0.9995733929444184,C,Z,CZ,0.9,1.2815515655446004,13,2,0,7,50.0,0.2,SIMULATED,1.0344962110149036,1.497188376159749,2.0,4.0,2,0.25950313707305184,25.950313707305185,MEDIUM,0.31200000000000006,134.0,1.0697431089480718,6.0,True,134,13.087168566654096,REVIEW AND REORDER,1,55.57018822438311
CA_1,HOBBIES_1_105,5.638395656070211,0.20137127343107894,0.3346126188807088,0.06443639411341624,73.50051480234382,0.32222222222222224,0.731748372324463,0.7888888888888889,4,2.2709361767222678,HOBBIES_1,HOBBIES,CA,6.68,490.98343887965666,0.9522839248365627,C,Z,CZ,0.9,1.2815515655446004,12,3,0,10,50.0,0.2,SIMULATED,2.2977386205395316,2.313991530666223,3.0,6.0,3,0.38076019454266496,38.07601945426649,MEDIUM,1.336,75.0,1.4095989140175527,8.0,True,75,14.897780855748103,REVIEW AND REORDER,1,55.55497343978257
CA_1,HOBBIES_1_156,32.63877323412726,1.165670472647402,1.496620501606759,0.14098908071889205,425.4697225163018,1.0777777777777777,2.0621129001545397,0.4888888888888889,15,1.9132988537836264,HOBBIES_1,HOBBIES,CA,1.77,753.0814088538541,0.894777118997069,B,Z,BZ,0.95,1.6448536269514722,10,12,0,7,50.0,0.2,SIMULATED,8.71192472757037,5.455837909147079,9.0,18.0,12,0.27336378968593444,27.336378968593444,MEDIUM,0.35400000000000004,347.0,8.159693308531814,27.0,True,347,10.294495731928938,REVIEW AND REORDER,2,55.53481591899234
CA_1,HOBBIES_1_209,111.22080869061526,3.972171738950545,4.8000049601554,0.34008409934897355,1449.842684716949,3.977777777777778,4.8574691190163275,0.2,26,1.2211511475080061,HOBBIES_1,HOBBIES,CA,0.7,1014.8898793018642,0.8432104985011296,B,Z,BZ,0.95,1.6448536269514722,9,36,0,8,50.0,0.2,SIMULATED,32.081821134375616,13.73899741384276,23.0,56.0,36,0.38775056771343086,38.77505677134309,MEDIUM,0.13999999999999999,1018.0,27.805202172653814,84.0,True,1018,9.063049964315313,REVIEW AND REORDER,2,55.47654553788591
CA_1,HOBBIES_1_304,5.1816580774168735,0.18505921705060263,0.29631115348802395,0.05454115592540634,67.54661422346996,0.2111111111111111,0.5900760652632034,0.8555555555555555,3,2.795083911375594,HOBBIES_1,HOBBIES,CA,3.98,268.8355246094104,0.9868140759867552,C,Z,CZ,0.9,1.2815515655446004,12,3,0,10,50.0,0.2,SIMULATED,1.9618374485586245,1.865984358981887,3.0,5.0,3,0.2889817490749329,28.898174907493292,MEDIUM,0.796,93.0,1.2954145193542184,7.0,True,93,16.21093959475733,REVIEW AND REORDER,1,55.28974405825191
CA_1,HOBBIES_1_069,6.203911724636145,0.2215682758798623,0.3409300450641354,0.06429283412169544,80.87242069614975,0.4222222222222222,0.5992088000167206,0.6333333333333333,2,1.4191753756768697,HOBBIES_1,HOBBIES,CA,13.23,1069.9421258100613,0.8312840743993517,B,Z,BZ,0.95,1.6448536269514722,13,3,0,9,50.0,0.2,SIMULATED,2.2860497005870206,1.7976264000501618,3.0,6.0,3,0.3456237133214912,34.56237133214912,MEDIUM,2.6460000000000004,56.0,1.5509779311590361,8.0,True,56,13.539783384166668,REVIEW AND REORDER,2,54.929176556058174
CA_1,HOBBIES_1_238,6.982414715914224,0.2493719541397937,0.45170841927353433,0.07802974277783048,91.0207632610247,0.37777777777777777,0.6103559060784896,0.6888888888888889,2,1.6156437099744168,HOBBIES_1,HOBBIES,CA,5.94,540.6633337704867,0.9463931068033758,B,Z,BZ,0.95,1.6448536269514722,11,3,1,10,50.0,0.2,SIMULATED,3.048699654259886,1.9301148465438371,4.0,8.0,4,0.3110513733709974,31.10513733709974,MEDIUM,1.1880000000000002,88.0,1.745603678978556,10.0,True,88,16.04023184389786,REVIEW AND REORDER,2,54.81951950200401
CA_1,HOBBIES_1_088,11.9061812450498,0.42522075875177856,0.7071624434019408,0.11687227211001155,155.20557694439918,0.25555555555555554,0.893938528302992,0.9,5,3.4980066402900727,HOBBIES_1,HOBBIES,CA,2.57,398.8783327471059,0.9644088542104642,C,Z,CZ,0.9,1.2815515655446004,11,5,0,7,50.0,0.2,SIMULATED,3.369061393036538,2.365139033268792,4.0,8.0,5,0.24523103155771242,24.523103155771242,MEDIUM,0.514,174.0,2.97654531126245,11.0,True,174,11.758570433171858,REVIEW AND REORDER,1,54.71386189346275
CA_1,HOBBIES_1_221,5.25965359819406,0.18784477136407357,0.27739367611774735,0.04807477581937297,68.56334154788685,0.24444444444444444,0.5670961139849919,0.8111111111111111,3,2.319929157501141,HOBBIES_1,HOBBIES,CA,2.97,203.63312439722395,0.9936413331886426,C,Z,CZ,0.9,1.2815515655446004,8,2,0,7,50.0,0.2,SIMULATED,1.4552577823351769,1.500395287075427,2.0,4.0,2,0.35827786519880034,35.827786519880036,MEDIUM,0.5940000000000001,108.0,1.314913399548515,6.0,True,108,10.64703232591644,REVIEW AND REORDER,1,54.69596348693943
CA_1,HOBBIES_1_206,39.35215732847923,1.4054341903028296,1.8157085143726897,0.17642792027132137,512.9834794605327,1.5,1.1242975334937921,0.2,5,0.7495311893084019,HOBBIES_1,HOBBIES,CA,2.72,1395.3150641326492,0.7741322227801731,A,Y,AY,0.98,2.0537489106318225,3,5,0,3,50.0,0.2,SIMULATED,3.90339133710295,1.9473404508356194,4.0,8.0,5,0.2866726866572509,28.66726866572509,MEDIUM,0.544,308.0,9.838039332119807,18.0,True,308,3.5576169107610354,REVIEW AND REORDER,3,54.69567309251907
CA_1,HOBBIES_1_061,4.3428992429381985,0.15510354439064994,0.2469022454566231,0.045031861136430464,56.612793702587226,0.07777777777777778,0.2693219858921545,0.9222222222222223,1,3.4626667271840654,HOBBIES_1,HOBBIES,CA,2.83,160.21420617832186,0.9967797067176828,C,Z,CZ,0.9,1.2815515655446004,7,2,0,9,50.0,0.2,SIMULATED,1.4229766820749836,0.8079659576764635,2.0,4.0,2,0.2375616945271677,23.75616945271677,MEDIUM,0.5660000000000001,101.0,1.0857248107345496,6.0,True,101,12.894528705508158,REVIEW AND REORDER,1,54.25370167163006
CA_1,HOBBIES_1_047,25.959625006886412,0.9271294645316576,1.2471732496067425,0.1574739607230278,338.402254554055,0.7333333333333333,1.592115404320352,0.6666666666666666,10,2.1710634998957077,HOBBIES_1,HOBBIES,CA,1.77,598.9719905606773,0.9346382683207707,B,Z,BZ,0.95,1.6448536269514722,9,9,2,8,50.0,0.2,SIMULATED,7.305850488916077,4.503182395305932,8.0,16.0,11,0.20601059377137465,20.601059377137464,MEDIUM,0.35400000000000004,310.0,6.489906251721603,23.0,True,310,11.864565366813482,REVIEW AND REORDER,2,54.071270625239556
CA_1,HOBBIES_1_057,18.53086138948238,0.6618164781957993,0.8700674166447085,0.10367216777742409,241.5630145414667,0.5888888888888889,0.7327713202222945,0.5444444444444444,3,1.244326543973916,HOBBIES_1,HOBBIES,CA,4.88,1178.8275109623576,0.8060313566763784,B,Z,BZ,0.95,1.6448536269514722,9,6,0,8,50.0,0.2,SIMULATED,5.247188170575065,2.0725902783528145,4.0,10.0,6,0.3582192672389062,35.82192672389062,MEDIUM,0.976,158.0,4.632715347370595,15.0,True,158,9.065943704534341,REVIEW AND REORDER,2,53.936421474073526
CA_1,HOBBIES_1_278,145.66534346480964,5.202333695171773,6.317193527923485,0.617462271396552,1898.8517987376972,4.6,8.571968950328346,0.5,48,1.8634711058385305,HOBBIES_1,HOBBIES,CA,0.57,1082.3455252804872,0.8272151470975874,B,Z,BZ,0.95,1.6448536269514722,10,53,11,9,50.0,0.2,SIMULATED,46.871891699270634,25.715906850985036,43.0,90.0,64,0.2526892162619978,25.26892162619978,MEDIUM,0.11399999999999999,1291.0,36.41633586620241,127.0,True,1291,12.302168881867148,REVIEW AND REORDER,2,53.79606403410517
CA_1,HOBBIES_1_274,4.916921384475426,0.17560433515983664,0.265295902417813,0.0517115118491109,64.09558233334037,0.022222222222222223,0.14823135407896973,0.9777777777777777,1,6.670110778568602,HOBBIES_1,HOBBIES,CA,9.88,633.2643534534029,0.9299517617447987,B,Z,BZ,0.95,1.6448536269514722,5,1,1,7,50.0,0.2,SIMULATED,1.3872882442423653,0.3921832993953137,1.0,3.0,2,0.05910752912706463,5.910752912706463,LOW,1.9760000000000002,57.0,1.2292303461188565,5.0,True,57,11.389175608927783,REORDER,2,53.54645174762388
CA_1,HOBBIES_1_127,25.47299307845735,0.9097497528020482,1.2342752886485011,0.15514186807990957,332.0586597727476,0.4888888888888889,1.1731494578428416,0.7888888888888889,6,2.3996189827306207,HOBBIES_1,HOBBIES,CA,1.22,405.11156492275205,0.9613556320702331,C,Z,CZ,0.9,1.2815515655446004,3,3,0,3,50.0,0.2,SIMULATED,2.0737884772479593,2.0319544658556845,3.0,6.0,3,0.32425864195643883,32.42586419564388,MEDIUM,0.244,369.0,6.368248269614337,13.0,True,369,3.2976065045947447,REVIEW AND REORDER,1,53.451708344692534
CA_1,HOBBIES_1_125,13.344397809497083,0.47658563605346727,0.6848090131238977,0.10878087364687188,173.95375715951556,0.4888888888888889,0.8512310245629721,0.7,3,1.7411508069794288,HOBBIES_1,HOBBIES,CA,11.73,2040.4775714811176,0.6675686461336396,A,Z,AZ,0.98,2.0537489106318225,13,7,0,7,50.0,0.2,SIMULATED,4.023623442105427,2.252145599256338,5.0,10.0,7,0.09315506072009372,9.315506072009372,LOW,2.346,87.0,3.336099452374271,14.0,True,87,14.68778071069262,REORDER,3,53.00081171299991
CA_1,HOBBIES_1_066,24.64848627606018,0.8803030812878635,1.2037132778583395,0.14357218841504654,321.3106246700702,0.7888888888888889,1.5102231730639766,0.7,6,1.9143649758156347,HOBBIES_1,HOBBIES,CA,1.25,401.63828083758773,0.9636508517581069,C,Z,CZ,0.9,1.2815515655446004,4,4,4,8,50.0,0.2,SIMULATED,6.875775319442159,4.271556187114411,6.0,13.0,8,0.39620262765838565,39.62026276583857,MEDIUM,0.25,359.0,6.162121569015045,20.0,True,359,9.087768840394553,REVIEW AND REORDER,1,52.91580741765948
CA_1,HOBBIES_1_160,10.922357513365327,0.3900841969059045,0.6371509305836907,0.10343791797799558,142.38073187065515,0.5666666666666667,0.6712390019604112,0.5222222222222223,3,1.1845373248642699,HOBBIES_1,HOBBIES,CA,19.96,2841.919408138277,0.559951334577798,A,Z,AZ,0.98,2.0537489106318225,11,5,1,9,50.0,0.2,SIMULATED,4.190210946905471,2.0137170058812335,5.0,10.0,6,0.18439809215843306,18.439809215843304,LOW,3.9920000000000004,60.0,2.7305893783413318,13.0,True,60,15.381255293948792,REORDER,3,52.90925877814868
CA_1,HOBBIES_1_142,27.787125807009378,0.9923973502503349,1.2906520582370073,0.149222908824432,362.22503284137224,1.2555555555555555,1.2681146858346304,0.35555555555555557,6,1.0100020426985212,HOBBIES_1,HOBBIES,CA,0.94,340.4915308708899,0.9748673271133548,C,Z,CZ,0.9,1.2815515655446004,10,10,0,10,50.0,0.2,SIMULATED,10.455792378088258,4.010130741546295,6.0,17.0,10,0.5452464295653232,54.52464295653232,HIGH,0.188,439.0,6.9467814517523445,24.0,True,439,10.076598774552048,URGENT REPLENISHMENT,1,52.814806200904606
CA_1,HOBBIES_1_246,5.199863061067176,0.18570939503811343,0.2980055924492401,0.05584904395842367,67.7839291889114,0.03333333333333333,0.18051113445691197,0.9666666666666667,1,5.4151715785600025,HOBBIES_1,HOBBIES,CA,10.98,744.2675424942472,0.8961914766497778,B,Z,BZ,0.95,1.6448536269514722,7,2,1,10,50.0,0.2,SIMULATED,1.9962672959748529,0.5708263279047433,1.0,3.0,3,0.03934097437002382,3.934097437002382,LOW,2.196,56.0,1.299965765266794,5.0,True,56,16.15418458069786,REORDER,2,52.36045846220143
CA_1,HOBBIES_1_117,4.4915282902565705,0.1604117246520204,0.2640729619143486,0.048554720154177285,58.55027949798744,0.25555555555555554,0.5520362940175304,0.7888888888888889,3,2.1601335673720294,HOBBIES_1,HOBBIES,CA,12.68,742.4175440344807,0.9004276559940784,B,Z,BZ,0.95,1.6448536269514722,12,2,1,9,50.0,0.2,SIMULATED,1.472533399448401,1.656108882052591,3.0,5.0,3,0.17818017228624428,17.818017228624427,LOW,2.536,49.0,1.1228820725641426,7.0,True,49,18.701758270784506,REORDER,2,52.29214601089495
CA_1,HOBBIES_1_223,23.43672500710452,0.8370258931108757,1.403007514931775,0.17509927787193763,305.51445098546964,1.2777777777777777,3.4119017655740893,0.7,24,2.670181900741713,HOBBIES_1,HOBBIES,CA,1.12,342.176185103726,0.9742202791435401,C,Z,CZ,0.9,1.2815515655446004,6,6,0,3,50.0,0.2,SIMULATED,1.9527589068636,5.909587208408279,8.0,10.0,6,0.24671607067136658,24.67160706713666,MEDIUM,0.22400000000000003,370.0,5.85918125177613,16.0,True,370,7.168228463604714,REVIEW AND REORDER,1,51.50478324769912
CA_1,HOBBIES_1_176,8.257060768126916,0.29489502743310414,0.4565213807740507,0.07559884740318402,107.63668501308301,0.24444444444444444,0.5469242108231444,0.8111111111111111,2,2.2374080730616552,HOBBIES_1,HOBBIES,CA,5.94,639.3619089777131,0.927538863867851,B,Z,BZ,0.95,1.6448536269514722,4,2,0,3,50.0,0.2,SIMULATED,1.0250606128960196,0.947300521035198,2.0,4.0,2,0.15169838334738928,15.169838334738927,LOW,1.1880000000000002,96.0,2.064265192031729,7.0,True,96,6.782051346736745,REORDER,2,51.475983731459905
CA_1,HOBBIES_1_299,5.491104087296457,0.19611086026058774,0.2832727415331885,0.05036956926695949,71.58046399511453,0.16666666666666666,0.56588401559076,0.8888888888888888,4,3.3952837218422287,HOBBIES_1,HOBBIES,CA,1.27,90.90718927379545,0.9994080334692744,C,Z,CZ,0.9,1.2815515655446004,8,2,1,7,50.0,0.2,SIMULATED,1.66733132201001,1.4971883761597484,2.0,4.0,3,0.18670227653375315,18.670227653375314,LOW,0.254,168.0,1.3727760218241143,6.0,True,168,15.297391988499253,REORDER,1,51.20213659202519
CA_1,HOBBIES_1_154,41.18449843568635,1.4708749441316553,1.916901203653267,0.2107626893747738,536.8693546080542,1.7777777777777777,1.5271165292415132,0.2111111111111111,8,0.8590025645094087,HOBBIES_1,HOBBIES,CA,2.88,1546.1837412711961,0.7518302723842305,A,Y,AY,0.98,2.0537489106318225,12,18,0,9,50.0,0.2,SIMULATED,14.253506826535498,4.58134958772454,10.0,25.0,18,0.20674408357562823,20.674408357562825,MEDIUM,0.576,306.0,10.296124608921588,36.0,True,306,12.237605810207508,REVIEW AND REORDER,3,50.99467065963178
CA_1,HOBBIES_1_134,127.8590948876272,4.566396245986685,5.335604541249697,0.4093162674102784,1666.7346297851402,4.277777777777778,3.444676002043035,0.05555555555555555,16,0.8052487473025607,HOBBIES_1,HOBBIES,CA,3.87,6450.263017268493,0.33163302653527016,A,Y,AY,0.98,2.0537489106318225,11,51,0,9,50.0,0.2,SIMULATED,42.84154887903334,10.334028006129104,22.0,65.0,51,0.21491737734579364,21.491737734579363,MEDIUM,0.774,465.0,31.9647737219068,97.0,True,465,11.168542124718316,REVIEW AND REORDER,3,50.947530113773226
CA_1,HOBBIES_1_296,9.227132844589866,0.32954045873535237,0.673839749153086,0.13107162070003578,120.28226743840362,0.4777777777777778,0.7067535809741081,0.6222222222222222,3,1.4792485850069088,HOBBIES_1,HOBBIES,CA,7.38,887.6831336954187,0.8671547100648144,B,Z,BZ,0.95,1.6448536269514722,7,3,0,5,50.0,0.2,SIMULATED,2.0268423281619046,1.580349050399508,3.0,6.0,3,0.26901770644956235,26.901770644956237,MEDIUM,1.476,91.0,2.3067832111474664,9.0,True,91,9.103558658485017,REVIEW AND REORDER,2,50.93354823704283
CA_1,HOBBIES_1_031,4.791161609727404,0.1711129146331216,0.28669657564242734,0.055023100353693795,62.45621384108938,0.34444444444444444,0.5641163142296322,0.7,2,1.6377522865471326,HOBBIES_1,HOBBIES,CA,10.98,685.7692279751614,0.9126002982827522,B,Z,BZ,0.95,1.6448536269514722,11,2,1,9,50.0,0.2,SIMULATED,1.8162236844005464,1.6923489426888965,3.0,5.0,3,0.24212382466261662,24.212382466261662,MEDIUM,2.196,54.0,1.197790402431851,7.0,True,54,17.532180281376757,REVIEW AND REORDER,2,50.904952345228324
CA_1,HOBBIES_1_009,24.49051863652722,0.8746613798759721,1.1292556852124889,0.13376561942739307,319.2514036547298,0.37777777777777777,1.2323156039810708,0.8555555555555555,7,3.2620032581765632,HOBBIES_1,HOBBIES,CA,1.77,565.0749844688718,0.9411872280350585,B,Z,BZ,0.95,1.6448536269514722,6,6,4,5,50.0,0.2,SIMULATED,3.9140904962659793,2.755541460235385,5.0,9.0,10,0.013600977019800564,1.3600977019800564,LOW,0.35400000000000004,301.0,6.122629659131805,16.0,False,0,11.432982862962517,NO ACTION,2,50.816058621188034
CA_1,HOBBIES_1_181,4.902618774098762,0.17509352764638436,0.27405830843439427,0.04858225989623261,63.90913759093029,0.32222222222222224,0.5574375115435855,0.7222222222222222,2,1.7299731152187008,HOBBIES_1,HOBBIES,CA,1.97,125.90100105413268,0.9986280863528292,C,Z,CZ,0.9,1.2815515655446004,5,1,1,8,50.0,0.2,SIMULATED,1.5626021463268758,1.5766713780008947,3.0,5.0,2,0.3907293780148522,39.07293780148522,MEDIUM,0.394,128.0,1.2256546935246906,7.0,True,128,11.422401527243272,REVIEW AND REORDER,1,50.74349383307814
CA_1,HOBBIES_1_191,4.9759404580591005,0.17771215921639644,0.28759506618585295,0.05286588148063146,64.8649381139847,0.2222222222222222,0.5564287769070603,0.8333333333333334,3,2.503918228449743,HOBBIES_1,HOBBIES,CA,8.97,581.8384948824429,0.9368740649071134,B,Z,BZ,0.95,1.6448536269514722,14,3,0,6,50.0,0.2,SIMULATED,1.2077855964785844,1.3629665816232333,3.0,5.0,3,0.09426563493903517,9.426563493903517,LOW,1.7940000000000003,61.0,1.2439851145147751,7.0,True,61,16.88113594529588,REORDER,2,50.69512038083954
CA_1,HOBBIES_1_211,39.227045868754864,1.4009659238841023,1.9782339855396027,0.22775723810503481,511.35256221769737,1.8444444444444446,2.3507642128719226,0.4,11,1.2745100268227145,HOBBIES_1,HOBBIES,CA,4.72,2413.5840936675313,0.6193674565350666,A,Z,AZ,0.98,2.0537489106318225,8,12,6,7,50.0,0.2,SIMULATED,11.027634430032155,6.219537498209609,13.0,25.0,18,0.1311348962473453,13.11348962473453,LOW,0.944,233.0,9.806761467188716,35.0,True,233,12.848269072688746,REORDER,3,50.613194043067864
CA_1,HOBBIES_1_124,33.857230219386814,1.209186793549529,1.5457590409867639,0.1667245706769001,441.3531796455781,1.2222222222222223,1.2963022412324294,0.36666666666666664,6,1.0606100568728503,HOBBIES_1,HOBBIES,CA,5.98,2639.2920142805574,0.5955749512295274,A,Z,AZ,0.98,2.0537489106318225,12,15,0,9,50.0,0.2,SIMULATED,11.230517615005763,3.8889067236972883,8.0,20.0,15,0.1662000029532238,16.620000295322377,LOW,1.1960000000000002,193.0,8.464307554846703,29.0,True,193,12.405021023217591,REORDER,3,50.57810074592193
CA_1,HOBBIES_1_192,4.26663345288778,0.15237976617456359,0.26018975465843797,0.04842535652128305,55.61861465371571,0.08888888888888889,0.28617761611461456,0.9111111111111111,1,3.2194619623423373,HOBBIES_1,HOBBIES,CA,3.54,196.8898958741536,0.994401982853728,C,Z,CZ,0.9,1.2815515655446004,12,2,0,8,50.0,0.2,SIMULATED,1.24647464209088,0.8094325319137783,2.0,4.0,2,0.17594478169373284,17.594478169373286,LOW,0.7080000000000001,89.0,1.066658363221945,6.0,True,89,13.12501603849957,REORDER,1,50.55668690162397
CA_1,HOBBIES_1_162,4.5041304940626885,0.16086180335938174,0.2607653095896071,0.051940847124039964,58.71455822617434,0.1,0.45096650265496874,0.9444444444444444,3,4.509619930350383,HOBBIES_1,HOBBIES,CA,3.98,233.68394174017388,0.9915509680123702,C,Z,CZ,0.9,1.2815515655446004,5,1,1,6,50.0,0.2,SIMULATED,0.9629715262200595,1.1046378225921487,2.0,3.0,2,0.17391800114919576,17.391800114919576,LOW,0.796,86.0,1.1260326235156721,5.0,True,86,12.432955028962308,REORDER,1,50.43508006895175
CA_1,HOBBIES_1_021,12.75606079184974,0.45557359970891925,0.6947907525989242,0.10796922539329559,166.28436389375554,0.6666666666666666,1.1015821104517882,0.6,6,1.6523706871216517,HOBBIES_1,HOBBIES,CA,11.88,1975.458243057816,0.6789779420388476,A,Z,AZ,0.98,2.0537489106318225,8,4,1,4,50.0,0.2,SIMULATED,1.6589033649763274,2.2031642209035764,5.0,7.0,5,0.0646965944542246,6.46965944542246,LOW,2.3760000000000003,84.0,3.189015197962435,11.0,True,84,10.975150948263261,REORDER,3,50.405502538469996
CA_1,HOBBIES_1_183,5.350955729017863,0.19110556175063795,0.3012277848803018,0.05740724985301973,69.75353003898284,0.044444444444444446,0.2557698715955029,0.9666666666666667,2,5.754692630314633,HOBBIES_1,HOBBIES,CA,7.98,556.6331697110832,0.9422450175238949,B,Z,BZ,0.95,1.6448536269514722,14,3,0,6,50.0,0.2,SIMULATED,1.0884000375175482,0.6265056769861549,2.0,4.0,3,0.0011396080858193658,0.11396080858193658,LOW,1.596,67.0,1.3377389322544657,6.0,True,67,15.698048107393076,REORDER,2,50.06837648514916
CA_1,HOBBIES_1_174,4.258946812343245,0.15210524329797304,0.2608355760987481,0.05098662059068359,55.51841380376016,0.08888888888888889,0.2861776161146146,0.9111111111111111,1,3.219461962342338,HOBBIES_1,HOBBIES,CA,4.88,270.9298593623496,0.985790101580462,C,Z,CZ,0.9,1.2815515655446004,4,1,1,8,50.0,0.2,SIMULATED,1.2198765679543475,0.8094325319137784,2.0,4.0,2,0.1675754705724679,16.75754705724679,LOW,0.976,76.0,1.0647367030858113,6.0,True,76,13.148704199353872,REORDER,1,50.054528234348076
CA_1,HOBBIES_1_285,4.872096088346934,0.17400343172667623,0.268336902108406,0.05036875588376923,63.51125258023683,0.06666666666666667,0.25084128112136317,0.9333333333333333,1,3.762562778378772,HOBBIES_1,HOBBIES,CA,10.88,691.0024280729767,0.9099894861725051,B,Z,BZ,0.95,1.6448536269514722,12,3,0,3,50.0,0.2,SIMULATED,0.44063834131841517,0.4344698435378688,1.0,2.0,3,1.9220083302684543e-09,1.9220083302684543e-07,LOW,2.176,55.0,1.2180240220867335,4.0,False,0,17.240940188881847,NO ACTION,2,50.0000001153205
CA_1,HOBBIES_1_029,38.64499159446205,1.3801782712307875,1.8377144167115957,0.20254460548342304,503.7650689992374,1.6888888888888889,1.49639600331983,0.26666666666666666,5,0.8860234247149769,HOBBIES_1,HOBBIES,CA,8.98,4523.810319613152,0.4121200420318531,A,Y,AY,0.98,2.0537489106318225,8,12,0,6,50.0,0.2,SIMULATED,8.720865411074861,3.665406661273666,8.0,17.0,12,0.1854959686248836,18.54959686248836,LOW,1.7960000000000003,168.0,9.661247898615512,27.0,True,168,8.694522697257213,REORDER,3,49.98999236464278
CA_1,HOBBIES_1_239,4.509625202136056,0.16105804293343057,0.26349660605318914,0.048902017875178824,58.78618567070216,0.34444444444444444,0.7812567103332293,0.7777777777777778,4,2.2681580579279172,HOBBIES_1,HOBBIES,CA,2.97,174.59497144198542,0.996158195676112,C,Z,CZ,0.9,1.2815515655446004,10,2,0,6,50.0,0.2,SIMULATED,0.929349339136661,1.9136802984417736,3.0,4.0,2,0.2879197967961281,28.791979679612812,MEDIUM,0.5940000000000001,100.0,1.127406300534014,6.0,True,100,12.41780631235122,REVIEW AND REORDER,1,49.95676838704686
CA_1,HOBBIES_1_293,6.469312466858085,0.2310468738163602,0.36128942981030876,0.06745454211274123,84.33210894297147,0.34444444444444444,0.5438338954751399,0.6888888888888889,2,1.5788680159561665,HOBBIES_1,HOBBIES,CA,3.68,310.342160910135,0.9803111912154103,C,Z,CZ,0.9,1.2815515655446004,12,3,0,9,50.0,0.2,SIMULATED,2.59404063933224,1.6315016864254197,3.0,6.0,3,0.40174784992954715,40.17478499295471,MEDIUM,0.7360000000000001,108.0,1.6173281167145213,8.0,True,108,12.98432203874959,REVIEW AND REORDER,1,49.89355115533449
CA_1,HOBBIES_1_122,32.90154404836119,1.1750551445843282,1.5246443815659292,0.1922005035325501,428.8951277732798,0.9444444444444444,2.8059371688894434,0.7666666666666667,21,2.970989150717957,HOBBIES_1,HOBBIES,CA,1.77,759.1443761587052,0.8933460120457223,B,Z,BZ,0.95,1.6448536269514722,14,17,3,4,50.0,0.2,SIMULATED,4.4242445790679685,5.611874337778887,10.0,15.0,20,0.002755847690612434,0.2755847690612434,LOW,0.35400000000000004,349.0,8.225386012090297,24.0,False,0,17.020463313329532,NO ACTION,2,49.87524236861631
CA_1,HOBBIES_1_169,176.58353644418335,6.306554873006548,7.38603385103787,0.511537013151216,2301.89252864739,6.033333333333333,9.094324690323836,0.32222222222222224,41,1.5073463839189147,HOBBIES_1,HOBBIES,CA,0.57,1312.0787413290122,0.7895794208590297,A,Z,AZ,0.98,2.0537489106318225,12,76,0,7,50.0,0.2,SIMULATED,42.16394055864953,24.061321472671366,50.0,93.0,76,0.07982602338798905,7.982602338798905,LOW,0.11399999999999999,1421.0,44.14588411104584,138.0,True,1421,12.050951665281644,REORDER,3,49.86302524246849
CA_1,HOBBIES_1_228,27.668736276285813,0.9881691527244933,1.2655236680883288,0.1205020941357658,360.68174074444005,1.1888888888888889,1.1106678266806285,0.3,5,0.9342057974087364,HOBBIES_1,HOBBIES,CA,6.87,2477.883558914303,0.6100986678726784,A,Y,AY,0.98,2.0537489106318225,6,6,0,4,50.0,0.2,SIMULATED,3.8907714594819858,2.221335653361257,5.0,9.0,6,0.1711751376332935,17.11751376332935,LOW,1.374,163.0,6.917184069071453,16.0,True,163,6.071828807475456,REORDER,3,49.61256623208497
CA_1,HOBBIES_1_190,4.793149614550514,0.1711839148053755,0.2689975194372235,0.04548276579205305,62.482128903962064,0.12222222222222222,0.3618857532109115,0.8888888888888888,2,2.9608592101502835,HOBBIES_1,HOBBIES,CA,9.97,622.9468251725018,0.9323272729879909,B,Z,BZ,0.95,1.6448536269514722,10,2,1,3,50.0,0.2,SIMULATED,0.3926790867002321,0.6268045110966306,2.0,3.0,3,1.593305025704428e-05,0.0015933050257044279,LOW,1.9940000000000002,56.0,1.1982874036376285,5.0,True,56,17.524908683751583,REORDER,2,49.60954808451826
CA_1,HOBBIES_1_164,30.93966909728539,1.1049881820459067,1.4558363288313698,0.15123781741004808,403.32068644675593,1.1444444444444444,1.1373249820769917,0.35555555555555557,5,0.993778242202791,HOBBIES_1,HOBBIES,CA,8.97,3617.786557427401,0.4805465658486866,A,Y,AY,0.98,2.0537489106318225,7,8,0,5,50.0,0.2,SIMULATED,5.475727812519824,2.5431359724328835,6.0,12.0,8,0.16045673533144655,16.045673533144654,LOW,1.7940000000000003,150.0,7.734917274321346,20.0,True,150,7.239889883073662,REORDER,3,49.5651865419147
CA_1,HOBBIES_1_301,25.42635178766929,0.9080839924167604,1.2116078665441203,0.1413966284526268,331.4506572321176,0.9555555555555556,1.405535693878509,0.5333333333333333,7,1.4709079077599314,HOBBIES_1,HOBBIES,CA,6.24,2068.252101128414,0.6519876098541075,A,Z,AZ,0.98,2.0537489106318225,6,6,0,3,50.0,0.2,SIMULATED,2.5710373810142326,2.4344592336491537,5.0,8.0,6,0.07948990546794765,7.948990546794765,LOW,1.2480000000000002,163.0,6.3565879469173225,15.0,True,163,6.6073110447863606,REORDER,3,49.47847340567617
CA_1,HOBBIES_1_170,5.558862043556319,0.19853078726986853,0.3017130282392032,0.05527610088172025,72.46373735350201,0.25555555555555554,0.48716356552551277,0.7666666666666667,2,1.9062847535507972,HOBBIES_1,HOBBIES,CA,17.97,1302.173360242431,0.7920539864581694,A,Z,AZ,0.98,2.0537489106318225,12,3,0,3,50.0,0.2,SIMULATED,0.6126209860522366,0.843792047086598,2.0,3.0,3,0.0023321676168472916,0.23321676168472916,LOW,3.594,45.0,1.3897155108890797,5.0,True,45,15.110930301161472,REORDER,3,49.20277759251881
CA_1,HOBBIES_1_081,20.452893773894758,0.7304604919248128,0.9350006508921906,0.10939893883026441,266.61807955255665,0.8333333333333334,0.9858550158920684,0.4666666666666667,5,1.1830245994409627,HOBBIES_1,HOBBIES,CA,14.72,3924.618131013634,0.45936212501357954,A,Z,AZ,0.98,2.0537489106318225,7,6,0,5,50.0,0.2,SIMULATED,3.4323785514572007,2.2044388314938006,5.0,9.0,6,0.12205998049280198,12.205998049280197,LOW,2.9440000000000004,96.0,5.113223443473689,15.0,True,96,8.213985359022303,REORDER,3,49.15384482397775
CA_1,HOBBIES_1_263,4.9867636420428605,0.17809870150153073,0.2920257333819195,0.04930990974348265,65.00602604805871,0.17777777777777778,0.5100733099497524,0.8666666666666667,3,2.8691462295198162,HOBBIES_1,HOBBIES,CA,4.97,323.0799494588518,0.9754812872457859,C,Z,CZ,0.9,1.2815515655446004,3,1,1,5,50.0,0.2,SIMULATED,0.869008958018096,1.1405585945559662,2.0,3.0,2,0.16069353366045047,16.069353366045046,LOW,0.994,81.0,1.2466909105107151,5.0,True,81,11.229665087242218,REORDER,1,48.3330743148252
CA_1,HOBBIES_1_086,27.437510348726057,0.9799110838830735,1.2443721284105644,0.13250733622773392,357.6675456173218,1.1,1.0498796078652237,0.32222222222222224,5,0.9544351394818947,HOBBIES_1,HOBBIES,CA,8.38,2997.254032273157,0.5433237141446109,A,Y,AY,0.98,2.0537489106318225,10,10,4,10,50.0,0.2,SIMULATED,10.458694626907361,3.3200108298185356,7.0,18.0,14,0.14306388024677963,14.306388024677963,LOW,1.6760000000000002,147.0,6.859377587181514,25.0,True,147,14.286995976743693,REORDER,3,48.12818420962572
CA_1,HOBBIES_1_226,33.07245917095737,1.1811592561056206,1.5347241780054706,0.15491229118090308,431.1231284785515,1.2333333333333334,1.081509556753113,0.26666666666666666,4,0.8768989296115001,HOBBIES_1,HOBBIES,CA,13.98,6027.10133613015,0.35531212672073303,A,Y,AY,0.98,2.0537489106318225,11,13,0,8,50.0,0.2,SIMULATED,9.890799991931361,3.058970965992734,7.0,17.0,13,0.1547146553295764,15.471465532957641,LOW,2.7960000000000003,125.0,8.268114792739343,26.0,True,125,11.006127181134621,REORDER,3,48.05186861588958
CA_1,HOBBIES_1_084,31.756116747896975,1.1341470267106062,1.486308518242989,0.15138098530129884,413.9636647493713,0.8,0.9966235131514269,0.5111111111111111,4,1.2457778342169907,HOBBIES_1,HOBBIES,CA,3.94,1631.0168391125228,0.7398190928070534,A,Z,AZ,0.98,2.0537489106318225,6,7,5,7,50.0,0.2,SIMULATED,8.491646469142275,2.636817966558186,6.0,15.0,12,0.09167259596036859,9.167259596036859,LOW,0.788,230.0,7.939029186974244,23.0,True,230,10.580629439354453,REORDER,3,47.95813409979203
CA_1,HOBBIES_1_107,5.131619943989006,0.1832721408567502,0.27578378003236237,0.05265800096618523,66.89433141271383,0.2111111111111111,0.43690547262535806,0.8,2,2.0695424356559484,HOBBIES_1,HOBBIES,CA,3.98,266.239439022601,0.9878281525454147,C,Z,CZ,0.9,1.2815515655446004,5,1,0,3,50.0,0.2,SIMULATED,0.565984643779197,0.7567424766920134,1.0,2.0,1,0.28314256897737533,28.314256897737533,MEDIUM,0.796,92.0,1.2829049859972514,4.0,True,92,5.456336893258239,REVIEW AND REORDER,1,47.683978495202005
CA_1,HOBBIES_1_202,22.362839423859196,0.7986728365663999,1.0468218057945218,0.1228315076188857,291.515585346736,0.8,1.325633196169482,0.6222222222222222,7,1.6570394239125725,HOBBIES_1,HOBBIES,CA,1.77,515.9825860637227,0.9494088373467964,B,Z,BZ,0.95,1.6448536269514722,11,9,0,7,50.0,0.2,SIMULATED,5.843646389393372,3.507295766756151,6.0,12.0,9,0.1840762533864151,18.40762533864151,LOW,0.35400000000000004,287.0,5.590709855964799,18.0,True,287,11.268680139432314,REORDER,2,47.61496944231063
CA_1,HOBBIES_1_252,39.3982040938159,1.407078717636282,1.8346755109088457,0.21290869999035095,513.583731937243,1.2333333333333334,2.208512642003129,0.5666666666666667,14,1.7906844740421528,HOBBIES_1,HOBBIES,CA,0.68,349.23693771732525,0.9722469030929253,C,Z,CZ,0.9,1.2815515655446004,11,16,0,9,50.0,0.2,SIMULATED,13.04506188560292,6.625537926009388,9.0,23.0,16,0.32780144674035894,32.780144674035895,MEDIUM,0.136,615.0,9.849551023453975,33.0,True,615,11.371068603616859,REVIEW AND REORDER,1,47.57493154484306
CA_1,HOBBIES_1_290,5.3909239943056795,0.1925329997966314,0.29948223434384535,0.05865835088737754,70.27454492577047,0.3333333333333333,0.5996253511966891,0.7222222222222222,3,1.7988706569780968,HOBBIES_1,HOBBIES,CA,5.77,405.4841242216956,0.9605857843886734,C,Z,CZ,0.9,1.2815515655446004,13,3,0,10,50.0,0.2,SIMULATED,2.144640147377131,1.896181852559909,3.0,6.0,3,0.32596021755325455,32.59602175532545,MEDIUM,1.154,79.0,1.3477309985764199,8.0,True,79,15.58166351485359,REVIEW AND REORDER,1,47.54631962297624
CA_1,HOBBIES_1_002,4.477939023845875,0.15992639370878123,0.2609291542897034,0.04420876972231536,58.37313370370515,0.18888888888888888,0.39361318045793675,0.8111111111111111,1,2.0838234527707975,HOBBIES_1,HOBBIES,CA,3.97,231.74134080370945,0.9919913541908623,C,Z,CZ,0.9,1.2815515655446004,2,1,0,4,50.0,0.2,SIMULATED,0.5302754572140511,0.7872263609158735,2.0,3.0,1,0.27535954097770676,27.535954097770677,MEDIUM,0.794,86.0,1.1194847559614687,5.0,True,86,6.252837470864708,REVIEW AND REORDER,1,47.35980698637038
CA_1,HOBBIES_1_147,183.20909993455945,6.54318214051998,7.6808005713428695,0.5736784066587742,2388.2614812897928,6.266666666666667,3.7320356225042177,0.022222222222222223,23,0.595537504303199,HOBBIES_1,HOBBIES,CA,9.97,23810.966968459234,0.16920205461062618,A,Y,AY,0.98,2.0537489106318225,10,66,0,8,50.0,0.2,SIMULATED,56.471201585940285,10.555790785209963,22.0,79.0,66,0.18334040384361794,18.334040384361792,LOW,1.9940000000000002,347.0,45.80227498363986,125.0,True,347,10.086833668353512,REORDER,3,46.95579927364907
CA_1,HOBBIES_1_011,4.258088797526626,0.15207459991166522,0.26050271647514767,0.050007414790070474,55.507228967757804,0.1,0.30168068541929594,0.9,1,3.0167766864260948,HOBBIES_1,HOBBIES,CA,3.48,193.16515680779716,0.9947690613600032,C,Z,CZ,0.9,1.2815515655446004,2,1,1,7,50.0,0.2,SIMULATED,1.0382467994620357,0.7981720689709666,2.0,4.0,2,0.11411232630550561,11.411232630550561,LOW,0.6960000000000001,90.0,1.0645221993816565,6.0,True,90,13.15135367647224,REORDER,1,46.846739578330336
CA_1,HOBBIES_1_070,4.212796757460846,0.15045702705217306,0.23955548467180388,0.04844364186481031,54.91681487404317,0.044444444444444446,0.20723493215097805,0.9555555555555556,1,4.662681063073086,HOBBIES_1,HOBBIES,CA,5.88,322.9108714593738,0.9760949260733784,C,Z,CZ,0.9,1.2815515655446004,9,2,0,8,50.0,0.2,SIMULATED,1.2880854549032177,0.5861489032907626,1.0,3.0,2,0.11226647729297912,11.226647729297913,LOW,1.176,69.0,1.0531991893652115,5.0,True,69,13.292743758406965,REORDER,1,46.73598863757874
CA_1,HOBBIES_1_119,23.45669838752465,0.8377392281258803,1.205114510204016,0.1586068240081404,305.7748182659463,0.9444444444444444,1.678422956371369,0.6222222222222222,10,1.7771518368206811,HOBBIES_1,HOBBIES,CA,1.77,541.221428330725,0.9453656653525574,B,Z,BZ,0.95,1.6448536269514722,8,7,4,7,50.0,0.2,SIMULATED,6.375351313340388,4.440689737340456,8.0,15.0,11,0.14883899598838213,14.883899598838212,LOW,0.35400000000000004,294.0,5.8641745968811625,21.0,True,294,13.130561993672245,REORDER,2,46.70185812750974
CA_1,HOBBIES_1_307,4.471071435911987,0.15968112271114238,0.26787213025880585,0.052364886806111226,58.28360978956697,0.14444444444444443,0.3839800764702413,0.8666666666666667,2,2.6583052026810368,HOBBIES_1,HOBBIES,CA,3.97,231.38593086458087,0.9924310649714113,C,Z,CZ,0.9,1.2815515655446004,3,1,0,3,50.0,0.2,SIMULATED,0.35234405921335377,0.6650730015406406,1.0,2.0,1,0.16507499502453926,16.507499502453925,LOW,0.794,86.0,1.1177678589779967,4.0,True,86,6.26244180013159,REORDER,1,46.487551728282725
CA_1,HOBBIES_1_271,5.256656197457657,0.18773772133777347,0.2759989679074877,0.051545978428734054,68.52426828828732,0.26666666666666666,0.4692810662077936,0.7444444444444445,2,1.7597973990389797,HOBBIES_1,HOBBIES,CA,5.77,395.3850280234178,0.9651602182136254,C,Z,CZ,0.9,1.2815515655446004,5,1,0,3,50.0,0.2,SIMULATED,0.5957338504286741,0.8128186497019926,2.0,3.0,1,0.30946644756081687,30.94664475608169,MEDIUM,1.154,78.0,1.3141640493644142,5.0,True,78,5.326551671782361,REVIEW AND REORDER,1,46.16596084403881
CA_1,HOBBIES_1_091,51.770674205972725,1.8489526502133116,2.3028402748842316,0.22849827494508101,674.8677173278587,2.022222222222222,3.759565411705705,0.4888888888888889,24,1.8591248336938373,HOBBIES_1,HOBBIES,CA,0.7,472.40740212950107,0.954092432598846,C,Z,CZ,0.9,1.2815515655446004,11,21,4,10,50.0,0.2,SIMULATED,18.49768374453564,11.888789713378687,16.0,35.0,25,0.2922139756423836,29.22139756423836,MEDIUM,0.13999999999999999,695.0,12.942668551493181,48.0,True,695,13.52116100753298,REVIEW AND REORDER,1,46.124086875481396
CA_1,HOBBIES_1_104,6.632280701770492,0.2368671679203747,0.3842632987663387,0.0663560053140612,86.45651629093678,0.36666666666666664,0.5497701256081817,0.6666666666666666,2,1.4993689806523667,HOBBIES_1,HOBBIES,CA,23.98,2073.227260656664,0.6401930947112509,A,Z,AZ,0.98,2.0537489106318225,10,3,1,5,50.0,0.2,SIMULATED,1.4089120740846495,1.2293233728584922,3.0,5.0,4,0.017526958087621947,1.7526958087621947,LOW,4.796,43.0,1.658070175442623,7.0,True,43,16.887030600686852,REORDER,3,46.045307291780986
CA_1,HOBBIES_1_042,17.290067983319698,0.6175024279757035,0.8088519282801135,0.10626216502162403,225.3883862111318,0.5333333333333333,0.7525238433640894,0.5888888888888889,4,1.4109795607209912,HOBBIES_1,HOBBIES,CA,7.83,1764.791064033162,0.7175404341630127,A,Z,AZ,0.98,2.0537489106318225,14,9,0,8,50.0,0.2,SIMULATED,5.0396938251433685,2.1284588505892437,5.0,11.0,9,0.03139716754242994,3.139716754242994,LOW,1.566,120.0,4.3225169958299245,16.0,True,120,14.574817875106787,REORDER,3,45.99362565975571
CA_1,HOBBIES_1_152,17.722850826002816,0.6329589580715291,0.856085216376829,0.10813749480317904,231.03001969610813,0.9333333333333333,1.0255171345513574,0.4222222222222222,5,1.0987671811973316,HOBBIES_1,HOBBIES,CA,4.86,1122.8058957230855,0.8125348924898129,B,Z,BZ,0.95,1.6448536269514722,9,6,2,9,50.0,0.2,SIMULATED,5.907054118290157,3.076551403654072,6.0,12.0,8,0.24816055850337193,24.816055850337193,MEDIUM,0.9720000000000001,155.0,4.430712706500704,17.0,True,155,12.639030159781356,REVIEW AND REORDER,2,45.87730532217563
CA_1,HOBBIES_1_123,24.866451911167186,0.8880875682559709,1.1099750803288053,0.11345742981683886,324.1519624134294,0.8555555555555555,1.1072905601148015,0.4666666666666667,5,1.2942342068734223,HOBBIES_1,HOBBIES,CA,7.98,2586.7326600591664,0.6004906098124689,A,Z,AZ,0.98,2.0537489106318225,11,10,0,6,50.0,0.2,SIMULATED,5.413034865418917,2.7122968692818463,6.0,12.0,10,0.04540181614755412,4.5401816147554115,LOW,1.596,143.0,6.2166129777917964,19.0,True,143,11.260138186034764,REORDER,3,45.666451037587464
CA_1,HOBBIES_1_247,33.70301206987749,1.2036790024956245,1.5952779366171224,0.17902153514474947,439.342835910903,1.6555555555555554,1.4776318064070857,0.25555555555555554,7,0.8925287399265177,HOBBIES_1,HOBBIES,CA,16.88,7416.107070176042,0.26639699509466136,A,Y,AY,0.98,2.0537489106318225,11,14,0,7,50.0,0.2,SIMULATED,9.207202248995836,3.9094462890722865,9.0,19.0,14,0.11010816458220463,11.010816458220463,LOW,3.376,115.0,8.425753017469372,28.0,True,115,11.630998247851087,REORDER,3,45.53177727419745
CA_1,HOBBIES_1_235,10.300023027715817,0.36785796527556486,0.6561804313593346,0.11827006152120748,134.26815732558117,0.5666666666666667,0.8217547680886338,0.5888888888888889,4,1.4501529140042113,HOBBIES_1,HOBBIES,CA,12.98,1742.8006820860437,0.720852339279275,A,Z,AZ,0.98,2.0537489106318225,7,3,2,4,50.0,0.2,SIMULATED,1.513197897825696,1.6435095361772676,4.0,6.0,5,0.01693740307168823,1.6937403071688228,LOW,2.596,72.0,2.575005756928954,9.0,True,72,13.592165672119686,REORDER,3,45.51777332434341
CA_1,HOBBIES_1_025,18.90030049778259,0.675010732063664,0.8525067904407815,0.10000640224999985,246.37891720323736,0.6666666666666666,0.9480909262799543,0.5555555555555556,5,1.422134256218547,HOBBIES_1,HOBBIES,CA,3.98,980.5880904688847,0.8564482740382872,B,Z,BZ,0.95,1.6448536269514722,2,2,3,5,50.0,0.2,SIMULATED,3.118339076073646,2.1199957600127197,4.0,8.0,5,0.1873839813883551,18.73839813883551,LOW,0.796,176.0,4.725075124445648,13.0,True,176,7.407278662718743,REORDER,2,45.46438144548678
CA_1,HOBBIES_1_015,70.19777951847259,2.5070635542311637,3.3376714900018865,0.3104088335307576,915.0781972943747,3.2,3.2678206323776786,0.23333333333333334,15,1.0211936284950156,HOBBIES_1,HOBBIES,CA,0.7,640.5547381060622,0.9251073014643606,B,Z,BZ,0.95,1.6448536269514722,8,21,0,6,50.0,0.2,SIMULATED,15.68639589543513,8.004493120264362,14.0,30.0,21,0.25340030345240483,25.340030345240482,MEDIUM,0.13999999999999999,809.0,17.549444879618147,48.0,True,809,8.376329985025066,REVIEW AND REORDER,2,45.41595449209444
CA_1,HOBBIES_1_207,5.236597849585591,0.18702135177091397,0.2915981648358571,0.05102844948626031,68.2627933963836,0.2222222222222222,0.44413222491560933,0.7888888888888889,2,1.998586018483159,HOBBIES_1,HOBBIES,CA,2.78,189.7705656419464,0.995490843035405,C,Z,CZ,0.9,1.2815515655446004,5,1,0,3,50.0,0.2,SIMULATED,0.49535196830169514,0.7692595788324433,1.0,2.0,1,0.2559063126458523,25.590631264585227,MEDIUM,0.5559999999999999,111.0,1.3091494623963977,4.0,True,111,5.34695447111537,REVIEW AND REORDER,1,45.34023894358273
CA_1,HOBBIES_1_198,9.585843475677134,0.3423515527027548,0.6184417790457377,0.11308687454562226,124.95831673650551,0.7111111111111111,0.7966847662213008,0.4888888888888889,3,1.120336377025674,HOBBIES_1,HOBBIES,CA,8.38,1047.1506942519163,0.83933171322011,B,Z,BZ,0.95,1.6448536269514722,9,4,0,6,50.0,0.2,SIMULATED,2.521561361901809,1.9514711630906902,4.0,7.0,4,0.22434461333360156,22.434461333360154,MEDIUM,1.6760000000000002,87.0,2.3964608689192834,10.0,True,87,11.683862055128218,REVIEW AND REORDER,2,44.66404057027283
CA_1,HOBBIES_1_267,4.703460469436018,0.16798073105128636,0.259117210458651,0.04730135760659727,61.31296683371952,0.07777777777777778,0.30823082616320746,0.9333333333333333,2,3.9629168131679267,HOBBIES_1,HOBBIES,CA,2.88,176.5813444811122,0.9958264067428529,C,Z,CZ,0.9,1.2815515655446004,8,2,1,9,50.0,0.2,SIMULATED,1.6365166865063072,0.9246924784896224,2.0,4.0,3,0.07016998046517453,7.016998046517453,LOW,0.576,104.0,1.1758651173590045,6.0,True,104,17.859084920871975,REORDER,1,44.210198827910475
CA_1,HOBBIES_1_277,7.230861004326453,0.2582450358688019,0.3764731158326683,0.07401279093670393,94.25943809211269,0.18888888888888888,0.5976441473330497,0.9,3,3.163981676566093,HOBBIES_1,HOBBIES,CA,1.77,166.83920542303946,0.9964752460558332,C,Z,CZ,0.9,1.2815515655446004,8,3,0,4,50.0,0.2,SIMULATED,1.2242548034433691,1.1952882946660994,2.0,4.0,3,0.06868972019620723,6.868972019620722,LOW,0.35400000000000004,164.0,1.8077152510816132,6.0,True,164,11.616828850469195,REORDER,1,44.12138321177243
CA_1,HOBBIES_1_213,24.434945930099612,0.8726766403607005,1.149848916788477,0.12520054455168964,318.5269737316557,0.6777777777777778,0.9460476955192341,0.5666666666666667,5,1.3958060159703216,HOBBIES_1,HOBBIES,CA,8.38,2669.256039871275,0.5754008430339319,A,Z,AZ,0.98,2.0537489106318225,14,13,0,5,50.0,0.2,SIMULATED,4.229444536226348,2.115426957138031,5.0,10.0,13,1.6916855321680302e-05,0.0016916855321680302,LOW,1.6760000000000002,138.0,6.108736482524903,17.0,False,0,14.896680513811216,NO ACTION,3,43.95907517102252
CA_1,HOBBIES_1_099,23.37621162129182,0.8348647007604221,1.0783570549432113,0.12485963482659829,304.7256157775541,0.8555555555555555,0.9187327754081916,0.4444444444444444,3,1.07384224858357,HOBBIES_1,HOBBIES,CA,13.98,4260.064108570206,0.4285195265289274,A,Z,AZ,0.98,2.0537489106318225,4,4,2,4,50.0,0.2,SIMULATED,3.03099205233356,1.8374655508163833,4.0,8.0,6,0.05306694988684557,5.306694988684557,LOW,2.7960000000000003,105.0,5.844052905322955,14.0,True,105,7.186784646362894,REORDER,3,43.92243947904643
CA_1,HOBBIES_1_032,103.97274839058015,3.71331244252072,4.424623661090129,0.32941608501055925,1355.3590415200626,3.7111111111111112,5.4982008179682405,0.43333333333333335,31,1.4815507193939428,HOBBIES_1,HOBBIES,CA,0.57,772.5546536664357,0.8919033834254647,B,Z,BZ,0.95,1.6448536269514722,12,45,0,8,50.0,0.2,SIMULATED,28.924779334676003,15.551260330843062,26.0,55.0,45,0.15063997778501026,15.063997778501026,LOW,0.11399999999999999,1091.0,25.993187097645038,81.0,True,1091,12.118556835173202,REORDER,2,43.85390586104005
CA_1,HOBBIES_1_150,27.17878167625063,0.9706707741518082,1.3672749031669134,0.15750884085924163,354.29483256541,0.8333333333333334,1.6709682317329295,0.7,9,2.005159471888149,HOBBIES_1,HOBBIES,CA,1.77,627.1018536407757,0.9311434653393855,B,Z,BZ,0.95,1.6448536269514722,5,5,2,3,50.0,0.2,SIMULATED,2.5302760487821097,2.8942018751949594,5.0,8.0,7,0.061249135787604936,6.124913578760493,LOW,0.35400000000000004,317.0,6.794695419062657,15.0,True,317,7.211500515832692,REORDER,2,43.726542866137784
CA_1,HOBBIES_1_052,5.078454809724405,0.18137338606158587,0.28000435274899926,0.04898964207378697,66.20128591247884,0.12222222222222222,0.32937727344895723,0.8777777777777778,1,2.694882915540341,HOBBIES_1,HOBBIES,CA,5.88,389.26356116537556,0.9673942959664389,C,Z,CZ,0.9,1.2815515655446004,9,2,1,9,50.0,0.2,SIMULATED,1.7883245371224832,0.9881318203468716,2.0,4.0,3,0.11005633758093492,11.005633758093492,LOW,1.176,76.0,1.2696137024311012,6.0,True,76,16.540373010450036,REORDER,1,43.55220941025951
CA_1,HOBBIES_1_167,28.984708188787828,1.0351681495995653,1.4408920303165058,0.17839409606305537,377.8363746038413,0.7333333333333333,2.2475954692200344,0.8,13,3.064898733165411,HOBBIES_1,HOBBIES,CA,0.68,256.9287347306121,0.9888196173145445,C,Z,CZ,0.9,1.2815515655446004,14,15,5,9,50.0,0.2,SIMULATED,9.432988132034865,6.742786407660104,9.0,19.0,20,0.058538878862354204,5.8538878862354204,LOW,0.136,528.0,7.246177047196957,27.0,False,0,19.320513954397313,NO ACTION,1,43.51233273174125
CA_1,HOBBIES_1_151,25.345826458129803,0.9052080877903501,1.1546195992052133,0.12213018986012404,330.4009520434778,0.6666666666666666,0.8611463486004368,0.5444444444444444,3,1.2917175853242773,HOBBIES_1,HOBBIES,CA,5.47,1807.2932076778234,0.7074291585255951,A,Z,AZ,0.98,2.0537489106318225,4,4,2,3,50.0,0.2,SIMULATED,2.5176888548960714,1.4915492285283765,4.0,7.0,6,0.0097797040307247,0.9779704030724701,LOW,1.094,174.0,6.336456614532451,14.0,True,174,6.628302876019759,REORDER,3,43.503958095086254
CA_1,HOBBIES_1_138,4.558553816770948,0.16280549345610526,0.25975762863469987,0.04299468138437394,59.42400511147842,0.011111111111111112,0.10540925533894598,0.9888888888888889,1,9.485979242373325,HOBBIES_1,HOBBIES,CA,5.88,349.41315005549313,0.9715832359204811,C,Z,CZ,0.9,1.2815515655446004,8,2,0,9,50.0,0.2,SIMULATED,1.4823374888146734,0.31622776601683794,1.0,3.0,2,0.0508160084521172,5.08160084521172,LOW,1.176,72.0,1.139638454192737,5.0,True,72,12.284522303400792,REORDER,1,43.048960507127035
CA_1,HOBBIES_1_074,25.80054013631329,0.921447862011189,1.2119358060142071,0.13337921270994735,336.328469634084,1.2444444444444445,1.3764562144732566,0.36666666666666664,7,1.1060799978160116,HOBBIES_1,HOBBIES,CA,3.67,1234.3254835570883,0.7968455674247287,A,Z,AZ,0.98,2.0537489106318225,8,8,4,6,50.0,0.2,SIMULATED,5.787311373377773,3.371615378742404,7.0,13.0,12,0.032690464084354054,3.2690464084354054,LOW,0.734,215.0,6.450135034078323,20.0,True,215,13.02296903792181,REORDER,3,43.02222782322136
CA_1,HOBBIES_1_023,34.21556503852386,1.2219844656615666,1.6327974099990943,0.17401948574945653,446.0243299664718,0.9,1.1712856664194053,0.5,5,1.3014270722137034,HOBBIES_1,HOBBIES,CA,2.97,1324.6922600004214,0.7870860317176247,A,Z,AZ,0.98,2.0537489106318225,12,15,0,4,50.0,0.2,SIMULATED,4.516837513897243,2.3425713328388107,5.0,10.0,15,3.819376772629113e-06,0.0003819376772629113,LOW,0.5940000000000001,275.0,8.553891259630966,19.0,False,0,12.275105082268063,NO ACTION,3,43.014499884743394
CA_1,HOBBIES_1_212,4.294489284056092,0.15337461728771756,0.25832912432058175,0.0481120982278481,55.98173531001691,0.05555555555555555,0.23034469096157234,0.9444444444444444,1,4.146129806971777,HOBBIES_1,HOBBIES,CA,7.47,418.1835627658263,0.9590258705133333,C,Z,CZ,0.9,1.2815515655446004,3,1,0,3,50.0,0.2,SIMULATED,0.3410353688712553,0.3989687079991948,1.0,2.0,1,0.04930092455463875,4.930092455463875,LOW,1.494,62.0,1.073622321014023,4.0,True,62,6.519941159383231,REORDER,1,42.95805547327832
CA_1,HOBBIES_1_008,222.94557160126382,7.962341842902279,9.132242468851272,0.583087306623559,2906.254772659332,8.61111111111111,10.74389760888535,0.24444444444444444,44,1.247678287107917,HOBBIES_1,HOBBIES,CA,0.48,1395.0022908764793,0.7767831944442543,A,Z,AZ,0.98,2.0537489106318225,12,96,32,7,50.0,0.2,SIMULATED,56.15074642186304,28.425681184652134,59.0,116.0,128,0.005741966962871992,0.5741966962871992,LOW,0.096,1740.0,55.736392900315956,172.0,False,0,16.07567050621296,NO ACTION,3,42.82130088885149
CA_1,HOBBIES_1_280,18.556005773562205,0.6627144919129359,0.8640777842911125,0.10406598079324518,241.8907895482216,0.5666666666666667,0.7197065569312867,0.5555555555555556,3,1.2700681532878826,HOBBIES_1,HOBBIES,CA,10.98,2655.960869239473,0.58551717479375,A,Z,AZ,0.98,2.0537489106318225,13,9,3,7,50.0,0.2,SIMULATED,4.833205357665491,1.9041645665827343,4.0,9.0,12,8.369294749122069e-05,0.00836929474912207,LOW,2.196,105.0,4.639001443390551,14.0,False,0,18.107317765217562,NO ACTION,3,42.7057031097283
CA_1,HOBBIES_1_243,4.76116901662249,0.17004175059366036,0.28696680609591374,0.051938720165624695,62.06523896668603,0.18888888888888888,0.42119264706612797,0.8222222222222222,2,2.229831620653274,HOBBIES_1,HOBBIES,CA,13.88,861.4655168576022,0.8704452202020546,B,Z,BZ,0.95,1.6448536269514722,13,3,1,5,50.0,0.2,SIMULATED,0.774455030219869,0.9418153904629395,2.0,3.0,4,0.00030760730066614617,0.030760730066614617,LOW,2.7760000000000002,48.0,1.1902922541556225,5.0,False,0,23.523496215128446,NO ACTION,2,42.31677264457271
CA_1,HOBBIES_1_116,21.88624064298537,0.7816514515351918,1.0071559368019793,0.11932204377796247,285.302779810345,0.6555555555555556,0.7955086156372277,0.5222222222222223,3,1.2134858676885152,HOBBIES_1,HOBBIES,CA,6.47,1845.908985372932,0.6970246644833906,A,Z,AZ,0.98,2.0537489106318225,10,8,4,7,50.0,0.2,SIMULATED,5.688066444383251,2.1047179627853727,5.0,11.0,12,0.0013545807321040382,0.13545807321040382,LOW,1.294,149.0,5.471560160746343,17.0,False,0,15.35209155479727,NO ACTION,3,42.2161335208114
CA_1,HOBBIES_1_115,8.420966193919773,0.3007487926399919,0.44447437125952416,0.08119699334389843,109.77330931359704,0.6444444444444445,1.2658976573567762,0.6888888888888889,6,1.9643209029866995,HOBBIES_1,HOBBIES,CA,0.68,74.64585033324599,0.9998802824932775,C,Z,CZ,0.9,1.2815515655446004,5,2,1,3,50.0,0.2,SIMULATED,1.192756343082935,2.192599059724354,3.0,5.0,3,0.204899553692387,20.4899553692387,MEDIUM,0.136,285.0,2.105241548479943,8.0,True,285,9.975069221713833,REVIEW AND REORDER,1,41.93718225141021
CA_1,HOBBIES_1_153,32.07351710489733,1.145482753746333,1.4658304043358477,0.15912593164925992,418.10120511741155,1.3666666666666667,1.393806525029024,0.32222222222222224,6,1.0198576867107345,HOBBIES_1,HOBBIES,CA,6.38,2667.4856886490857,0.580469959422628,A,Z,AZ,0.98,2.0537489106318225,7,9,5,6,50.0,0.2,SIMULATED,7.465340105750917,3.414114786482859,8.0,16.0,14,0.02780925091855546,2.780925091855546,LOW,1.276,182.0,8.018379276224332,25.0,True,182,12.2219105720292,REORDER,3,41.86713192222067
CA_1,HOBBIES_1_215,28.667238203517442,1.0238299358399086,1.2821731870423303,0.1298921732615989,373.6979265815666,1.0777777777777777,1.2651577845175452,0.3888888888888889,6,1.173856649066811,HOBBIES_1,HOBBIES,CA,10.98,4103.203233865602,0.44438999995282386,A,Z,AZ,0.98,2.0537489106318225,12,13,5,7,50.0,0.2,SIMULATED,7.88277995408324,3.3472928670908684,7.0,15.0,18,0.0012534465686357965,0.12534465686357965,LOW,2.196,131.0,7.16680955087936,23.0,False,0,17.58102765788528,NO ACTION,3,41.81377328478626
CA_1,HOBBIES_1_157,28.89093124392452,1.0318189729973042,1.3519876877324253,0.14417091280362976,376.61392514401604,1.0,1.1803636841949572,0.4222222222222222,5,1.1803625038324534,HOBBIES_1,HOBBIES,CA,11.28,4248.205075624501,0.43659253927760916,A,Z,AZ,0.98,2.0537489106318225,14,15,5,6,50.0,0.2,SIMULATED,6.3453944858288684,2.89128873718931,6.0,13.0,20,1.1638360734034237e-06,0.00011638360734034237,LOW,2.256,130.0,7.222732810981129,21.0,False,0,19.383226263688787,NO ACTION,3,41.80369486848894
CA_1,HOBBIES_1_046,23.093108382894954,0.8247538708176769,1.0821930336089551,0.12868464811579006,301.0351628484521,1.0333333333333334,0.9651221032373589,0.3111111111111111,4,0.9339882283056102,HOBBIES_1,HOBBIES,CA,18.72,5635.378248523023,0.36602123318666385,A,Y,AY,0.98,2.0537489106318225,12,10,2,8,50.0,0.2,SIMULATED,7.247972116093543,2.729777535488639,6.0,14.0,12,0.04085832053442906,4.085832053442906,LOW,3.7439999999999998,90.0,5.7732770957237385,20.0,True,90,14.54977766679084,REORDER,3,41.79138151512184
CA_1,HOBBIES_1_220,20.8082364847667,0.7431513030273821,0.9875297885442913,0.1368130479722608,271.25022560499445,0.5111111111111111,1.0194120848565416,0.7444444444444445,4,1.9944980028754018,HOBBIES_1,HOBBIES,CA,2.92,792.0506587665838,0.8889429495961388,B,Z,BZ,0.95,1.6448536269514722,9,7,2,6,50.0,0.2,SIMULATED,4.2618270494115755,2.497039445525313,5.0,10.0,9,0.0288799173975407,2.88799173975407,LOW,0.584,216.0,5.202059121191675,16.0,True,216,12.11057270943879,REORDER,2,41.67777507260646
CA_1,HOBBIES_1_005,32.78549479781461,1.1709105284933787,1.457184433685197,0.1435820542390037,427.38234290008324,1.1888888888888889,1.198261328857235,0.3333333333333333,5,1.0078825129693925,HOBBIES_1,HOBBIES,CA,2.88,1230.8611475522398,0.7991846159308994,A,Z,AZ,0.98,2.0537489106318225,11,13,0,6,50.0,0.2,SIMULATED,7.285798411351821,2.9351288342095376,7.0,15.0,13,0.02577746308141693,2.577746308141693,LOW,0.576,273.0,8.196373699453652,24.0,True,273,11.102461359080822,REORDER,3,41.62547291457894
CA_1,HOBBIES_1_037,20.125118588004224,0.7187542352858651,0.9237425239152903,0.10486641874174894,262.34529587934077,0.6777777777777778,0.776447944640579,0.4888888888888889,3,1.1455772445196737,HOBBIES_1,HOBBIES,CA,12.97,3402.61848755505,0.5072845161728703,A,Z,AZ,0.98,2.0537489106318225,9,7,3,6,50.0,0.2,SIMULATED,4.237597745462021,1.901901276202179,4.0,9.0,10,0.0012235322907496737,0.12235322907496737,LOW,2.5940000000000003,101.0,5.031279647001056,15.0,False,0,13.912942138115731,NO ACTION,3,41.529184382641716
CA_1,HOBBIES_1_106,16.583733508797785,0.592276196742778,0.8400432659804609,0.11547375404196386,216.18081181111395,0.45555555555555555,0.876165177479233,0.7222222222222222,4,1.9232851921332605,HOBBIES_1,HOBBIES,CA,2.57,555.5846863545628,0.9433008145431226,B,Z,BZ,0.95,1.6448536269514722,6,4,0,3,50.0,0.2,SIMULATED,1.261963352768377,1.517562603216634,3.0,5.0,4,0.03559738790340905,3.559738790340905,LOW,0.514,206.0,4.145933377199446,10.0,True,206,6.753594468937782,REORDER,2,41.36869519553715
CA_1,HOBBIES_1_016,165.8251909842843,5.922328249438725,7.084899733077645,0.4912357151265904,2161.649811045135,5.288888888888889,5.972303950896809,0.2,32,1.1292169200655253,HOBBIES_1,HOBBIES,CA,0.7,1513.1548677315943,0.7605087066263839,A,Z,AZ,0.98,2.0537489106318225,13,77,12,3,50.0,0.2,SIMULATED,16.930086259097656,10.344333881197615,22.0,39.0,89,1.6178169914837781e-12,1.617816991483778e-10,LOW,0.13999999999999999,1243.0,41.45629774607107,81.0,False,0,15.027871003361518,NO ACTION,3,41.29216920075232
CA_1,HOBBIES_1_177,25.285428921411853,0.9030510329075662,1.1764969917560566,0.13385501886549891,329.61362701126166,1.0222222222222221,1.1512355627103164,0.43333333333333335,4,1.1262076009265696,HOBBIES_1,HOBBIES,CA,4.24,1397.5617785277495,0.7714806567421295,A,Z,AZ,0.98,2.0537489106318225,10,10,0,3,50.0,0.2,SIMULATED,2.6329376835686236,1.9939984860944142,5.0,8.0,10,0.0001101088872935696,0.01101088872935696,LOW,0.8480000000000001,198.0,6.321357230352963,15.0,False,0,11.073559037127566,NO ACTION,3,41.26868254250331
CA_1,HOBBIES_1_254,226.74358110446923,8.09798503944533,9.855966571320595,0.7930769967770047,2955.7645393975454,9.2,9.30772302258552,0.06666666666666667,70,1.0117089142257183,HOBBIES_1,HOBBIES,CA,0.7,2069.0351775782815,0.6480572380187877,A,Z,AZ,0.98,2.0537489106318225,11,90,33,8,50.0,0.2,SIMULATED,67.6987742253247,26.326216266705483,55.0,123.0,123,0.01783741982961473,1.7837419829614731,LOW,0.13999999999999999,1454.0,56.68589527611731,180.0,True,1454,15.188961724664182,REORDER,3,41.18733433203407
CA_1,HOBBIES_1_195,21.730677053565064,0.7760956090558951,0.995070674138442,0.11672207480283871,283.27489730540174,0.8333333333333334,0.9271194970432627,0.4444444444444444,3,1.1125420614014414,HOBBIES_1,HOBBIES,CA,11.28,3195.3408416049315,0.5258724026137338,A,Z,AZ,0.98,2.0537489106318225,13,11,4,4,50.0,0.2,SIMULATED,2.9134754079037166,1.8542389940865254,4.0,7.0,15,3.5549452270799975e-11,3.5549452270799975e-09,LOW,2.256,113.0,5.432669263391266,13.0,False,0,19.32749070795088,NO ACTION,3,41.12542061614738
CA_1,HOBBIES_1_137,28.371908717835193,1.0132824542083998,1.3453428470300295,0.1360007750051286,369.8480957860659,0.9111111111111111,1.0127772966867616,0.43333333333333335,4,1.1115836177961336,HOBBIES_1,HOBBIES,CA,8.98,3321.235900158872,0.5135959769630302,A,Z,AZ,0.98,2.0537489106318225,13,14,0,4,50.0,0.2,SIMULATED,4.229944287915018,2.0255545933735233,5.0,10.0,14,7.056652355785786e-07,7.056652355785786e-05,LOW,1.7960000000000003,144.0,7.092977179458798,18.0,False,0,13.816469559287457,NO ACTION,3,41.11587851787547
CA_1,HOBBIES_1_040,22.939766741685457,0.8192773836316235,1.0830359291481477,0.12999872853131358,299.0362450255426,1.0555555555555556,1.0950461599332326,0.4,4,1.0374111687051133,HOBBIES_1,HOBBIES,CA,12.97,3878.5000979812876,0.4667325744573752,A,Z,AZ,0.98,2.0537489106318225,12,10,0,5,50.0,0.2,SIMULATED,4.15946205782496,2.448597652110815,6.0,11.0,10,0.008533565999793935,0.8533565999793935,LOW,2.5940000000000003,108.0,5.734941685421364,17.0,True,108,12.20586335461812,REORDER,3,40.88612564703877
CA_1,HOBBIES_1_249,23.15400336662451,0.8269286916651611,1.029363767927303,0.11702828378720126,301.82897245778383,0.8,0.8506441709774879,0.43333333333333335,3,1.063303884592004,HOBBIES_1,HOBBIES,CA,4.88,1472.925385593985,0.7633077582738633,A,Z,AZ,0.98,2.0537489106318225,5,5,4,5,50.0,0.2,SIMULATED,3.9757648239452803,1.9020981909696169,4.0,8.0,9,0.004127997323714272,0.4127997323714272,LOW,0.976,176.0,5.788500841656128,14.0,False,0,10.883633869618341,NO ACTION,3,40.8807186853429
CA_1,HOBBIES_1_279,27.630325096470916,0.9867973248739613,1.331578207675462,0.1496003035504044,360.1810235789959,1.1444444444444444,1.232163631982386,0.36666666666666664,7,1.076646893011596,HOBBIES_1,HOBBIES,CA,3.78,1361.4842691286044,0.7820173277143099,A,Z,AZ,0.98,2.0537489106318225,12,12,0,4,50.0,0.2,SIMULATED,3.6534938262340653,2.464327263964772,6.0,10.0,12,0.00035339592791228114,0.035339592791228114,LOW,0.756,219.0,6.907581274117729,17.0,False,0,12.160539491727144,NO ACTION,3,40.787672685790696
CA_1,HOBBIES_1_273,5.003975443224544,0.17871340868659086,0.2825996836659501,0.05095797686269471,65.23039417060566,0.2,0.4022409138923945,0.8,1,2.011194513489405,HOBBIES_1,HOBBIES,CA,12.68,827.1213980832798,0.8751774849943387,B,Z,BZ,0.95,1.6448536269514722,12,3,0,5,50.0,0.2,SIMULATED,0.825536275162158,0.8994380267950337,2.0,3.0,3,0.007812041436252359,0.7812041436252359,LOW,2.536,51.0,1.250993860806136,5.0,True,51,16.78655919266734,REORDER,2,40.580667621069196
CA_1,HOBBIES_1_065,4.162631684160641,0.14866541729145147,0.2396245485621259,0.046784692101007115,54.26287731137979,0.05555555555555555,0.23034469096157237,0.9444444444444444,1,4.146129806971778,HOBBIES_1,HOBBIES,CA,4.88,264.80284127953337,0.9883313666500734,C,Z,CZ,0.9,1.2815515655446004,14,3,0,9,50.0,0.2,SIMULATED,1.3791533050550078,0.6910340728847171,1.0,3.0,3,0.0094998202153459,0.94998202153459,LOW,0.976,75.0,1.0406579210401603,5.0,True,75,20.17940604648246,REORDER,1,40.56998921292075
CA_1,HOBBIES_1_078,38.61659048739553,1.3791639459784117,1.853931843335172,0.20479293932927436,503.3948402821203,1.7555555555555555,1.5456434688614178,0.2111111111111111,8,0.8804293225246113,HOBBIES_1,HOBBIES,CA,12.78,6433.386058805497,0.3438586151651444,A,Y,AY,0.98,2.0537489106318225,11,16,0,6,50.0,0.2,SIMULATED,8.780527247352769,3.786037822975853,8.0,17.0,16,0.02826886915829474,2.826886915829474,LOW,2.556,141.0,9.654147621848882,27.0,True,141,11.601222933236045,REORDER,3,40.5004253747438
CA_1,HOBBIES_1_058,8.292849882073625,0.29617321007405806,0.465871276013457,0.08135278449105054,108.10322167703119,0.37777777777777777,0.696343221871723,0.7222222222222222,3,1.8432565904518217,HOBBIES_1,HOBBIES,CA,8.82,953.4704151914151,0.8619605594464096,B,Z,BZ,0.95,1.6448536269514722,14,5,2,9,50.0,0.2,SIMULATED,3.1405671997290936,2.0890296656151692,4.0,8.0,7,0.0323390698427537,3.23390698427537,LOW,1.7640000000000002,79.0,2.0732124705184063,11.0,True,79,23.634738481279843,REORDER,2,40.37291009508344
CA_1,HOBBIES_1_020,4.750923682596298,0.16967584580701064,0.27096159949481347,0.052204047559065596,61.93168371955888,0.2222222222222222,0.44413222491560933,0.7888888888888889,2,1.998586018483159,HOBBIES_1,HOBBIES,CA,12.68,785.2937495640066,0.8904352707856374,B,Z,BZ,0.95,1.6448536269514722,8,2,1,4,50.0,0.2,SIMULATED,0.6163905828818497,0.8882644498312187,2.0,3.0,3,0.003643390374102995,0.3643390374102995,LOW,2.536,50.0,1.1877309206490745,5.0,True,50,17.68066812965265,REORDER,2,40.20446360727777
CA_1,HOBBIES_1_083,22.558520041169174,0.8056614300417563,1.0649643852208255,0.1289876528132839,294.06642196524103,0.7111111111111111,0.7227358204539823,0.43333333333333335,3,1.0163458182771057,HOBBIES_1,HOBBIES,CA,15.92,4681.5374376866375,0.40352328699467155,A,Z,AZ,0.98,2.0537489106318225,7,6,2,4,50.0,0.2,SIMULATED,3.103799588379273,1.4454716409079646,3.0,7.0,8,0.0003529614522718161,0.03529614522718161,LOW,3.184,97.0,5.639630010292294,13.0,False,0,9.929717089557435,NO ACTION,3,40.18463586990737
CA_1,HOBBIES_1_193,34.586663983290975,1.2352379994032492,1.6094928586911947,0.1652088639972498,450.861869782186,1.3,1.3107164178760742,0.28888888888888886,6,1.0082426227949626,HOBBIES_1,HOBBIES,CA,8.77,3954.058597989771,0.4519040358579558,A,Z,AZ,0.98,2.0537489106318225,10,13,0,4,50.0,0.2,SIMULATED,4.883618916111528,2.6214328357521484,6.0,11.0,13,0.000980215673743401,0.09802156737434009,LOW,1.754,161.0,8.646665995822744,20.0,False,0,10.524279112204498,NO ACTION,3,40.14123916837423
CA_1,HOBBIES_1_110,4.982877383711005,0.17795990656110733,0.2905442097629112,0.04826014340014797,64.95536589480417,0.2,0.5236003278940784,0.8444444444444444,3,2.6179885495276443,HOBBIES_1,HOBBIES,CA,3.67,238.38619283393132,0.9906565250847128,C,Z,CZ,0.9,1.2815515655446004,9,2,1,6,50.0,0.2,SIMULATED,1.0656187812543303,1.2825536324944538,2.0,4.0,3,0.06574829927997827,6.574829927997827,LOW,0.734,95.0,1.2457193459277514,6.0,True,95,16.85763496023704,REORDER,1,40.12478345207514
CA_1,HOBBIES_1_261,257.92206901789734,9.211502464924905,10.881484711897118,0.5921019726734151,3362.1983996975905,8.244444444444444,8.311777363856487,0.07777777777777778,50,1.0081669434124785,HOBBIES_1,HOBBIES,CA,0.48,1613.8552318548434,0.7428859583724771,A,Z,AZ,0.98,2.0537489106318225,11,102,37,6,50.0,0.2,SIMULATED,54.02566878774006,20.359613397063868,42.0,97.0,139,1.4986514759507408e-05,0.0014986514759507408,LOW,0.096,1872.0,64.48051725447434,162.0,False,0,15.08982768440322,NO ACTION,3,40.08256862501035
CA_1,HOBBIES_1_112,4.509120327486816,0.1610400116959577,0.2731129377720175,0.05367062603182035,58.77960426902456,0.03333333333333333,0.23464053310389682,0.9777777777777777,2,7.039004822972215,HOBBIES_1,HOBBIES,CA,2.72,159.8805236117468,0.9970835332708757,C,Z,CZ,0.9,1.2815515655446004,14,3,1,8,50.0,0.2,SIMULATED,1.34929589002888,0.6636636483959681,1.0,3.0,4,3.24774263132932e-05,0.00324774263132932,LOW,0.544,104.0,1.127280081871704,5.0,False,0,24.838393387343608,NO ACTION,1,40.0019486455788
CA_1,HOBBIES_1_205,4.853481714880974,0.1733386326743205,0.2796649932955272,0.050390423005827065,63.268600926126986,0.1,0.3016806854192958,0.9,1,3.016776686426094,HOBBIES_1,HOBBIES,CA,5.88,372.0193734456267,0.9695265780076024,C,Z,CZ,0.9,1.2815515655446004,13,3,0,4,50.0,0.2,SIMULATED,0.5538928805791836,0.6033613708385916,1.0,2.0,3,2.5160313480099283e-05,0.0025160313480099283,LOW,1.176,74.0,1.2133704287202436,4.0,False,0,17.307063328307354,NO ACTION,1,40.001509618808804
CA_1,HOBBIES_1_302,4.1157964196719625,0.14699272927399867,0.25671726335758516,0.05041220915250988,53.65234618500951,0.03333333333333333,0.18051113445691197,0.9666666666666667,1,5.4151715785600025,HOBBIES_1,HOBBIES,CA,2.88,154.5187570128274,0.997377170671394,C,Z,CZ,0.9,1.2815515655446004,4,1,1,3,50.0,0.2,SIMULATED,0.2734637486418934,0.3126544562112685,1.0,2.0,2,1.6740331010289822e-08,1.6740331010289822e-06,LOW,0.576,97.0,1.0289491049179906,4.0,True,97,13.606022582582199,REORDER,1,40.00000100441986
CA_1,HOBBIES_1_121,19.15752209703525,0.684197217751259,0.9232600366464814,0.11155736592314275,249.73198447920953,0.1,0.5203715181040682,0.9555555555555556,4,5.203663144409238,HOBBIES_1,HOBBIES,CA,1.12,279.6998226167147,0.9836925258661052,C,Z,CZ,0.9,1.2815515655446004,10,7,3,5,50.0,0.2,SIMULATED,3.433421403914374,1.1635860880354592,2.0,6.0,10,8.33634949959361e-09,8.336349499593609e-07,LOW,0.22400000000000003,334.0,4.789380524258813,11.0,False,0,14.61564754270598,NO ACTION,1,40.000000500180974
CA_1,HOBBIES_1_092,4.342980502713576,0.15510644652548486,0.26256918473764224,0.04933987906289306,56.613852981801976,0.07777777777777778,0.2693219858921545,0.9222222222222223,1,3.4626667271840654,HOBBIES_1,HOBBIES,CA,2.38,134.7409700966887,0.9978902762712104,C,Z,CZ,0.9,1.2815515655446004,9,2,1,3,50.0,0.2,SIMULATED,0.322904384410881,0.46647936316055993,1.0,2.0,3,4.7636361522052084e-09,4.7636361522052084e-07,LOW,0.476,110.0,1.085745125678394,4.0,False,0,19.341431164022715,NO ACTION,1,40.00000028581817
CA_1,HOBBIES_1_282,31.762662141031235,1.1343807907511156,1.4803984416379579,0.15173992069186293,414.04898862415723,1.0555555555555556,1.0532038985567236,0.37777777777777777,4,0.9977711691652621,HOBBIES_1,HOBBIES,CA,3.98,1647.9149747241458,0.7304916495278734,A,Y,AY,0.98,2.0537489106318225,10,12,0,4,50.0,0.2,SIMULATED,4.585964988602958,2.106407797113447,5.0,10.0,12,0.0002159744850603884,0.02159744850603884,LOW,0.796,229.0,7.94066553525781,18.0,False,0,10.578449070532384,NO ACTION,3,39.990670160756245
CA_1,HOBBIES_1_050,39.23306311684821,1.4011808256017217,1.8414777501599802,0.21260204136381877,511.43100134462844,1.7222222222222223,1.6423317062056886,0.24444444444444444,7,0.9536114047321648,HOBBIES_1,HOBBIES,CA,10.98,5615.51239476402,0.37669258787559595,A,Y,AY,0.98,2.0537489106318225,8,12,3,4,50.0,0.2,SIMULATED,5.648367839519884,3.284663412411377,7.0,13.0,15,0.0022062557402589,0.22062557402589,LOW,2.196,153.0,9.808265779212052,23.0,False,0,10.705248759245375,NO ACTION,3,39.66848939173718
CA_1,HOBBIES_1_004,52.53300601156193,1.876178786127212,2.420704390236852,0.25257781920965017,684.8052569364323,2.022222222222222,1.896050168692077,0.26666666666666666,7,0.937606762624606,HOBBIES_1,HOBBIES,CA,4.64,3177.496392185046,0.531910710187487,A,Y,AY,0.98,2.0537489106318225,12,23,0,5,50.0,0.2,SIMULATED,8.78179704360421,4.239697065945428,9.0,18.0,23,0.00039885326105093544,0.039885326105093544,LOW,0.9279999999999999,272.0,13.133251502890483,32.0,False,0,12.2589530971743,NO ACTION,3,39.399998821909115
CA_1,HOBBIES_1_055,56.706351930228735,2.0252268546510264,2.6099510740013545,0.26618164176282616,739.2078019476246,2.1,1.9719949403950865,0.17777777777777778,9,0.9390447625477732,HOBBIES_1,HOBBIES,CA,8.98,6638.086061489669,0.3193753660307089,A,Y,AY,0.98,2.0537489106318225,14,29,5,6,50.0,0.2,SIMULATED,12.528680115467532,4.830381379318089,10.0,23.0,34,4.3934312280446974e-06,0.00043934312280446974,LOW,1.7960000000000003,203.0,14.176587982557184,38.0,False,0,16.78823443096414,NO ACTION,3,39.39071123135142
CA_1,HOBBIES_1_208,49.19423535307786,1.7569369768956378,2.180164060662028,0.20898072139488938,641.2819965669078,1.5666666666666667,1.4460329304531954,0.28888888888888886,6,0.9229991536940693,HOBBIES_1,HOBBIES,CA,3.24,2077.7536688767814,0.6362532684062,A,Y,AY,0.98,2.0537489106318225,11,20,0,3,50.0,0.2,SIMULATED,4.979122025062264,2.504602504962647,6.0,11.0,20,1.0030635211322192e-09,1.0030635211322192e-07,LOW,0.6480000000000001,315.0,12.298558838269464,24.0,False,0,11.383441113463963,NO ACTION,3,39.2299915971245
CA_1,HOBBIES_1_146,12.705177107575777,0.4537563252705635,0.764440825692031,0.12877765302270064,165.62105872375568,0.4666666666666667,0.8893881244738184,0.6888888888888889,5,1.9058276113847294,HOBBIES_1,HOBBIES,CA,4.86,804.9183453974526,0.8813754812307633,B,Z,BZ,0.95,1.6448536269514722,13,6,0,3,50.0,0.2,SIMULATED,1.328557667131524,1.5404654192370464,3.0,5.0,6,0.0012127351788130403,0.12127351788130403,LOW,0.9720000000000001,131.0,3.176294276893944,9.0,False,0,13.222927026957326,NO ACTION,2,39.13104022457608
CA_1,HOBBIES_1_250,4.362137446833745,0.15579062310120517,0.2590720281604789,0.05118259636185584,56.86357743193989,0.16666666666666666,0.479934452453338,0.8666666666666667,3,2.8795894371834048,HOBBIES_1,HOBBIES,CA,4.88,277.4942578678666,0.9847508670324764,C,Z,CZ,0.9,1.2815515655446004,10,2,1,4,50.0,0.2,SIMULATED,0.4938947543040917,0.959868904906676,2.0,3.0,3,0.004515441436334089,0.4515441436334089,LOW,0.976,77.0,1.0905343617084362,5.0,True,77,19.256491076231637,REORDER,1,39.0668208580141
CA_1,HOBBIES_1_022,7.142268816374505,0.2550810291562323,0.39030781845704543,0.07349847882075078,93.1045756420248,0.36666666666666664,0.6438996362578827,0.7111111111111111,3,1.7560851277438774,HOBBIES_1,HOBBIES,CA,7.18,668.490853109738,0.915171231356802,B,Z,BZ,0.95,1.6448536269514722,11,3,2,6,50.0,0.2,SIMULATED,1.9063795602525975,1.577225554395503,3.0,5.0,5,0.024914333719254667,2.4914333719254667,LOW,1.436,81.0,1.7855672040936263,7.0,True,81,19.601537656490912,REORDER,2,39.055711300594055
CA_1,HOBBIES_1_035,4.775463074009332,0.17055225264319043,0.26956944715998,0.04862968235578939,62.25157221476451,0.1111111111111111,0.3160303087599848,0.8888888888888888,1,2.8442471806152376,HOBBIES_1,HOBBIES,CA,2.12,131.97333309530077,0.9981410698138004,C,Z,CZ,0.9,1.2815515655446004,8,2,1,5,50.0,0.2,SIMULATED,0.887064442534953,0.7066652533375732,1.0,2.0,3,0.0013948455551664463,0.13948455551664463,LOW,0.42400000000000004,122.0,1.193865768502333,4.0,False,0,17.589814052249206,NO ACTION,1,38.52616253946236
CA_1,HOBBIES_1_189,330.7033320296177,11.810833286772061,14.594492917813886,1.2642555684731624,4310.954149671802,10.144444444444444,8.306706524453343,0.011111111111111112,40,0.8188428406406849,HOBBIES_1,HOBBIES,CA,0.48,2069.257991842465,0.6441253780758905,A,Y,AY,0.98,2.0537489106318225,13,154,48,4,50.0,0.2,SIMULATED,38.8800905306076,16.613413048906686,35.0,74.0,202,0.0,0.0,LOW,0.096,2120.0,82.67583300740442,157.0,False,0,17.102940833420774,NO ACTION,3,38.18842840640685
CA_1,HOBBIES_1_224,5.58791007085204,0.19956821681614428,0.3191144931903135,0.05757156312658917,72.84239913789267,0.32222222222222224,0.5772421410363806,0.7333333333333333,2,1.7914355677266607,HOBBIES_1,HOBBIES,CA,3.97,289.1843245774339,0.9831610025065705,C,Z,CZ,0.9,1.2815515655446004,6,2,0,4,50.0,0.2,SIMULATED,0.9024508624762461,1.1544842820727612,2.0,3.0,2,0.1708825378199743,17.08825378199743,LOW,0.794,96.0,1.39697751771301,5.0,True,96,10.021585652874139,REORDER,1,38.167307946465066
CA_1,HOBBIES_1_089,45.06110517904611,1.6093251849659325,2.088320619859656,0.22421102585157526,587.4036925125654,2.188888888888889,1.7346077136055504,0.17777777777777778,7,0.792460014736539,HOBBIES_1,HOBBIES,CA,7.97,4681.607429325146,0.39462679759618846,A,Y,AY,0.98,2.0537489106318225,12,20,7,3,50.0,0.2,SIMULATED,5.0609777495113555,3.0044286911656974,7.0,13.0,27,1.4155343563970746e-13,1.4155343563970746e-11,LOW,1.594,192.0,11.265276294761527,25.0,False,0,16.777207909887803,NO ACTION,3,37.92460014737389
CA_1,HOBBIES_1_172,26.417259646246894,0.9434735587945319,1.2014739078942116,0.1328652149427538,344.36784896000415,0.6444444444444445,0.9156702108735156,0.5777777777777777,4,1.4208653638057527,HOBBIES_1,HOBBIES,CA,2.98,1026.2161899008124,0.8412818677527876,B,Z,BZ,0.95,1.6448536269514722,10,10,2,8,50.0,0.2,SIMULATED,7.899887572426699,2.5899064617567156,5.0,13.0,12,0.05669795061276961,5.669795061276961,LOW,0.596,241.0,6.6043149115617235,20.0,True,241,12.718943916550629,REORDER,2,37.61053067482371
CA_1,HOBBIES_1_178,170.5217912663749,6.090063973799103,7.147639918688504,0.40904955831009643,2222.873350436673,5.911111111111111,9.839891801319407,0.23333333333333334,79,1.6646430682347189,HOBBIES_1,HOBBIES,CA,0.48,1066.9792082096028,0.8333116923220077,B,Z,BZ,0.95,1.6448536269514722,9,55,0,3,50.0,0.2,SIMULATED,18.179031083509663,17.043192540865654,29.0,48.0,55,0.015368917012777428,1.5368917012777428,LOW,0.096,1522.0,42.63044781659372,91.0,False,0,9.031102334149631,NO ACTION,2,37.56856570311383
CA_1,HOBBIES_1_038,19.73114889181103,0.7046838889932511,0.9663223714722307,0.12461950862407248,257.20961948253665,0.4111111111111111,0.7014342360589519,0.6777777777777778,4,1.706187234823096,HOBBIES_1,HOBBIES,CA,3.22,828.214974733768,0.8736056772608214,B,Z,BZ,0.95,1.6448536269514722,5,4,3,5,50.0,0.2,SIMULATED,3.202295564464408,1.5684546335734508,3.0,7.0,7,0.007732483269147772,0.7732483269147772,LOW,0.6440000000000001,200.0,4.932787222952758,12.0,True,200,9.933517958644691,REORDER,2,37.52582134437982
CA_1,HOBBIES_1_102,4.934156619887753,0.1762198792817055,0.2705173683381117,0.044930220384624235,64.32025593782251,0.16666666666666666,0.4559223273095164,0.8666666666666667,2,2.7355175507517937,HOBBIES_1,HOBBIES,CA,4.98,320.3148745703561,0.9779228267051158,C,Z,CZ,0.9,1.2815515655446004,10,2,1,3,50.0,0.2,SIMULATED,0.44535291698958535,0.7896806352051298,2.0,3.0,3,0.000608132118101179,0.060813211810117895,LOW,0.9960000000000001,81.0,1.2335391549719383,5.0,True,81,17.024089382758216,REORDER,1,37.39166343460401
CA_1,HOBBIES_1_141,44.68131510754433,1.595761253840869,2.091399666460287,0.21943578345246292,582.4528576519172,1.988888888888889,1.3532685728310678,0.14444444444444443,5,0.6804140241203013,HOBBIES_1,HOBBIES,CA,13.98,8142.690949973802,0.2381923012163209,A,Y,AY,0.98,2.0537489106318225,13,21,0,7,50.0,0.2,SIMULATED,12.394435114445757,3.5804121007903054,8.0,21.0,21,0.008119208117798316,0.8119208117798316,LOW,2.7960000000000003,145.0,11.170328776886082,33.0,True,145,13.159855078320547,REORDER,3,37.29129272827091
CA_1,HOBBIES_1_148,32.43759344155271,1.1584854800554538,1.5575748554405011,0.16367354413663604,422.84720022024067,1.8666666666666667,1.3171300090249851,0.14444444444444443,5,0.7056049839750006,HOBBIES_1,HOBBIES,CA,4.88,2063.494337074774,0.6559089403439234,A,Y,AY,0.98,2.0537489106318225,14,17,5,4,50.0,0.2,SIMULATED,4.553551687799765,2.6342600180499702,6.0,11.0,22,1.7610579661209158e-11,1.7610579661209158e-09,LOW,0.976,209.0,8.109398360388177,20.0,False,0,18.990294991571172,NO ACTION,3,37.05604984080664
CA_1,HOBBIES_1_165,6.826323922343881,0.24379728294085287,0.384067611749747,0.06847670372213316,88.9860082734113,0.2111111111111111,0.48562352932565633,0.8222222222222222,2,2.300311084805865,HOBBIES_1,HOBBIES,CA,4.97,442.26046111885415,0.9558016816802098,C,Z,CZ,0.9,1.2815515655446004,7,2,1,5,50.0,0.2,SIMULATED,1.370903658178937,1.0858872230455303,2.0,4.0,3,0.06677553909008938,6.677553909008937,LOW,0.994,95.0,1.7065809805859702,6.0,True,95,12.305254835317362,REORDER,1,37.009643193464015
CA_1,HOBBIES_1_067,107.27916409422697,3.831398717650963,4.700332988956025,0.4158246415869029,1398.4605319426016,2.5555555555555554,3.8602296930876743,0.5111111111111111,18,1.5105240714379315,HOBBIES_1,HOBBIES,CA,0.57,797.1225032072829,0.8859291637155166,B,Z,BZ,0.95,1.6448536269514722,10,39,0,6,50.0,0.2,SIMULATED,21.366111466164043,9.455593038005313,16.0,38.0,39,0.03109657642574004,3.109657642574004,LOW,0.11399999999999999,1108.0,26.819791023556743,65.0,False,0,10.179047573744395,NO ACTION,2,36.97103529992372
CA_1,HOBBIES_1_130,30.10104812215051,1.0750374329339467,1.372398272493823,0.13079834358608447,392.38866302089053,0.9222222222222223,1.455155714110903,0.5444444444444444,8,1.5778779790477488,HOBBIES_1,HOBBIES,CA,2.73,1071.2210500470312,0.8292508259407079,B,Z,BZ,0.95,1.6448536269514722,8,9,0,3,50.0,0.2,SIMULATED,3.116020891137936,2.520403629764256,5.0,9.0,9,0.009783773359603787,0.9783773359603787,LOW,0.546,269.0,7.525262030537627,17.0,True,269,8.37179371851628,REORDER,2,36.36580619205372
CA_1,HOBBIES_1_227,4.693890264237991,0.1676389380084997,0.2605444380404486,0.0440762894753425,61.18821237310239,0.17777777777777778,0.4126586253474631,0.8333333333333334,2,2.321191710876106,HOBBIES_1,HOBBIES,CA,1.97,120.5407783750117,0.9988571542116623,C,Z,CZ,0.9,1.2815515655446004,14,3,0,7,50.0,0.2,SIMULATED,1.2118029248605948,1.0917920990351624,2.0,4.0,3,0.05072597953825608,5.072597953825609,LOW,0.394,125.0,1.1734725660594978,6.0,True,125,17.895496954000865,REORDER,1,36.25547588105643
CA_1,HOBBIES_1_272,4.6452243966779605,0.16590087130992717,0.26250829067101755,0.04951215542944869,60.553818028123416,0.16666666666666666,0.43057317430021835,0.8555555555555555,2,2.5834235452600387,HOBBIES_1,HOBBIES,CA,8.44,511.0742241573616,0.9503800495773026,C,Z,CZ,0.9,1.2815515655446004,14,3,0,3,50.0,0.2,SIMULATED,0.39898182887125677,0.7457746142641881,1.0,2.0,3,0.00024362156987023376,0.024362156987023376,LOW,1.688,60.0,1.1613060991694901,4.0,False,0,18.08297866873119,NO ACTION,1,35.8488527467926
CA_1,HOBBIES_1_063,4.392392521049733,0.1568711614660619,0.26216182716605985,0.047729703789890714,57.25797393511259,0.15555555555555556,0.39408865457586856,0.8555555555555555,2,2.5334107789184332,HOBBIES_1,HOBBIES,CA,5.47,313.20111742506583,0.97972143714825,C,Z,CZ,0.9,1.2815515655446004,7,2,0,3,50.0,0.2,SIMULATED,0.35428452402452204,0.6825815724118655,1.0,2.0,2,0.00795406301587731,0.7954063015877311,LOW,1.094,73.0,1.0980981302624333,4.0,True,73,12.74923467177881,REORDER,1,35.81135157013697
CA_1,HOBBIES_1_155,75.7261656387752,2.7045059156705427,3.337754312674218,0.3087542656125626,987.1446592197481,3.2,1.7686406892414435,0.06666666666666667,8,0.5527000426691877,HOBBIES_1,HOBBIES,CA,18.98,18736.005631990818,0.20480674168054142,A,Y,AY,0.98,2.0537489106318225,7,19,11,4,50.0,0.2,SIMULATED,10.891400919513181,3.537281378482887,8.0,19.0,30,3.2940324357078055e-08,3.2940324357078055e-06,LOW,3.7960000000000003,162.0,18.9315414096938,38.0,False,0,11.092595040586886,NO ACTION,3,35.52700240311134
CA_1,HOBBIES_1_241,118.31969318177134,4.225703327920405,5.043501020761746,0.3706645190570358,1542.3817146909478,4.322222222222222,2.335980307067301,0.03333333333333333,9,0.5404580436885171,HOBBIES_1,HOBBIES,CA,19.94,30755.0913909375,0.12395324094158391,A,Y,AY,0.98,2.0537489106318225,12,51,17,9,50.0,0.2,SIMULATED,38.21265861457209,7.007940921201904,15.0,54.0,68,1.0664090470346999e-05,0.0010664090470346999,LOW,3.9880000000000004,197.0,29.579923295442832,84.0,False,0,16.09199194337973,NO ACTION,3,35.405220282313394
CA_1,HOBBIES_1_082,4.809589218216253,0.17177104350772332,0.27230226837791716,0.04955928334374312,62.696430880319014,0.14444444444444443,0.35350924883761226,0.8555555555555555,1,2.4473547794965347,HOBBIES_1,HOBBIES,CA,3.78,236.99250872760587,0.9911068902413475,C,Z,CZ,0.9,1.2815515655446004,9,2,0,3,50.0,0.2,SIMULATED,0.3916019114834828,0.6122959799322535,1.0,2.0,2,0.0043092057356174385,0.43092057356174385,LOW,0.756,92.0,1.2023973045540632,4.0,True,92,11.643338224069476,REORDER,1,34.73210013910239
CA_1,HOBBIES_1_114,4.6804238186834475,0.16715799352440883,0.25989293848443296,0.048075596520309266,61.01266763640922,0.15555555555555556,0.3644639317587664,0.8444444444444444,1,2.342967356516206,HOBBIES_1,HOBBIES,CA,5.97,364.24562578936303,0.9709192338855651,C,Z,CZ,0.9,1.2815515655446004,11,2,0,4,50.0,0.2,SIMULATED,0.5276401972192228,0.7289278635175328,1.0,2.0,2,0.02169699371176048,2.169699371176048,LOW,1.194,72.0,1.1701059546708619,4.0,True,72,11.964656868479869,REORDER,1,34.73149318786769
CA_1,HOBBIES_1_072,24.031088360318552,0.8582531557256626,1.1515863052916968,0.13627285591639235,313.26240183986687,0.7666666666666667,1.1020919841705743,0.5444444444444444,5,1.4375094086884768,HOBBIES_1,HOBBIES,CA,1.97,617.1269316245377,0.9335000208892507,B,Z,BZ,0.95,1.6448536269514722,10,9,4,6,50.0,0.2,SIMULATED,5.368530170527246,2.699563010829382,5.0,11.0,13,0.0023498458498609764,0.23498458498609764,LOW,0.394,282.0,6.007772090079638,18.0,False,0,15.147028317047143,NO ACTION,2,34.51608483787643
CA_1,HOBBIES_1_295,193.2663433384116,6.902369404943271,7.741860515959835,0.43241658417913803,2519.364832804294,6.4222222222222225,7.320861031476914,0.18888888888888888,36,1.139926280691275,HOBBIES_1,HOBBIES,CA,0.48,1209.2951197460611,0.8037911895104614,B,Z,BZ,0.95,1.6448536269514722,12,83,0,7,50.0,0.2,SIMULATED,49.79159939524881,19.369177672151718,32.0,82.0,83,0.04321872676360572,4.321872676360572,LOW,0.096,1620.0,48.3165858346029,131.0,False,0,12.024854525418961,NO ACTION,2,33.9923864127291
CA_1,HOBBIES_1_010,16.756014358473067,0.5984290842311809,0.8512207420621876,0.11317655364886026,218.42661574438102,0.6,0.8044818277847892,0.5666666666666667,3,1.3408008116399626,HOBBIES_1,HOBBIES,CA,2.97,648.7270487608117,0.9226591215848651,B,Z,BZ,0.95,1.6448536269514722,8,5,0,3,50.0,0.2,SIMULATED,1.73368449629954,1.3934033994891304,3.0,5.0,5,0.009535820193459,0.9535820193458999,LOW,0.5940000000000001,192.0,4.189003589618267,10.0,True,192,8.355194920428563,REORDER,2,33.98015732800717
CA_1,HOBBIES_1_185,19.249119299937178,0.6874685464263278,0.8894340113280697,0.10818694451378313,250.92601944560965,0.6222222222222222,0.8289397286039122,0.5555555555555556,4,1.3322224227559651,HOBBIES_1,HOBBIES,CA,3.24,813.0003030037753,0.8798458667351433,B,Z,BZ,0.95,1.6448536269514722,5,4,3,4,50.0,0.2,SIMULATED,2.507140090262206,1.6578794572078244,3.0,6.0,7,0.003364120146451155,0.3364120146451155,LOW,0.6480000000000001,197.0,4.812279824984294,11.0,False,0,10.182269216706532,NO ACTION,2,33.524071436346716
CA_1,HOBBIES_1_264,8.225054664322009,0.2937519522972146,0.4970858036030612,0.09741802137476398,107.21946258848334,0.32222222222222224,0.7317483723244628,0.7777777777777778,4,2.270936176722267,HOBBIES_1,HOBBIES,CA,4.47,479.2709977705205,0.9531947002831803,C,Z,CZ,0.9,1.2815515655446004,5,2,2,3,50.0,0.2,SIMULATED,1.0825435626999012,1.2674253592217972,2.0,4.0,4,0.010671073641320361,1.067107364132036,LOW,0.894,110.0,2.0562636660805023,7.0,True,110,13.616884421821446,REORDER,1,33.34962618570189
CA_1,HOBBIES_1_161,38.040103542797965,1.3585751265284987,1.8867233685866367,0.23378152366122865,495.879921182902,1.1777777777777778,2.0856803259302548,0.5111111111111111,13,1.7708591505320697,HOBBIES_1,HOBBIES,CA,0.7,347.1159448280314,0.9735700297663413,C,Z,CZ,0.9,1.2815515655446004,7,10,0,4,50.0,0.2,SIMULATED,4.394404250125691,4.1713606518605095,6.0,11.0,10,0.08950183168518622,8.950183168518622,LOW,0.13999999999999999,596.0,9.510025885699491,21.0,True,596,7.360647522603315,REORDER,1,33.07870140643187
CA_1,HOBBIES_1_259,6.868243971896811,0.24529442756774325,0.3545380476687292,0.05440324399794555,89.53246606222629,0.2,0.4546884351220161,0.8222222222222222,2,2.2734308084560384,HOBBIES_1,HOBBIES,CA,0.97,86.8464920803595,0.9997384303720525,C,Z,CZ,0.9,1.2815515655446004,7,2,1,3,50.0,0.2,SIMULATED,0.7044209135093018,0.7875434712453171,2.0,3.0,3,0.0017792397699674112,0.17792397699674112,LOW,0.194,215.0,1.7170609929742027,5.0,True,215,12.230150515836623,REORDER,1,32.84106247075843
CA_1,HOBBIES_1_233,70.98453143019529,2.535161836792689,3.434907143923605,0.371441000017895,925.3340704293314,2.688888888888889,3.4303485080078966,0.3111111111111111,17,1.275748970674807,HOBBIES_1,HOBBIES,CA,0.7,647.7338493005319,0.9238900328827118,B,Z,BZ,0.95,1.6448536269514722,11,28,6,3,50.0,0.2,SIMULATED,7.254922414737553,5.94153790353777,10.0,18.0,34,3.3757970154812966e-06,0.00033757970154812966,LOW,0.13999999999999999,813.0,17.746132857548822,36.0,False,0,13.411367312016306,NO ACTION,2,32.757692254569
CA_1,HOBBIES_1_131,22.943919869091104,0.8194257096103966,1.1443928065466036,0.14434632751373988,299.0903840077948,0.6222222222222222,1.2413998783339677,0.7222222222222222,5,1.9951037409057215,HOBBIES_1,HOBBIES,CA,0.68,203.3814611253005,0.9940278260954777,C,Z,CZ,0.9,1.2815515655446004,8,7,4,7,50.0,0.2,SIMULATED,5.412041170657128,3.2844353556575183,5.0,11.0,11,0.04443907817717119,4.443907817717118,LOW,0.136,469.0,5.735979967272776,17.0,True,469,13.42401934302342,REORDER,1,32.61738209968749
CA_1,HOBBIES_1_217,4.813151198258247,0.17189825708065168,0.27352973034550876,0.05024049573541035,62.74286383443786,0.16666666666666666,0.3747658444979307,0.8333333333333334,1,2.2485815754981315,HOBBIES_1,HOBBIES,CA,3.47,217.7177375054994,0.9928448016058741,C,Z,CZ,0.9,1.2815515655446004,14,3,0,3,50.0,0.2,SIMULATED,0.4888459064619597,0.6491134836118732,1.0,2.0,3,5.473320971149942e-05,0.005473320971149942,LOW,0.6940000000000001,96.0,1.2032877995645617,4.0,False,0,17.452082405408305,NO ACTION,1,32.489099747564005
CA_1,HOBBIES_1_012,4.977581987023546,0.17777078525084095,0.2689513093899868,0.047559242158678953,64.88633661655695,0.17777777777777778,0.3844674641127625,0.8222222222222222,1,2.162617320911859,HOBBIES_1,HOBBIES,CA,6.52,423.05891473995126,0.9582311816568869,C,Z,CZ,0.9,1.2815515655446004,3,1,1,3,50.0,0.2,SIMULATED,0.44725891678043017,0.6659171817004687,1.0,2.0,2,0.009857370212204342,0.9857370212204342,LOW,1.304,71.0,1.2443954967558866,4.0,True,71,11.250379227378204,REORDER,1,32.21761542185085
CA_1,HOBBIES_1_051,4.832382049117037,0.17258507318275132,0.2610427866002273,0.04407488648219044,62.993551711704235,0.2111111111111111,0.436905472625358,0.8,2,2.069542435655948,HOBBIES_1,HOBBIES,CA,5.98,376.70143923599136,0.968110154892094,C,Z,CZ,0.9,1.2815515655446004,4,1,1,3,50.0,0.2,SIMULATED,0.46454736776752137,0.7567424766920133,1.0,2.0,2,0.021227654753652403,2.1227654753652403,LOW,1.1960000000000002,73.0,1.2080955122792592,4.0,True,73,11.58842056671746,REORDER,1,31.969083641778624
CA_1,HOBBIES_1_234,116.90594184294488,4.175212208676603,5.248115567628196,0.41820898885299357,1523.9524561669602,2.7555555555555555,5.7363636273704115,0.6666666666666666,27,2.081744109299868,HOBBIES_1,HOBBIES,CA,0.3,457.18573685008806,0.9549612386513795,C,Z,CZ,0.9,1.2815515655446004,12,51,17,8,50.0,0.2,SIMULATED,31.192325606020404,16.22488648106192,21.0,53.0,68,0.011646524155921378,1.1646524155921378,LOW,0.06,1594.0,29.22648546073622,83.0,False,0,16.286593426818943,NO ACTION,1,31.51623254235396
CA_1,HOBBIES_1_245,4.9495161951501405,0.17676843554107644,0.2746449276364511,0.0536725081336697,64.5204789724929,0.23333333333333334,0.45096650265496874,0.7777777777777778,2,1.9327052997842955,HOBBIES_1,HOBBIES,CA,4.97,320.66678049328965,0.9773141211412445,C,Z,CZ,0.9,1.2815515655446004,10,2,0,3,50.0,0.2,SIMULATED,0.5486463429717463,0.7810968951100508,2.0,3.0,2,0.03157763316487072,3.157763316487072,LOW,0.994,81.0,1.2373790487875351,5.0,True,81,11.314173142422318,REORDER,1,31.2217109877352
CA_1,HOBBIES_1_244,158.91265252339122,5.6754518758354005,7.206406324574909,0.5998137335788055,2071.5399346799213,4.988888888888889,5.439130888200456,0.2777777777777778,25,1.0902487345560243,HOBBIES_1,HOBBIES,CA,0.48,994.3391686463622,0.850843259000138,B,Z,BZ,0.95,1.6448536269514722,12,69,0,4,50.0,0.2,SIMULATED,19.280366348021026,10.878261776400912,18.0,38.0,69,2.4322352861760876e-06,0.00024322352861760876,LOW,0.096,1469.0,39.728163130847804,78.0,False,0,12.157620107072692,NO ACTION,2,30.902633279677413
CA_1,HOBBIES_1_219,5.748059576719893,0.20528784202571046,0.3369451456948749,0.057672795796708996,74.93006233938432,0.26666666666666666,0.5568773289967566,0.7888888888888889,2,2.088282152679765,HOBBIES_1,HOBBIES,CA,1.74,130.3783084705287,0.9983888322752863,C,Z,CZ,0.9,1.2815515655446004,12,3,1,3,50.0,0.2,SIMULATED,0.6262032661230152,0.9645398274056315,2.0,3.0,4,0.00023452965365211575,0.023452965365211575,LOW,0.34800000000000003,147.0,1.4370148941799732,5.0,False,0,19.484741404011807,NO ACTION,1,30.896893306016775
CA_1,HOBBIES_1_256,161.09298128803334,5.753320760286905,6.606440275566062,0.39168154742946215,2099.96207750472,5.655555555555556,5.528600024166695,0.1,32,0.9775518942933832,HOBBIES_1,HOBBIES,CA,0.48,1007.9817972022656,0.845126001579346,B,Y,BY,0.95,1.6448536269514722,9,52,12,6,50.0,0.2,SIMULATED,33.8268068301672,13.542249051147149,23.0,57.0,64,0.012937642291229401,1.29376422912294,LOW,0.096,1480.0,40.273245322008336,98.0,False,0,11.124008471378882,NO ACTION,2,30.551777480407598
CA_1,HOBBIES_1_194,29.352112816892394,1.0482897434604426,1.3117109966967078,0.1375902737150804,382.62575636306156,1.2555555555555555,1.2944228778751328,0.3888888888888889,4,1.0309554532988598,HOBBIES_1,HOBBIES,CA,2.88,1101.9621783256173,0.8230712157153756,B,Z,BZ,0.95,1.6448536269514722,7,8,5,4,50.0,0.2,SIMULATED,4.389264046381733,2.5888457557502655,5.0,10.0,13,0.0004403662236417416,0.04403662236417416,LOW,0.576,258.0,7.338028204223098,18.0,False,0,12.401139742097282,NO ACTION,2,30.335976506407103
CA_1,HOBBIES_1_240,28.086510577343955,1.0030896634765698,1.2798810682960606,0.1261271202708935,366.12772716894796,1.011111111111111,1.0330977138644775,0.35555555555555557,5,1.0217439812180733,HOBBIES_1,HOBBIES,CA,2.88,1054.4478542465702,0.8373417761163218,B,Z,BZ,0.95,1.6448536269514722,11,12,5,3,50.0,0.2,SIMULATED,3.146192307911158,1.789377729596529,3.0,7.0,17,4.884981308350689e-15,4.884981308350689e-13,LOW,0.576,253.0,7.021627644335989,15.0,False,0,16.94762060797218,NO ACTION,2,30.217439812181023
CA_1,HOBBIES_1_171,7.191870600703271,0.25685252145368825,0.3950625115666365,0.0678758543399144,93.75117033059621,0.3333333333333333,0.5192907868894985,0.6888888888888889,2,1.5578676870654344,HOBBIES_1,HOBBIES,CA,2.88,270.0033705521171,0.9863031984328623,C,Z,CZ,0.9,1.2815515655446004,9,3,2,9,50.0,0.2,SIMULATED,2.7290605021134566,1.5578723606684954,2.0,5.0,5,0.07245906313316985,7.245906313316985,LOW,0.576,128.0,1.7979676501758177,7.0,True,128,19.466347869018882,REORDER,1,29.926220658644535
CA_1,HOBBIES_1_044,20.861157501634906,0.7450413393441038,1.0098648655671472,0.13773158754017734,271.9400888605979,0.4111111111111111,0.8057998252060634,0.6777777777777778,6,1.9600488611931948,HOBBIES_1,HOBBIES,CA,1.48,402.47133151368485,0.9628876044798235,C,Z,CZ,0.9,1.2815515655446004,11,9,0,4,50.0,0.2,SIMULATED,2.5090055274727616,1.6115996504121268,3.0,6.0,9,2.8165951016956292e-05,0.002816595101695629,LOW,0.296,304.0,5.215289375408727,12.0,False,0,12.079850398734559,NO ACTION,1,29.602178568992965
CA_1,HOBBIES_1_014,36.06475268444246,1.2880268815872307,1.7174922442665392,0.18128732402606706,470.1298117793392,1.711111111111111,1.5881898709434243,0.26666666666666666,7,0.9281623691577596,HOBBIES_1,HOBBIES,CA,1.16,545.3505816640335,0.9443371633351186,B,Y,BY,0.95,1.6448536269514722,13,17,3,5,50.0,0.2,SIMULATED,6.880433805166461,3.5513005126061152,6.0,13.0,20,0.00011024708196671895,0.011024708196671895,LOW,0.23199999999999998,451.0,9.016188171110615,23.0,False,0,15.527614181266088,NO ACTION,2,29.2882385164956
CA_1,HOBBIES_1_006,22.04994194692148,0.7874979266757671,1.0470264426348272,0.11722257706749069,287.436743236655,0.9,1.4843755544055737,0.5888888888888889,9,1.6493043390013717,HOBBIES_1,HOBBIES,CA,0.96,275.9392735071888,0.9852752440889578,C,Z,CZ,0.9,1.2815515655446004,3,3,4,3,50.0,0.2,SIMULATED,2.013891434017412,2.5710138777436735,4.0,7.0,7,0.02622906425495486,2.622906425495486,LOW,0.192,387.0,5.51248548673037,13.0,True,387,8.888901004029018,REORDER,1,28.06678724531101
CA_1,HOBBIES_1_036,26.968972262426412,0.9631775808009433,1.2526904595409654,0.14972447380432866,351.5598169923443,0.8444444444444444,1.3813453067316164,0.6,6,1.6358017155748825,HOBBIES_1,HOBBIES,CA,1.12,393.7469950314256,0.9659084694053776,C,Z,CZ,0.9,1.2815515655446004,12,12,4,8,50.0,0.2,SIMULATED,8.087338517732764,3.90703453420055,6.0,15.0,16,0.02142164072310715,2.142164072310715,LOW,0.22400000000000003,397.0,6.742243065606603,22.0,False,0,16.611665083639004,NO ACTION,1,27.643315599135256
CA_1,HOBBIES_1_043,34.41412501764433,1.2290758934872976,1.6030374879247438,0.18265800118676792,448.61270112286365,2.3666666666666667,2.9734782719414423,0.3888888888888889,13,1.2563987389617055,HOBBIES_1,HOBBIES,CA,0.7,314.0288907860045,0.9791262501059902,C,Z,CZ,0.9,1.2815515655446004,11,14,0,4,50.0,0.2,SIMULATED,4.722507199353588,5.946956543882885,8.0,13.0,14,0.05937516053208103,5.937516053208103,LOW,0.13999999999999999,567.0,8.603531254411083,22.0,False,0,11.390662434697125,NO ACTION,1,26.126497021541915
CA_1,HOBBIES_1_056,35.00067590200461,1.2500241393573075,1.672211169550059,0.17985630672414057,456.2588108654172,1.5222222222222221,1.6230625634564684,0.3333333333333333,7,1.0662447791901608,HOBBIES_1,HOBBIES,CA,0.94,428.8832822134922,0.9566167035879026,C,Z,CZ,0.9,1.2815515655446004,11,14,6,9,50.0,0.2,SIMULATED,11.90921183441107,4.869187690369405,7.0,19.0,20,0.04829349580782816,4.829349580782816,LOW,0.188,493.0,8.750168975501152,28.0,False,0,15.999678222697884,NO ACTION,1,23.560057540371297
CA_1,HOBBIES_1_236,4.261558745583552,0.152198526627984,0.2610172268557186,0.05104531576562323,55.552462219214156,0.0,0.0,1.0,0,0.0,HOBBIES_1,HOBBIES,CA,11.88,659.9632511642642,0.9176844826846275,B,X,BX,0.95,1.6448536269514722,13,2,1,5,50.0,0.2,SIMULATED,0.5711507506854754,0.0,0.0,1.0,3,0.0,0.0,LOW,2.3760000000000003,49.0,1.065389686395888,3.0,False,0,19.71096800670606,NO ACTION,2,20.0
CA_1,HOBBIES_1_018,4.2783746210435245,0.1527990936086973,0.2614368823243379,0.05092604675153771,55.771669167174515,0.0,0.0,1.0,0,0.0,HOBBIES_1,HOBBIES,CA,11.88,662.5674297060333,0.916430331426516,B,X,BX,0.95,1.6448536269514722,4,1,0,3,50.0,0.2,SIMULATED,0.2871885151345295,0.0,0.0,1.0,1,0.0,0.0,LOW,2.3760000000000003,49.0,1.0695936552608811,3.0,True,49,6.544498608494834,REORDER,2,20.0
CA_1,HOBBIES_1_260,4.322493017342476,0.15437475061937414,0.2595292782973716,0.053490876840466065,56.34678397607156,0.0,0.0,1.0,0,0.0,HOBBIES_1,HOBBIES,CA,12.88,725.7465776118017,0.9045976501557024,B,X,BX,0.95,1.6448536269514722,6,1,0,4,50.0,0.2,SIMULATED,0.40110844334192053,0.0,0.0,1.0,1,0.0,0.0,LOW,2.5760000000000005,47.0,1.080623254335619,3.0,True,47,6.477701296919233,REORDER,2,20.0
CA_1,HOBBIES_1_210,5.235722504747121,0.18699008945525433,0.30653171580935,0.05554179754243989,68.25138265116783,0.0,0.0,1.0,0,0.0,HOBBIES_1,HOBBIES,CA,5.47,373.335063101888,0.9688196165753928,C,X,CX,0.9,1.2815515655446004,8,2,0,4,50.0,0.2,SIMULATED,0.5373803158952761,0.0,0.0,1.0,2,0.0,0.0,LOW,1.094,79.0,1.3089306261867804,3.0,False,0,10.695696815428128,NO ACTION,1,10.0
