tree
version=v4
num_class=1
num_tree_per_iteration=1
label_index=0
max_feature_idx=45
objective=regression
feature_names=item_id_code dept_id_code cat_id_code store_id_code state_id_code lag_1 lag_7 lag_14 lag_28 lag_56 rolling_mean_7 rolling_mean_14 rolling_mean_28 rolling_mean_56 rolling_std_7 rolling_std_14 rolling_std_28 rolling_std_56 rolling_min_7 rolling_min_28 rolling_max_7 rolling_max_28 zero_sales_rate_28 sell_price price_change price_change_pct price_vs_historical_mean day_of_week day_of_month week_of_year month_num quarter year_num is_weekend is_month_start is_month_end dow_sin dow_cos month_sin month_cos snap has_event days_since_launch demand_trend_7_28 demand_ratio_7_28 demand_cv_28
feature_infos=[0:299] none none none none [0:294] [0:294] [0:294] [0:294] [0:294] [0:50.857143402099609] [0:37] [0:31.5] [0:25.089284896850586] [0:111.12155151367188] [0:78.322280883789062] [0:55.392238616943359] [0:48.7347412109375] [0:14] [0:7] [0:294] [0:294] [0:1] [0.10000000149011612:30.979999542236328] [-2.9800000190734863:9.0399999618530273] [-0.6268656849861145:1.6799999475479126] [0.33387097716331482:1.5952380895614624] [0:6] [1:31] [1:53] [1:12] [1:4] [2011:2016] [0:1] [0:1] [0:1] [-0.97492790222167969:0.97492790222167969] [-0.90096884965896606:1] [-1:1] [-1:1] [0:1] [0:1] [28:1884] [-15.321428298950195:33.178569793701172] [0:3.9999985694885254] [0:5.2914996147155762]
tree_sizes=5471 5669 5620 5685 5658 5607 5612 5635 5623 5609 5606 5657 5653 5598 5613 5605 5617 5632 5604 5607 5620 5595 5630 5633 5600 5655 5579 5626 5631 5623 5616 5569 5663 5603 5633 5616 5661 5589 5630 5643 5608 5613 5612 5637 5635 5634 5630 5626 5535 5642 5629 5607 5627 5556 5602 5645 5608 5579 5612 5632 5609 5620 5610 5590 5593 5648 5559 5619 5629 5637 5611 5635 5618 5592 5624 5582 5680 5579

Tree=0
num_leaves=63
num_cat=0
split_feature=12 12 12 13 12 12 13 13 5 5 11 36 5 10 36 13 12 13 5 8 38 14 5 36 43 5 44 27 36 13 9 11 10 27 12 13 21 12 11 12 43 11 21 7 13 7 9 21 5 12 21 27 10 8 10 29 9 18 11 21 12 10
split_gain=1.28405e+06 143254 95700.7 45235.4 23846.8 14166.2 14157.6 13622.1 7478.95 7191.29 6414.53 5482.22 5125.73 4688.26 3680.7 3432.62 3381.82 2802.78 2790.68 2689.44 2908.17 2444.98 2402.45 2187.86 2120.52 2086.63 2077.95 2030.32 1953.77 1923.45 1914.27 1911.09 1892.99 1871.78 1794.07 1711.3 1633.18 1627.31 1605.87 1564.61 1539.2 1369.42 1355 1318.35 1313.38 1310.25 1899.74 1297.23 1280.74 1277.99 1488.41 1267.72 1260.57 1254.68 1850.59 1833.34 1846.08 1473.08 1209.14 1208.19 1580.13 1984.26
threshold=3.2321428060531621 6.5535714626312265 0.91071426868438732 12.098214149475099 1.8392856717109682 0.41071428358554846 4.9546959400177011 8.4553570747375506 1.0000000180025095e-35 1.0000000180025095e-35 21.678571701049808 -0.87837970256805409 1.0000000180025095e-35 5.2142856121063241 -0.87837970256805409 2.559394478797913 1.4464285969734194 6.9309523105621347 1.0000000180025095e-35 31.500000000000004 0.93301269412040722 8.2447671890258807 1.0000000180025095e-35 -0.87837970256805409 2.303571462631226 5.5000000000000009 3.4494930505752568 4.5000000000000009 -0.87837970256805409 0.71563342213630687 79.000000000000014 5.5357143878936776 28.071428298950199 4.5000000000000009 0.16071429103612903 3.8125000000000004 63.500000000000007 12.339285373687746 2.1071428060531621 15.982142925262453 5.0892858505249032 2.9642857313156132 40.500000000000007 16.500000000000004 9.8482141494750994 18.500000000000004 33.500000000000007 63.500000000000007 15.500000000000002 15.517857074737551 52.500000000000007 4.5000000000000009 1.0000000180025095e-35 3.5000000000000004 13.214285850524904 15.500000000000002 5.5000000000000009 1.0000000180025095e-35 8.2500000000000018 31.500000000000004 7.1964285373687753 3.6428570747375493
decision_type=2 2 2 2 2 2 2 2 2 2 2 2 2 2 2 2 2 2 2 2 2 2 2 2 2 2 2 2 2 2 8 2 2 2 2 2 2 2 2 2 2 2 2 2 2 2 8 2 2 2 2 2 2 2 2 2 10 2 2 2 2 2
left_child=2 6 5 7 16 34 22 18 38 59 12 45 30 15 24 27 26 23 -3 20 47 37 -2 -10 36 -21 33 -6 -20 -7 -5 35 43 -4 -1 -24 42 -13 -8 -22 -15 51 -14 -12 -23 46 -11 49 58 53 -51 -18 -17 -16 55 -55 -57 -58 -30 -9 -61 -62
right_child=1 3 4 10 13 29 8 9 17 11 32 21 14 40 19 52 41 -19 28 25 39 44 31 -25 -26 -27 -28 -29 48 -31 -32 -33 -34 -35 -36 -37 -38 -39 -40 -41 -42 -43 -44 -45 -46 -47 -48 -49 -50 50 -52 -53 -54 54 -56 56 57 -59 -60 60 61 -63
leaf_value=1.1593786537208832 1.2590243413911262 1.3348915100621814 1.1856422410522904 1.4359153122230688 1.211113843992351 1.1730499375163446 1.1911967825206293 1.4269962917892864 1.3791972613261976 1.4824024117040002 1.9928509050921428 1.448639552428685 1.8352793867190753 1.2925790622616127 1.4326141974278301 1.1827143984831989 1.1978783309603671 1.3877275420558832 1.4205192788890781 1.8863314483191727 1.8450704847835351 1.3893665888707434 1.2680839621040814 1.3295908558801941 1.5080561120536662 1.6041683915901004 1.3372626018616809 1.2334109301802973 1.3717606468610666 1.1814764694027684 1.1797579138290952 1.3205244671876752 1.5737912516989812 1.1970665843386521 1.1651840671421685 1.2954395321128809 1.8900556748468502 1.5855350101172017 1.2876751317788022 1.564645762227838 1.4270087924112309 1.2934458156552546 1.612023251319973 1.7475279295026236 1.4317825142434786 1.5890085494371635 1.6842452958193508 1.4550883089906339 1.345706069344788 1.5354257439992931 1.7291190883235616 1.2149843665144495 1.2459943835656657 1.4839324887743253 1.4794931902178627 1.495823208698426 1.8596732731510244 1.6389956673079062 1.4010235585712432 1.5458169586845454 1.2094042022056948 1.3486662014765773
leaf_weight=94466 2959 1268 44989 128 12821 75475 169 162 931 660 35 2505 34 353 133 297 13628 1125 1075 31 38 1244 3493 5743 53 103 85 5153 3468 36014 33 1542 31 18100 97230 5019 42 81 1907 35 98 151 93 49 1406 168 45 250 1010 91 60 5462 6121 100 275 55 39 96 2018 31 109 595
leaf_count=94466 2959 1268 44989 128 12821 75475 169 162 931 660 35 2505 34 353 133 297 13628 1125 1075 31 38 1244 3493 5743 53 103 85 5153 3468 36014 33 1542 31 18100 97230 5019 42 81 1907 35 98 151 93 49 1406 168 45 250 1010 91 60 5462 6121 100 275 55 39 96 2018 31 109 595
internal_value=1.19179 1.35287 1.17588 1.41709 1.20024 1.16727 1.30335 1.40089 1.33043 1.43213 1.55944 1.44378 1.54463 1.226 1.5616 1.22423 1.19247 1.3439 1.37611 1.54234 1.52771 1.43217 1.28279 1.33651 1.67473 1.66993 1.18912 1.21751 1.38302 1.17577 1.38343 1.28979 1.77639 1.18892 1.16232 1.28422 1.72678 1.45294 1.27982 1.71133 1.32184 1.20349 1.67226 1.85059 1.41188 1.51342 1.49536 1.51546 1.37681 1.53321 1.6127 1.20277 1.24307 1.51595 1.53552 1.58852 1.64337 1.70321 1.38253 1.35278 1.33639 1.32711
internal_weight=450980 40537 410443 17649 107258 303185 22888 15845 9875 7006 1804 6109 1689 24843 1528 24392 82415 7799 8839 1306 1172 5236 13013 6674 222 134 63174 17974 7571 111489 161 10054 115 63089 191696 8512 169 2586 2076 73 451 19241 127 84 2650 873 705 1099 6496 849 151 19090 6418 698 565 290 190 135 5486 897 735 704
internal_count=450980 40537 410443 17649 107258 303185 22888 15845 9875 7006 1804 6109 1689 24843 1528 24392 82415 7799 8839 1306 1172 5236 13013 6674 222 134 63174 17974 7571 111489 161 10054 115 63089 191696 8512 169 2586 2076 73 451 19241 127 84 2650 873 705 1099 6496 849 151 19090 6418 698 565 290 190 135 5486 897 735 704
is_linear=0
shrinkage=1


Tree=1
num_leaves=63
num_cat=0
split_feature=12 12 12 13 12 12 13 13 5 5 11 36 5 13 10 36 12 23 13 5 23 45 27 14 27 28 21 27 44 44 23 5 13 9 10 27 5 23 12 22 27 14 28 26 29 36 29 12 11 12 45 28 26 10 23 45 37 26 29 7 7 9
split_gain=1.20819e+06 130837 92373.3 42570.6 24097.2 13329 12817.5 12702.1 6936.79 6766.02 6037.1 5158.65 4823.4 4330.77 3480.71 3463.98 3181.96 2814.45 2721.99 2625.73 3039.33 2607.25 2520.48 2300.49 2111.07 2066.74 2845.62 1976.21 1955.29 1881.11 1871.8 2301.61 1814.14 1801.26 1781.22 1761.16 1690.09 2048.35 1688.04 1643.16 2295.89 1627.83 2201.25 1601.17 1587.35 1532.84 1451.99 1451.49 1423.63 1373.38 1372.97 1347.84 1344.11 1310.55 1305.66 1291.49 1289.13 2204.82 1317.8 1240.73 1232.89 1788.01
threshold=3.303571462631226 6.5535714626312265 0.91071426868438732 12.098214149475099 1.8392856717109682 0.41071428358554846 8.4553570747375506 4.9546959400177011 1.0000000180025095e-35 1.0000000180025095e-35 21.678571701049808 -0.87837970256805409 1.0000000180025095e-35 2.6464285850524907 7.0714285373687753 -0.87837970256805409 1.4464285969734194 0.57499998807907116 5.8819444179534921 1.0000000180025095e-35 0.55500000715255748 1.707260847091675 4.5000000000000009 8.2447671890258807 4.5000000000000009 7.5000000000000009 51.500000000000007 4.5000000000000009 3.4494930505752568 1.1764690876007082 0.57499998807907116 1.0000000180025095e-35 0.6966991424560548 79.000000000000014 28.071428298950199 4.5000000000000009 1.0000000180025095e-35 0.55500000715255748 0.16071429103612903 0.19642857462167743 5.5000000000000009 9.394780635833742 11.500000000000002 1.0591672062873843 30.500000000000004 -0.87837970256805409 31.500000000000004 4.1964285373687753 2.1071428060531621 9.3035712242126483 0.96675303578376781 23.500000000000004 0.94345536828041088 3.928571462631226 0.52000001072883617 0.94954836368560802 1.0000000180025095e-35 1.0812516212463381 47.500000000000007 16.500000000000004 18.500000000000004 33.500000000000007
decision_type=2 2 2 2 2 2 2 2 2 2 2 2 2 2 2 2 2 2 2 2 2 2 2 2 2 2 2 2 2 2 2 2 2 8 2 2 2 2 2 2 2 2 2 2 2 2 2 2 2 2 2 2 2 2 2 2 2 2 2 2 2 8
left_child=2 7 5 6 16 38 19 24 48 39 12 60 33 14 27 29 28 21 -10 52 56 41 -22 25 30 26 -13 -6 35 44 31 -2 -7 -5 59 -4 -15 -38 -1 -8 54 42 -17 -33 -14 -20 -44 -26 -9 -27 -25 -48 -3 -18 -41 -46 57 58 -21 -12 61 -11
right_child=1 3 4 10 13 32 9 8 18 11 34 23 15 36 -16 17 53 -19 45 20 22 -23 -24 50 47 49 -28 -29 -30 -31 -32 43 -34 -35 -36 -37 37 -39 -40 40 -42 -43 46 -45 55 -47 51 -49 -50 -51 -52 -53 -54 -55 -56 -57 -58 -59 -60 -61 -62 -63
leaf_value=-0.031442331170286331 0.062741517077318953 0.034316668055083217 -0.005966651152005985 0.23680394408016073 0.019921452761338838 -0.018359278224544053 0.1881152139984083 0.000696184438551079 0.13110828692285151 0.2818920312570164 0.77709419488906861 0.28213417236589977 0.42727880136142665 0.032935035986196931 0.20799586039048268 0.49438349975669049 0.010619061254080298 0.19229836896687999 0.21544144415351069 0.22035266426135605 0.14716844198532492 0.62965146530110172 0.20508727531793577 0.24227892283889091 0.090431022480233575 0.21143097989230142 0.50841231667102982 0.041313471566846775 0.14111022809907775 0.30945899079948835 0.07462940177279484 0.15246597744557122 -0.010344578295222539 -0.011675539920697397 0.37057472696641625 0.005114963501226674 0.14852109409249048 0.06101658771355075 -0.025811079083577316 0.028763402296198028 0.32092352998226192 0.31895306230841691 0.28849019896161482 0.048779953715923384 0.519768043916079 0.15883810660533484 0.5040087189773067 0.12874388752283381 0.093080608452669841 0.26109645888862021 0.19721998656811454 0.3044005647341716 0.14794099421865503 0.096283974058094191 0.15741208461614756 0.77073756233798307 0.18347135428961953 0.46805578202105025 0.14061615193343524 0.53909641068603265 0.38530575568196601 0.47771105522591362
leaf_weight=94466 590 102 44989 128 13583 72283 554 163 4174 660 35 479 88 2016 95 133 19079 107 501 2166 2351 30 951 956 1888 889 56 5445 85 52 7225 890 39206 33 31 18100 256 4043 97230 191 39 740 168 158 52 3112 76 1687 1905 1162 1694 52 1166 162 113 30 1867 31 205 49 168 45
leaf_count=94466 590 102 44989 128 13583 72283 554 163 4174 660 35 479 88 2016 95 133 19079 107 501 2166 2351 30 951 956 1888 889 56 5445 85 52 7225 890 39206 33 31 18100 256 4043 97230 191 39 740 168 158 52 3112 76 1687 1905 1162 1694 52 1166 162 113 30 1867 31 205 49 168 45
internal_value=1.02335e-07 0.15752 -0.0153067 0.218544 0.00853792 -0.0237891 0.20282 0.109208 0.13465 0.233131 0.356632 0.244431 0.342268 0.034062 0.0269483 0.358731 0.000659689 0.34004 0.147621 0.178792 0.185486 0.353206 0.163856 0.233161 0.0890494 0.253316 0.305913 0.0260432 -0.00259349 0.468481 0.0811968 0.110157 -0.0155409 0.185888 0.567103 -0.00278735 0.0556026 0.0662311 -0.0285861 0.156156 0.104492 0.346057 0.392721 0.136842 0.516904 0.166693 0.346885 0.108514 0.0858 0.239581 0.213484 0.423231 0.138805 0.0113409 0.0766244 0.612431 0.202213 0.216771 0.213465 0.639086 0.311986 0.294459
internal_weight=450980 39942 411038 17649 107853 303185 15845 22293 9855 7006 1804 6109 1689 25438 19123 1528 82415 1306 7787 8839 7571 1199 3302 5236 12438 2586 535 19028 63174 222 8863 1638 111489 161 115 63089 6315 4299 191696 897 343 1169 429 1048 170 3613 296 3575 2068 2051 2650 128 1268 19241 304 82 4269 2402 2371 84 873 705
internal_count=450980 39942 411038 17649 107853 303185 15845 22293 9855 7006 1804 6109 1689 25438 19123 1528 82415 1306 7787 8839 7571 1199 3302 5236 12438 2586 535 19028 63174 222 8863 1638 111489 161 115 63089 6315 4299 191696 897 343 1169 429 1048 170 3613 296 3575 2068 2051 2650 128 1268 19241 304 82 4269 2402 2371 84 873 705
is_linear=0
shrinkage=0.03


Tree=2
num_leaves=63
num_cat=0
split_feature=12 13 12 13 12 12 12 11 36 13 13 10 13 13 36 13 26 10 14 42 42 8 45 36 23 14 12 14 42 11 23 8 44 45 14 36 42 29 12 33 10 44 23 28 0 26 33 28 6 0 28 6 13 6 33 29 29 6 14 26 36 33
split_gain=1.13696e+06 104474 102858 29942.4 24744.1 20628.1 19771.2 5657.56 5002.69 4518.64 4210.1 3830.48 3741.09 3717.54 3072.54 3035.09 2952.13 2665.56 2528.11 2526.61 3315.29 2825.19 2614.61 2483.98 2568.56 2467.53 2457.59 2397.84 2378.23 2349.63 2192.39 1961.69 1873.25 1833.05 1831.99 1811.32 1800.14 1958.75 1791.46 1786.14 1676.04 1636.4 1579.96 1577.19 3208.2 1674.95 1482.59 1416.55 1397.34 1387.04 1350.7 1320.46 1431.27 1255.91 1254.16 1218.01 1789.66 1965.71 1210.95 1202.34 1185.45 1172.55
threshold=3.7321428060531621 7.7232143878936776 1.2321428656578066 12.098214149475099 0.48214285075664526 2.2678571939468388 6.0535714626312265 21.678571701049808 -0.87837970256805409 4.901219606399537 9.8482141494750994 4.2142856121063241 0.84009739756584179 2.8768939971923833 -0.87837970256805409 1.7161172032356264 0.95645162463188182 3.0714285373687749 8.1766209602355975 46.500000000000007 77.500000000000014 33.500000000000007 0.92215475440025341 -0.87837970256805409 0.52000001072883617 1.479938328266144 0.23214285820722583 8.0118951797485369 177.50000000000003 4.1071429252624521 0.62999999523162853 44.500000000000007 0.28571385145187383 1.1801151633262636 9.7797164916992205 -0.87837970256805409 309.50000000000006 38.500000000000007 13.946428775787355 1.0000000180025095e-35 28.071428298950199 3.9999881982803349 0.57499998807907116 7.5000000000000009 252.50000000000003 1.063097417354584 1.0000000180025095e-35 3.5000000000000004 8.5000000000000018 259.50000000000006 19.500000000000004 9.5000000000000018 9.9727091789245623 35.500000000000007 1.0000000180025095e-35 41.500000000000007 35.500000000000007 13.500000000000002 7.0423884391784677 1.0055686831474306 -1.0000000180025095e-35 1.0000000180025095e-35
decision_type=2 2 2 2 2 2 2 2 2 2 2 2 2 2 2 2 2 2 2 2 2 2 2 2 2 2 2 2 2 2 2 2 2 2 2 2 2 2 2 2 2 2 2 2 2 2 2 2 2 2 2 2 2 2 2 2 2 2 2 2 2 2
left_child=2 6 4 8 26 11 9 14 17 39 25 15 41 29 36 46 -13 -3 43 -16 -21 22 47 -8 -25 -10 -1 -23 30 -7 33 -29 -15 -19 50 -11 37 38 -5 -2 -9 -6 -34 44 48 -45 -4 -22 -12 -47 -27 -30 -53 -49 -17 56 -24 -58 -54 -38 -44 -14
right_child=1 3 5 7 12 13 23 40 10 35 18 16 61 32 19 54 -18 28 -20 20 21 27 55 24 -26 34 -28 31 51 -31 -32 -33 42 -35 -36 -37 59 -39 -40 -41 -42 -43 60 45 -46 49 -48 53 -50 -51 -52 52 58 -55 -56 -57 57 -59 -60 -61 -62 -63
leaf_value=-0.029665178391358522 0.081964023694775942 0.043076929163401292 0.00058925772385219285 0.2632884938137553 -0.015007421159434093 0.033537949892893625 0.20144130603446686 0.61996100056681713 0.03545797144084286 0.15913588944524204 0.37311067872650749 0.38112752714185916 -0.0074860744820318386 0.0060795743068768702 0.080552097799772043 0.015246278229773523 0.082353340162247046 0.35564242381243699 0.21171883367090433 0.61536556536675902 0.467689575112193 0.67560618362833402 0.24633179749940165 0.1758688382541532 0.14029196900182556 0.21818790886313319 -0.023079102028480271 0.49700715438418108 0.23230919762191585 0.10452268735803383 0.21618819652323221 0.22047261688601658 0.11304909548217872 0.61839301051832996 0.166799157098349 0.11668775623447553 0.48520884543020198 0.71853384632930573 0.55219179758411685 0.11217641744406663 0.35949322774095932 0.089877635833267661 0.079982051112385794 0.23957536740538107 0.61191068922844094 0.28496170728862186 0.014623201955755326 0.31500475253049121 0.19967443301463703 0.52301033323646617 0.18267308747063693 0.26246880259555955 0.49789612806052164 0.49585732068735955 0.033895344331091704 0.16692057334372395 0.28975972981233283 0.5957705932271441 0.31677867676119603 0.28797796048582935 0.053061086998609099 0.0020574607697161724
leaf_weight=127078 6083 47 23569 32 79604 9065 1221 84 91 1060 90 33 40359 448 40 11379 297 57 1643 34 71 32 351 3158 4344 2420 85175 52 705 440 46 42 673 42 1698 6222 42 32 50 2481 31 134 2573 826 34 61 9508 592 79 35 1612 380 47 37 4541 118 52 30 118 85 3445 16252
leaf_count=127078 6083 47 23569 32 79604 9065 1221 84 91 1060 90 33 40359 448 40 11379 297 57 1643 34 71 32 351 3158 4344 2420 85175 52 705 440 46 42 673 42 1698 6222 42 32 50 2481 31 134 2573 826 34 61 9508 592 79 35 1612 380 47 37 4541 118 52 30 118 85 3445 16252
internal_value=1.9452e-07 0.160739 -0.0141157 0.233953 -0.0206162 0.0202344 0.125463 0.346373 0.213698 0.105494 0.205009 0.0104897 -0.0106439 0.0491137 0.332492 0.00980349 0.112342 0.265429 0.235484 0.315958 0.322624 0.315351 0.301656 0.161736 0.155271 0.190514 -0.0270223 0.450959 0.272916 0.0368252 0.388083 0.373831 0.0654739 0.467639 0.192975 0.122869 0.43186 0.518706 0.439925 0.090718 0.550134 -0.014831 0.0694503 0.270169 0.34604 0.253427 0.0046234 0.340189 0.292212 0.37222 0.203994 0.259525 0.29468 0.325723 0.020566 0.252648 0.275962 0.402322 0.368649 0.353546 0.0645726 -0.00474627
internal_weight=450980 36407 414573 11838 348602 65971 24569 1807 10031 15846 8589 49327 136349 16644 1692 48997 330 1442 2768 1451 1411 1377 1251 8723 7502 5821 212253 126 1395 9505 145 94 7139 99 5730 7282 241 114 82 8564 115 79738 6691 1125 203 922 33077 700 169 96 4032 1250 545 629 15920 551 433 82 165 127 6018 56611
internal_count=450980 36407 414573 11838 348602 65971 24569 1807 10031 15846 8589 49327 136349 16644 1692 48997 330 1442 2768 1451 1411 1377 1251 8723 7502 5821 212253 126 1395 9505 145 94 7139 99 5730 7282 241 114 82 8564 115 79738 6691 1125 203 922 33077 700 169 96 4032 1250 545 629 15920 551 433 82 165 127 6018 56611
is_linear=0
shrinkage=0.03


Tree=3
num_leaves=63
num_cat=0
split_feature=13 13 11 13 13 11 13 5 5 10 13 11 36 23 5 13 13 11 36 13 22 42 5 23 23 22 11 27 8 42 9 26 27 42 39 27 5 13 5 5 5 23 28 14 10 26 29 26 11 41 27 28 44 22 20 26 5 14 16 16 27 27
split_gain=1.06262e+06 98655.1 95984.9 28227.1 25978.2 20217.1 17446.6 9345.04 6191.61 5466.53 5421.49 5323.83 5104.66 4407.51 4114.66 3414.85 3395.29 3140.35 3089.84 3059.38 2869.96 2843.92 2782.28 2598.9 2555.45 2462.31 2387.87 2312.58 2242.38 2492.41 2284.55 2103.54 2044.73 2004.39 2080.52 1980.09 1820.17 1720.79 1598.27 1706.75 1593.45 2939.75 1577.6 2412.4 1494.1 1463.61 1441.57 1428.52 1426.73 1408.47 1358.31 1344.05 1391.95 1335.94 1304.24 1287.19 1431.36 1278.52 1261.39 1257.26 1354.06 1246.01
threshold=3.8125000000000004 7.7232143878936776 1.3214285373687746 12.098214149475099 0.57294833660125744 2.6071428060531621 5.8819444179534921 1.0000000180025095e-35 1.0000000180025095e-35 0.78571429848670971 1.7161172032356264 21.678571701049808 -0.87837970256805409 0.55500000715255748 1.0000000180025095e-35 0.28708791732788091 9.8482141494750994 4.3214285373687753 -0.87837970256805409 0.87627550959587108 0.19642857462167743 101.50000000000001 1.0000000180025095e-35 0.57499998807907116 0.52000001072883617 0.5892857313156129 1.7500000000000002 4.5000000000000009 31.500000000000004 83.500000000000014 8.5000000000000018 0.94639605283737194 4.5000000000000009 309.50000000000006 -0.68301269412040699 3.5000000000000004 23.500000000000004 3.1471861600875859 36.500000000000007 19.500000000000004 1.0000000180025095e-35 0.48999999463558203 11.500000000000002 9.590421676635744 1.0000000180025095e-35 1.0055686831474306 11.500000000000002 1.0328265428543093 8.6071429252624529 1.0000000180025095e-35 4.5000000000000009 7.5000000000000009 0.88888826966285717 0.089285716414451613 25.500000000000004 1.0711484551429751 7.5000000000000009 2.2938784360885625 7.5969483852386483 10.769776344299318 2.5000000000000004 4.5000000000000009
decision_type=2 2 2 2 2 2 2 2 2 2 2 2 2 2 2 2 2 2 2 2 2 2 2 2 2 2 2 2 2 2 10 2 2 2 2 2 2 2 2 2 2 2 2 2 2 2 2 2 2 2 2 2 2 2 2 2 2 2 2 2 2 2
left_child=2 6 4 7 15 10 8 20 26 -8 50 14 21 25 46 57 36 37 33 -6 47 -9 -11 28 31 -10 -2 -26 29 -20 -30 58 -12 34 -16 -15 51 -7 39 -13 -19 -42 43 -31 -21 -35 -5 -3 -37 -33 -4 52 59 -45 -18 -23 -57 -1 -24 -14 -61 -46
right_child=1 3 5 11 19 17 9 12 13 22 32 38 16 35 18 -17 54 40 23 44 -22 55 24 -25 27 -27 -28 -29 30 42 -32 49 -34 45 -36 48 -38 -39 -40 -41 41 -43 -44 53 61 -47 -48 -49 -50 -51 -52 -53 -54 -55 -56 56 -58 -59 -60 60 -62 -63
leaf_value=-0.028179068271084674 -0.0098909986317930482 0.15347607768755839 0.0004001342009745693 0.055850220211049448 -0.012931252121924116 0.040913668386400266 0.0069398921200589745 0.48619304378430767 0.14300041283887394 0.11808507811224458 0.018778539629903675 0.49655539789614089 0.24976300943679539 0.089405973680313458 0.37458048994637438 -0.020590419404981648 0.26198836591612817 0.043051921859199309 0.56089870441875689 -0.024161561348410819 0.086801085505429892 0.25788756986794303 0.36620490827617697 0.17825194310302997 0.13449502095535648 0.33169762261665187 0.073267548504565932 0.18144879820958293 0.32212376307894069 0.46644714138178861 0.57879170626959831 0.18187972505306924 0.040284238681488893 0.50793203795504993 0.65089678775659365 0.11558179391784829 0.13666480383292551 0.067665330447949118 0.34333804132138374 0.77886514866083756 0.21126870830680258 0.089205287580774784 0.28194814288574188 0.34057192774985035 -0.0050544537004024179 0.28285499738508396 0.24354818292589347 0.25634177203282155 0.26806988281680938 0.10920003186685352 0.014674972583872721 0.19184188072962297 0.2025445751156196 0.16912335799531489 0.21801226018156136 0.54765827599553973 0.2599185624730061 0.074556210552274793 0.21985150780440249 0.51846187411252809 0.25503739685074894 0.0048402255498823567
leaf_weight=149173 347 629 20782 56 60154 6843 227 55 2234 1479 13791 54 335 5105 42 85696 1129 477 37 2941 617 1122 79 107 3243 64 2972 1334 62 126 64 2942 5593 39 61 3863 439 3166 30 31 206 1288 660 198 40067 80 108 151 56 262 8434 3487 617 52 1328 30 33 109 164 36 35 16039
leaf_count=149173 347 629 20782 56 60154 6843 227 55 2234 1479 13791 54 335 5105 42 85696 1129 477 37 2941 617 1122 79 107 3243 64 2972 1334 62 126 64 2942 5593 39 61 3863 439 3166 30 31 206 1288 660 198 40067 80 108 151 56 262 8434 3487 617 52 1328 30 33 109 164 36 35 16039
internal_value=2.96723e-07 0.155829 -0.0136083 0.226833 -0.019577 0.0212873 0.121304 0.207188 0.10061 0.152442 0.0126827 0.335996 0.218822 0.111173 0.32253 -0.0253638 0.209381 0.0561936 0.337863 -0.00816952 0.135175 0.275185 0.155917 0.32021 0.162888 0.148271 0.0645729 0.148184 0.332862 0.318728 0.452862 0.182408 0.024984 0.441517 0.538711 0.101725 0.195054 0.0493764 0.533656 0.600327 0.0908076 0.10605 0.310024 0.359215 -0.00331847 0.356997 0.179538 0.173422 0.117768 0.175941 0.00452105 0.200734 0.231022 0.304999 0.23823 0.26535 0.397612 -0.028104 0.267569 0.274235 0.389167 -0.00222584
internal_weight=450980 36221 414759 11850 354179 60580 24371 10043 14641 9730 48600 1807 8646 11322 1692 234978 7406 11980 1528 119201 1397 1240 9503 1306 8024 2298 3319 4577 1199 1073 126 3447 19384 222 103 9024 4949 10009 115 85 1971 1494 1036 376 59047 119 164 780 3919 3204 29216 4510 1023 250 2457 1185 63 149282 243 406 71 56106
internal_count=450980 36221 414759 11850 354179 60580 24371 10043 14641 9730 48600 1807 8646 11322 1692 234978 7406 11980 1528 119201 1397 1240 9503 1306 8024 2298 3319 4577 1199 1073 126 3447 19384 222 103 9024 4949 10009 115 85 1971 1494 1036 376 59047 119 164 780 3919 3204 29216 4510 1023 250 2457 1185 63 149282 243 406 71 56106
is_linear=0
shrinkage=0.03


Tree=4
num_leaves=63
num_cat=0
split_feature=12 12 12 13 12 12 13 13 11 36 10 10 36 43 13 36 13 45 18 42 8 23 11 15 13 36 27 27 45 26 42 30 12 10 42 10 13 9 15 12 7 13 27 13 11 44 43 28 43 6 28 12 26 45 7 23 42 45 23 20 27 10
split_gain=1.00709e+06 112850 75229.2 35359.1 18722.4 11154.7 11079.3 10794.4 5033.61 4242.84 3932.15 2924.12 3049.44 2836.12 2753.97 2746.41 2743.22 2721.23 2373.03 2220.3 2397.57 2163.73 2112.36 4138.42 1977.86 1923.16 1858.15 1660.39 1653.47 1620.75 1596.35 1761.35 1671.29 1572.47 1620.65 1550.17 1518.02 1500.86 1462.34 1426.44 1776.02 1412.33 1398.69 1379.54 2002.21 1377.33 1298.49 1293.91 1291.2 1535.63 1266.38 1785.28 1247.6 1195.18 1173.72 1152.29 1147.03 1188.73 1123.4 1120.81 1112.69 1076.26
threshold=3.2321428060531621 6.5535714626312265 0.91071426868438732 12.098214149475099 1.8392856717109682 0.41071428358554846 4.9546959400177011 8.4553570747375506 21.678571701049808 -0.87837970256805409 5.2142856121063241 0.6428571641445161 -0.87837970256805409 2.7678571939468388 1.3763889074325564 -0.87837970256805409 2.559394478797913 0.96675303578376781 6.5000000000000009 52.500000000000007 31.500000000000004 0.55500000715255748 14.178571701049806 11.994160652160646 6.3819444179534921 -0.87837970256805409 4.5000000000000009 4.5000000000000009 0.91209888458251964 0.97573372721672069 309.50000000000006 9.5000000000000018 13.946428775787355 3.6428570747375493 95.500000000000014 28.071428298950199 0.71563342213630687 23.500000000000004 5.136480467626826e-07 5.9821429252624521 17.500000000000004 3.8125000000000004 4.5000000000000009 9.4865255355834979 4.8928570747375497 0.28571385145187383 5.0892858505249032 2.5000000000000004 7.0892858505249032 37.500000000000007 19.500000000000004 12.339285373687746 1.0579220056533816 1.0844773054122927 16.500000000000004 0.62999999523162853 454.50000000000006 1.5561692714691164 0.57499998807907116 33.500000000000007 4.5000000000000009 1.0000000180025095e-35
decision_type=2 2 2 2 2 2 2 2 2 2 2 2 2 2 2 2 2 2 2 2 2 2 2 2 2 2 2 2 2 2 2 2 2 2 2 2 2 8 2 2 2 2 2 2 2 2 2 2 2 2 2 2 2 2 2 2 2 2 2 2 2 2
left_child=2 6 5 7 13 38 25 21 15 33 16 -8 39 14 42 30 27 50 19 -17 28 -3 23 -22 -14 29 -23 -6 47 -2 31 32 -5 -9 -35 54 -7 -20 -1 -13 52 -27 -4 45 -45 -19 -12 -21 49 -30 51 -11 -41 -28 -10 -40 -47 -58 -43 -36 -16 -18
right_child=1 3 4 8 10 36 11 9 35 17 46 12 24 -15 60 18 61 43 37 20 22 26 -24 -25 -26 41 53 -29 48 -31 -32 -33 -34 34 59 -37 -38 -39 55 40 -42 58 -44 44 -46 56 -48 -49 -50 -51 -52 -53 -54 -55 -56 -57 57 -59 -60 -61 -62 -63
leaf_value=-0.030249036115789583 0.18120332740392492 0.17620381207080318 -0.00582791060510102 0.24286433848682959 0.016917659664244983 -0.016600312483109853 0.025640828079136358 0.069530529797164578 0.71882055657541655 0.23390533160299296 0.09122649492858928 0.14736698298328271 0.1091018813088218 0.11698083147192687 0.0052137709435112313 0.073772231664787344 -0.010216781038782163 0.021544067053322867 0.35399271442075075 0.47376642552237613 0.31569102472632465 0.13286743377079119 0.26912905530740983 0.76812332037712505 0.14157952684365394 0.062672885057104652 0.20343557289822303 0.037081409763830418 0.21524800714053235 0.097873129396281067 0.33257032411584792 0.67757891011015281 0.52182197368519745 0.43433058756159587 0.28630504544715929 0.33443082827080484 -0.0091143446363870489 0.57265888847704005 0.069212161881327131 0.17819667475410111 0.42915932562306658 0.10919906700400647 0.0042594260275602737 0.43780115216900811 0.19847416771190238 0.13301832327840429 0.21469796658815415 0.30009239132275906 0.4223153518649026 0.42678420041442994 0.19933914072268971 0.36074148959472402 0.37179891450167418 0.13868582618528344 0.48781384373633779 -0.024535695534163699 0.18330318841867771 0.3754131709415453 0.078355741619437189 0.2077719745181987 0.020223947814463517 0.048253732270596261
leaf_weight=54964 241 5028 43134 32 12821 75475 272 34 35 1576 353 984 5850 188 15518 44 297 59 115 42 41 2713 53 33 2375 4453 686 5153 493 1645 127 32 50 56 695 31 36014 38 118 329 32 1328 17346 32 1818 500 98 523 33 33 1006 107 33 412 49 136614 877 30 5346 216 6229 6121
leaf_count=54964 241 5028 43134 32 12821 75475 272 34 35 1576 353 984 5850 188 15518 44 297 59 115 42 41 2713 53 33 2375 4453 686 5153 493 1645 127 32 50 56 695 31 36014 38 118 329 32 1328 17346 32 1818 500 98 523 33 33 1006 107 33 412 49 136614 877 30 5346 216 6229 6121
internal_value=3.82736e-07 0.142652 -0.0140885 0.199654 0.00750519 -0.0217277 0.0986967 0.185324 0.325504 0.213141 0.0303342 0.122658 0.125405 0.000623607 0.000357413 0.312388 0.0287109 0.203599 0.296726 0.283471 0.290839 0.163273 0.414583 0.518236 0.118482 0.0805126 0.146208 0.0226987 0.27682 0.108531 0.40632 0.488103 0.413407 0.270354 0.277406 0.517689 -0.0141822 0.40865 -0.0261161 0.166719 0.214996 0.0757625 -0.00293478 0.185392 0.202638 0.163615 0.118101 0.313087 0.240113 0.228601 0.226043 0.241991 0.195947 0.179156 0.584825 -0.0244547 0.169569 0.1897 0.0844948 0.267711 0.00951328 0.0455476
internal_weight=450980 40537 410443 17649 107258 303185 22888 15845 1804 7006 24843 9875 9603 82415 82227 1689 24392 6005 1448 1295 1251 8839 127 74 8225 13013 3811 17974 1124 1886 241 114 82 1001 967 115 111489 153 191696 1378 394 11127 60480 3316 1850 1466 451 565 559 526 2689 1683 362 1098 84 136732 1407 907 6674 911 21747 6418
internal_count=450980 40537 410443 17649 107258 303185 22888 15845 1804 7006 24843 9875 9603 82415 82227 1689 24392 6005 1448 1295 1251 8839 127 74 8225 13013 3811 17974 1124 1886 241 114 82 1001 967 115 111489 153 191696 1378 394 11127 60480 3316 1850 1466 451 565 559 526 2689 1683 362 1098 84 136732 1407 907 6674 911 21747 6418
is_linear=0
shrinkage=0.03


Tree=5
num_leaves=63
num_cat=0
split_feature=12 13 12 13 12 12 13 11 10 36 13 13 12 13 27 14 36 10 14 18 36 23 14 42 23 42 8 13 22 36 11 26 45 14 21 44 23 12 20 42 29 12 10 12 22 27 12 14 27 6 13 20 11 21 6 8 20 10 18 28 21 45
split_gain=947928 87086.3 86110.9 24927.7 24696.5 16661.2 13436.3 4714.66 4495.72 4208.74 3768.02 3545.4 3015.33 2973.71 2624.74 2565.03 2556.08 2330.53 2273.7 2207.71 2156.54 2161.78 2156.38 2035.5 2034.2 1939.04 2137.35 1934.47 2143.27 1914.88 1877 1702.99 1702.81 1695.45 1653.93 1602.86 1600.29 1530.34 1519.81 1502.59 1657.66 1572.57 1458.64 1345.25 1305.95 1287.65 1274.73 1266.72 1256.74 1235.15 1322.26 1176.53 1136.3 1577 1119.19 1106.7 1322.51 1188.23 1102.99 1082.62 3549.63 1071.77
threshold=3.7321428060531621 7.7232143878936776 1.3750000000000002 12.098214149475099 0.55357143282890331 6.0535714626312265 2.559394478797913 21.678571701049808 4.9285714626312265 -0.87837970256805409 4.6339285373687753 9.8482141494750994 0.23214285820722583 0.87627550959587108 4.5000000000000009 0.80164620280265819 -0.87837970256805409 3.0714285373687749 8.1766209602355975 6.5000000000000009 -0.87837970256805409 0.52000001072883617 1.479938328266144 177.50000000000003 0.62999999523162853 46.500000000000007 31.500000000000004 3.6262254714965825 0.73214286565780651 -0.87837970256805409 14.178571701049806 0.95645162463188182 1.1801151633262636 7.4785406589508066 51.500000000000007 3.999993205070496 0.57499998807907116 1.9107143282890322 8.5000000000000018 309.50000000000006 38.500000000000007 13.946428775787355 28.071428298950199 12.339285373687746 0.053571430966258056 4.5000000000000009 9.3750000000000018 6.3038132190704355 4.5000000000000009 9.5000000000000018 9.9727091789245623 22.500000000000004 8.4642858505249041 22.500000000000004 14.500000000000002 18.500000000000004 13.500000000000002 8.0714287757873553 1.0000000180025095e-35 9.5000000000000018 51.500000000000007 0.86996445059776317
decision_type=2 2 2 2 2 2 2 2 2 2 2 2 2 2 2 2 2 2 2 2 2 2 2 2 2 2 2 2 2 2 2 2 2 2 2 2 2 2 2 2 2 2 2 2 2 2 2 2 2 2 2 2 2 2 2 2 2 2 2 2 2 2
left_child=2 5 4 9 12 10 8 16 14 17 48 22 -1 35 37 -8 39 -3 38 25 -7 52 -11 24 32 -18 36 -17 -29 -12 34 -10 -19 46 -28 -6 61 -4 -13 40 41 -5 -9 -40 -20 -15 59 -45 -2 -25 -51 -52 -22 -54 -35 -48 -57 -58 -56 60 -24 -27
right_child=1 3 6 7 13 20 15 42 31 11 29 18 -14 45 -16 27 19 23 44 -21 21 -23 33 49 -26 26 30 28 -30 -31 -32 -33 -34 54 -36 -37 -38 -39 43 -41 -42 -43 -44 47 -46 -47 55 -49 -50 50 51 -53 53 -55 58 56 57 -59 -60 -61 -62 -63
leaf_value=-0.027138246871681291 0.071467554572737291 0.034685176998187024 0.0042034119444243562 0.23560110242567328 -0.01225679905964413 0.18485661646226517 -0.0033279879349148436 0.56732358902267555 0.26796499649949251 0.028916082737147481 0.14269221945466479 0.40663074315595304 -0.02024131089481828 -0.0057448905137986476 0.026001191795047649 0.048921583513210284 0.069794976586415591 0.32487090131447321 0.23422372385088255 0.39640926697338275 0.14939470234526403 0.12809569725225919 0.19803248557494052 0.21088189811036442 0.19061867113065561 0.31388185469956126 0.32089273273350782 0.076308271785677242 0.33106145157546812 0.10335932586304881 0.26107039182873093 0.089828301804689259 0.57798561992667918 0.1486906522715527 0.61054339448985395 0.10611994804657281 0.15538062171067363 0.018225096380580379 0.23077181812200778 0.32260105808075723 0.65731487459111437 0.50619856080609171 0.32443016537228581 0.22388442950625703 0.17534191964664569 0.0037427894521584403 0.21157663120783285 0.46688158214903203 0.09968363727640589 0.24023617685770271 0.46239789421777666 0.28814925074002706 0.34816000119609347 0.17934838193711947 0.16094165645319841 0.148928659351309 0.49924482623139005 0.26654581569842173 0.23693223894450774 0.16869135709894509 0.51299113019645393 0.25210054418087069
leaf_weight=127078 4923 47 18847 32 67715 1221 691 84 56 91 1306 52 103540 44834 12032 7631 40 57 481 153 2263 4344 597 705 46 468 30 2456 30 7618 53 350 42 2121 45 103 102 11150 994 127 32 50 31 35 1162 18060 530 44 1999 380 51 114 53 842 420 31 39 41 293 1624 34 560
leaf_count=127078 4923 47 18847 32 67715 1221 691 84 56 91 1306 52 103540 44834 12032 7631 40 57 481 153 2263 4344 597 705 46 468 30 2456 30 7618 53 350 42 2121 45 103 102 11150 994 127 32 50 31 35 1162 18060 530 44 1999 380 51 114 53 842 420 31 39 41 293 1624 34 560
internal_value=4.68083e-07 0.146771 -0.0128886 0.213614 -0.0181371 0.114563 0.0227294 0.31619 0.0151236 0.195133 0.0962316 0.187164 -0.0240418 -0.00771925 0.0141637 0.0525914 0.303518 0.242582 0.21513 0.288437 0.147861 0.141837 0.173862 0.249583 0.356126 0.275679 0.282218 0.0564108 0.0793963 0.109117 0.398597 0.114463 0.432743 0.176163 0.495285 -0.0120768 0.269 0.00941542 0.248021 0.394153 0.473498 0.401033 0.5022 0.240295 0.192594 -0.00302048 0.192322 0.359663 0.0796176 0.237195 0.271185 0.342264 0.160734 0.189385 0.159644 0.229712 0.316023 0.380487 0.1922 0.181683 0.215084 0.280256
internal_weight=450980 36407 414573 11838 361330 24569 53243 1807 42435 10031 15846 8589 230618 130712 42029 10808 1692 1442 2768 1451 8723 7502 5821 1395 145 1298 1258 10117 2486 8924 128 406 99 5730 75 67818 1130 29997 1125 241 114 82 115 1073 1643 62894 2896 79 6922 1250 545 165 3158 895 2834 641 111 80 713 2255 631 1028
internal_count=450980 36407 414573 11838 361330 24569 53243 1807 42435 10031 15846 8589 230618 130712 42029 10808 1692 1442 2768 1451 8723 7502 5821 1395 145 1298 1258 10117 2486 8924 128 406 99 5730 75 67818 1130 29997 1125 241 114 82 115 1073 1643 62894 2896 79 6922 1250 545 165 3158 895 2834 641 111 80 713 2255 631 1028
is_linear=0
shrinkage=0.03


Tree=6
num_leaves=63
num_cat=0
split_feature=12 13 12 13 12 12 12 5 5 11 36 13 5 12 13 13 36 42 10 5 43 17 45 12 33 36 43 21 17 5 11 11 26 42 8 9 42 28 5 5 44 14 21 8 43 28 17 33 14 42 43 28 12 6 13 7 45 39 10 43 42 9
split_gain=891919 81944.4 81027.7 23457.1 19474.1 16306.5 15676.7 8340.22 4852.33 4436.74 4305.03 3818.52 3715.97 3575.94 2877.79 2872.8 2611.84 2494.77 2483.35 2416.04 2396.86 2195.71 2148.09 1975.25 1958.96 1860.9 1815.21 1801.58 1774.63 1673.72 1666.38 4089.98 2021.7 3084.32 1658.82 1606.92 1492.61 1613.38 1475.56 1589.59 1427.26 1402.15 1371.31 1344.6 1316.67 1330.18 1279.4 1265.45 1265.06 1256.8 1245.15 1590.76 1711.79 1234.39 1222.67 1204.48 1191.84 1176.18 2520.8 1172.74 1741.58 1358.81
threshold=3.7321428060531621 7.7232143878936776 1.2321428656578066 12.098214149475099 0.48214285075664526 2.1607142686843877 6.0535714626312265 1.0000000180025095e-35 1.0000000180025095e-35 21.678571701049808 -0.87837970256805409 4.9546959400177011 1.0000000180025095e-35 2.9107142686843877 0.80395960807800304 9.8482141494750994 -0.87837970256805409 164.50000000000003 4.2142856121063241 1.0000000180025095e-35 5.1607141494750985 12.598823547363283 1.7228482961654665 0.23214285820722583 1.0000000180025095e-35 -1.0000000180025095e-35 2.303571462631226 88.500000000000014 9.7063293457031268 23.500000000000004 4.3928570747375497 4.8928570747375497 1.0310577154159548 972.50000000000011 33.500000000000007 8.5000000000000018 89.500000000000014 11.500000000000002 36.500000000000007 19.500000000000004 3.9999881982803349 9.590421676635744 67.500000000000014 14.500000000000002 -1.2321428656578062 7.5000000000000009 9.3548898696899432 1.0000000180025095e-35 0.72299724817276012 83.500000000000014 -2.3392857313156123 10.500000000000002 7.3392858505249032 5.5000000000000009 13.526785850524904 11.500000000000002 1.094383239746094 1.0000000180025095e-35 5.7857143878936776 -3.1607142686843868 315.50000000000006 1.0000000180025095e-35
decision_type=2 2 2 2 2 2 2 2 2 2 2 2 2 2 2 2 2 2 2 2 2 2 2 2 2 2 2 2 2 2 2 2 2 2 2 10 2 2 2 2 2 2 2 2 2 2 2 2 2 2 2 2 2 2 2 2 2 2 2 2 2 10
left_child=2 6 4 7 23 18 8 30 -2 12 17 -10 49 20 40 29 26 28 24 55 47 25 27 -1 -4 -21 42 34 -9 50 -3 -32 33 -33 36 -36 -18 41 39 -11 -6 -38 -14 -35 45 56 -46 -7 -15 -5 51 52 -12 -51 -55 -8 -17 -54 -59 60 -34 -61
right_child=1 3 5 9 14 13 19 10 11 38 15 -13 16 48 -16 44 22 -19 -20 21 -22 -23 -24 -25 -26 -27 -28 -29 -30 -31 31 32 59 43 35 -37 37 -39 -40 -41 -42 -43 -44 -45 46 -47 -48 -49 -50 53 -52 -53 57 54 -56 -57 -58 58 -60 61 -62 -63
leaf_value=-0.026324100375727567 0.061708385255832741 0.0089858079397142424 0.0040462435681478982 0.025422299885698097 -0.013624301495885952 0.024534470180484113 0.09057264862660637 0.24394483943736206 0.087245419005151786 0.45117271411000248 0.46469195134473357 0.12073965376236127 0.41124515181840288 -0.011290453323902466 -0.0047008494031559522 0.26810291814874826 0.46978445039959404 0.23876824928526227 0.098341670780013046 0.16620204325820465 0.24744537740978137 0.36130166675464637 0.54384460232582599 -0.020419599854077351 0.01765396435213663 0.13570306960821438 0.25026509125606483 0.1407187098157224 0.49081814459729917 0.12241217081111999 0.46513193863574581 0.046629833426877328 0.15924708904746249 0.12969137985471296 0.27796626136991759 0.51756852356178751 0.4025651401402805 0.2498535811274325 0.30448628384013504 0.72332267023551122 0.084335973628148667 0.28357109428947602 0.63368659495924062 0.2561815167499526 0.24101597490154048 0.23072210666962939 0.18370185034000069 0.045983290141277174 0.060859265081956812 0.090790521213962763 0.17602582670689579 0.18801375431192233 0.18207536469508112 0.17247466253483384 0.42276927639890649 0.15896111336115576 0.44570069932663053 0.21728200313930304 0.51122896722515521 0.31270734032231101 0.47126397689711608 0.1234592511085361
leaf_weight=127078 3422 110 33275 46 73519 8606 1024 45 6930 54 37 5494 138 226 62696 101 38 1130 275 3167 46 44 30 85175 13338 4188 53 72 64 439 32 474 35 390 46 57 141 674 30 31 134 248 31 94 519 692 1093 3476 6729 47 3620 601 128 38 33 300 52 81 39 42 30 183
leaf_count=127078 3422 110 33275 46 73519 8606 1024 45 6930 54 37 5494 138 226 62696 101 38 1130 275 3167 46 44 30 85175 13338 4188 53 72 64 439 32 474 35 390 46 57 141 674 30 31 134 248 31 94 519 692 1093 3476 6729 47 3620 601 128 38 33 300 52 81 39 42 30 183
internal_value=5.51774e-07 0.142369 -0.012502 0.207209 -0.0182716 0.0179858 0.111126 0.189281 0.0933448 0.306713 0.200254 0.102058 0.29442 0.0413651 -0.00942479 0.191583 0.308991 0.252036 0.00847051 0.143426 0.03153 0.150106 0.29276 -0.0239547 0.00794006 0.148838 0.404289 0.286814 0.389229 0.178395 0.121059 0.130687 0.122074 0.101043 0.295537 0.41095 0.284702 0.278041 0.487157 0.551178 -0.0134459 0.326799 0.452408 0.154309 0.218115 0.248505 0.202169 0.0307058 0.0585144 0.158548 0.183846 0.215772 0.274216 0.210366 0.289261 0.10608 0.328724 0.245617 0.313173 0.191484 0.303781 0.158915
internal_weight=450980 36407 414573 11838 348602 65971 24569 10031 15846 1807 8641 12424 1692 19083 136349 7402 1528 1239 46888 8723 12128 7399 1306 212253 46613 7355 222 1276 109 4945 1390 1280 1248 958 1204 103 1101 1063 115 85 73653 389 169 484 2457 845 1612 12082 6955 164 4506 886 285 118 71 1324 153 248 120 290 65 225
internal_count=450980 36407 414573 11838 348602 65971 24569 10031 15846 1807 8641 12424 1692 19083 136349 7402 1528 1239 46888 8723 12128 7399 1306 212253 46613 7355 222 1276 109 4945 1390 1280 1248 958 1204 103 1101 1063 115 85 73653 389 169 484 2457 845 1612 12082 6955 164 4506 886 285 118 71 1324 153 248 120 290 65 225
is_linear=0
shrinkage=0.03


Tree=7
num_leaves=63
num_cat=0
split_feature=12 12 12 13 12 12 13 13 5 5 11 43 5 36 13 36 23 42 45 5 23 13 5 23 27 27 43 28 43 43 42 36 27 13 23 43 42 11 5 16 15 44 26 12 27 20 5 5 12 17 26 5 11 26 29 28 10 26 6 13 42 16
split_gain=839270 94319.4 62909.4 29389.3 15743.1 9361.85 9223.85 9120.52 5789.01 5439.01 4197.87 4177.83 3811.97 3727.09 3394.05 2457.95 2290.48 2273.6 2234.77 2096.96 2324.72 2096.64 1953.89 2986.76 1953.6 1949.58 1913.82 2016.56 1758.38 1707.97 1652.34 1631.11 1620.42 1556.87 1538.23 1856.39 1626.68 1501.41 1753.8 1493.46 1915.06 1680.61 1482.33 1453.67 1419.03 1405.3 1388.44 1496.11 1286.61 1266.91 1253.76 1251.47 1217.83 1213.49 1208.81 1193.18 1192.05 1180.39 1161.66 1150.62 1135.74 1117.33
threshold=3.2321428060531621 6.5535714626312265 0.91071426868438732 12.098214149475099 1.6250000000000002 0.37500000000000006 4.9546959400177011 8.4553570747375506 1.0000000180025095e-35 1.0000000180025095e-35 21.678571701049808 2.6964285373687749 1.0000000180025095e-35 -0.87837970256805409 2.559394478797913 -0.87837970256805409 0.57499998807907116 95.500000000000014 1.707260847091675 1.0000000180025095e-35 0.55500000715255748 6.9309523105621347 1.0000000180025095e-35 0.57499998807907116 4.5000000000000009 4.5000000000000009 -1.0178571343421934 7.5000000000000009 2.2678571939468388 2.303571462631226 83.500000000000014 -0.87837970256805409 4.5000000000000009 0.62622550129890453 0.55500000715255748 -1.5535714030265806 524.50000000000011 14.892857074737551 23.500000000000004 9.6827311515808123 10.293094635009767 0.53333258628845226 0.94982609152793895 12.696428775787355 3.5000000000000004 66.500000000000014 36.500000000000007 19.500000000000004 12.196428775787355 8.3412408828735369 0.94345536828041088 15.500000000000002 2.1071428060531621 0.94639605283737194 30.500000000000004 3.5000000000000004 1.0000000180025095e-35 1.0037271380424502 5.5000000000000009 13.526785850524904 309.50000000000006 7.0655939579010019
decision_type=2 2 2 2 2 2 2 2 2 2 2 2 2 2 2 2 2 2 2 2 2 2 2 2 2 2 2 2 2 2 2 2 2 2 2 2 2 2 2 2 2 2 2 2 2 2 2 2 2 2 2 2 2 2 2 2 2 2 2 2 2 2
left_child=2 6 5 7 28 -1 22 19 52 34 12 14 30 17 24 29 18 -11 45 50 51 31 -2 49 -6 -22 27 -15 32 54 -5 -10 -4 -7 39 36 -36 38 -28 40 -9 -41 -13 -29 -25 -17 47 -12 -39 -24 -3 -21 -8 -23 -14 -33 -16 -27 -32 -60 -56 -58
right_child=1 3 4 10 11 33 8 9 21 13 46 42 15 26 56 16 -18 -19 -20 20 25 53 23 44 -26 57 37 43 -30 -31 58 55 -34 -35 35 -37 -38 48 -40 41 -42 -43 -44 -45 -46 -47 -48 -49 -50 -51 -52 -53 -54 -55 60 -57 61 -59 59 -61 -62 -63
leaf_value=-0.024189987191423797 0.052016233874268285 0.012383787288940736 -0.0040308205317315026 -0.013065777198344538 0.012685960131238974 -0.016423684275600061 -0.0097953822271207736 0.13093497408778892 0.15421664601208479 0.48058498720182991 0.4376625489351269 0.28004803311662607 0.36000272452078513 0.27896500851911621 -0.012718216742363658 0.29627784890318876 0.15074752551793053 0.251583247734875 0.55167638927005058 0.17707159019293728 0.12139457164708033 0.3218748406424139 0.11429842648341372 0.062125744199289831 0.030562191448334095 0.20567961243745089 0.18688879203327602 0.19771174949341339 0.08763587039617951 0.2427712775118607 0.088072590755808866 0.15201444745535062 0.0058500923463750678 -0.0096066928541692093 0.13305979881064298 0.12262386535485849 0.40723125466350779 0.40041889779371759 0.12434942515356855 -0.021055344420563605 0.37912894783733042 0.10836644960477236 0.096736751341458385 0.35221984641275805 0.086846188500283666 0.13481253564306725 0.29538204401830498 0.70169277666657681 0.19781820646314277 0.30491750407163226 0.1220957955762606 0.13414603407950657 0.074216375210979069 0.15556642748005176 0.64001575711209457 0.10677574188352607 0.043785217551041519 0.13873086772954957 0.16731400354640688 0.41012452138244565 0.41360490995742333 0.21857457781936465
leaf_weight=180596 2959 102 52065 43 19253 69080 169 221 931 41 54 44 87 401 343 1118 107 832 30 3527 2351 41 1502 4836 7704 477 2690 1497 201 53 47 585 20947 53509 31 121 53 51 476 127 32 312 403 57 3684 51 30 31 64 32 1166 742 1907 1084 39 5158 6265 474 38 33 43 33
leaf_count=180596 2959 102 52065 43 19253 69080 169 221 931 41 54 44 87 401 343 1118 107 832 30 3527 2351 41 1502 4836 7704 477 2690 1497 201 53 47 585 20947 53509 31 121 53 51 476 127 32 312 403 57 3684 51 30 31 64 32 1166 742 1907 1084 39 5158 6265 474 38 33 43 33
internal_value=6.35308e-07 0.130225 -0.0128609 0.182338 0.00688565 -0.0198467 0.0900407 0.169273 0.111904 0.194842 0.297073 0.0237402 0.285095 0.204973 0.0225278 0.299729 0.283985 0.262394 0.29586 0.149004 0.154986 0.123755 0.073449 0.0797562 0.0177949 0.13607 0.195394 0.218916 -0.000951961 0.392179 0.146098 0.117364 -0.00119598 -0.0134482 0.125831 0.198025 0.306345 0.181372 0.177491 0.104416 0.16247 0.0709258 0.114843 0.203402 0.0728158 0.289247 0.472582 0.534685 0.28795 0.118295 0.113273 0.169614 0.0673764 0.161657 0.438854 0.111387 0.0417386 0.172331 0.204073 0.280609 0.521955 0.0447048
internal_weight=450980 40537 410443 17649 107258 303185 22888 15845 9875 7006 1804 34045 1689 6109 33598 1528 1306 873 1199 8839 7571 7799 13013 10054 26957 3302 5236 1955 73213 222 161 6674 73012 122589 897 205 84 3281 3166 692 253 439 447 1554 8520 1169 115 85 115 1534 1268 4269 2076 1125 169 5743 6641 951 118 71 82 6298
internal_count=450980 40537 410443 17649 107258 303185 22888 15845 9875 7006 1804 34045 1689 6109 33598 1528 1306 873 1199 8839 7571 7799 13013 10054 26957 3302 5236 1955 73213 222 161 6674 73012 122589 897 205 84 3281 3166 692 253 439 447 1554 8520 1169 115 85 115 1534 1268 4269 2076 1125 169 5743 6641 951 118 71 82 6298
is_linear=0
shrinkage=0.03


Tree=8
num_leaves=63
num_cat=0
split_feature=12 13 12 13 12 13 13 5 10 36 5 23 36 5 13 12 13 5 22 27 22 23 44 10 27 7 27 26 13 23 10 43 5 26 22 21 26 43 28 5 23 8 6 28 9 12 7 10 15 10 6 8 26 16 26 26 15 5 27 9 10 28
split_gain=790054 72601.6 72083.2 20827.7 20567.5 14034.3 11175.9 7544.37 3822.66 3697.83 3574.93 3685.99 3438.98 3401.8 3343.64 2569.07 2472.72 2401.41 3159.37 2201.92 2164.23 2145.53 2142.81 2110.1 1867.15 1858.52 1845.64 1840.91 1712.5 1702.32 1653.13 1551.83 1533.76 1503.21 1430.26 1425.46 1373.49 1354.22 1556.18 1335.39 1596.41 2043.37 1552.12 1583.98 1449.19 1298.54 1266.85 1251.86 2139.98 1891.81 1314.61 1335.56 1228.73 1197.67 1175 1155.99 1138.67 1142.63 1130.36 1122.55 1116.98 1146.16
threshold=3.7321428060531621 7.7232143878936776 1.3750000000000002 12.901785850524904 0.55357143282890331 5.8819444179534921 2.559394478797913 1.0000000180025095e-35 4.9285714626312265 -0.87837970256805409 1.0000000180025095e-35 0.55500000715255748 -0.87837970256805409 1.0000000180025095e-35 9.8482141494750994 0.26785714924335485 0.87627550959587108 1.0000000180025095e-35 0.33928571641445165 4.5000000000000009 0.19642857462167743 0.52000001072883617 0.88888826966285717 0.21428572386503222 4.5000000000000009 18.500000000000004 3.5000000000000004 0.94639605283737194 3.8125000000000004 0.57499998807907116 1.0714285969734194 2.1250000000000004 30.500000000000004 0.95645162463188182 0.69642856717109691 51.500000000000007 1.0328265428543093 -1.2321428656578062 7.5000000000000009 45.500000000000007 0.43999999761581426 33.500000000000007 35.500000000000007 4.5000000000000009 10.500000000000002 1.9107143282890322 10.500000000000002 4.357142686843873 10.554541587829592 3.3571429252624516 13.500000000000002 6.5000000000000009 1.063097417354584 7.5969483852386483 0.96948480606079113 0.98953703045845043 9.0452160835266131 3.5000000000000004 4.5000000000000009 33.500000000000007 8.5000000000000018 16.500000000000004
decision_type=2 2 2 2 2 2 2 2 2 2 2 2 2 2 2 2 2 2 2 2 2 2 2 2 2 2 2 2 2 2 2 2 2 2 2 2 2 2 2 2 2 2 2 2 10 2 2 2 2 2 2 2 2 2 2 2 2 2 2 8 2 2
left_child=2 5 4 7 15 10 8 20 19 25 -2 35 -5 30 32 -1 31 22 29 45 36 27 -14 -8 -23 59 -13 53 -25 39 -7 -6 47 -10 -30 -12 -3 38 -16 40 -19 42 43 46 -43 -4 -42 48 49 -11 -49 -52 -27 -15 -51 -26 -45 -58 -18 -9 61 -53
right_child=1 3 6 12 16 13 23 9 33 14 11 26 17 21 37 -17 58 18 -20 -21 -22 24 -24 28 55 52 -28 -29 34 -31 -32 -33 -34 -35 -36 -37 -38 -39 -40 -41 41 44 -44 56 -46 -47 -48 50 -50 54 51 60 -54 -55 -56 -57 57 -59 -60 -61 -62 -63
leaf_value=-0.024458813272425137 0.058100315034351147 0.12932986337191832 0.0038498943507351622 0.41295982451686802 -0.011220928726507423 -0.0044220787949032251 -0.011139788522181688 0.21276109105662394 0.2497035698401418 0.096727970260965718 0.12390384197462094 0.073885267386038497 0.044990399303898629 0.33244900482282985 0.32010982271312172 -0.017949504605815184 -0.005328918175615701 0.48931539837051846 0.5571597811676321 0.023842239139529278 0.074286492216624547 0.11513734695923476 0.30595236380172119 0.045156912718153974 0.20489103384409341 0.28717182623005738 0.10067937399279947 0.15274894814221548 0.072450119059162904 0.1045550977783133 0.1024909435685261 0.099508405163570721 0.085779919203696153 0.082342993810472817 0.23988267997932278 0.29617291452527855 0.2286234616728775 0.19349845809572885 0.22000062688402072 0.13990996868875019 0.2730314652495186 0.30234572542515814 0.41181997995696223 0.32903964009349462 0.54489276004160281 0.016766086922230864 0.48573821860739214 0.15869272906007892 0.40384197340173239 0.38834830612513671 0.16569858016071945 0.39655674423415233 0.4909967543917837 0.19153028692682297 0.20165770855446771 0.14086789016339021 0.12968239445890456 0.24985539951522298 0.0035604296767648138 0.34459327105738691 0.20639459564190285 0.2142275855904397
leaf_weight=141971 3157 644 18847 211 67704 143 516 994 56 104 2378 5321 69 81 171 88647 44834 39 40 12032 628 3230 48 8369 343 198 4098 3175 1876 45 1446 114 198 350 47 44 156 1758 782 49 52 43 73 136 47 11150 50 3516 53 47 509 68 31 167 87 986 84 483 18060 62 305 58
leaf_count=141971 3157 644 18847 211 67704 143 516 994 56 104 2378 5321 69 81 171 88647 44834 39 40 12032 628 3230 48 8369 343 198 4098 3175 1876 45 1446 114 198 350 47 44 156 1758 782 49 52 43 73 136 47 11150 50 3516 53 47 509 68 31 167 87 986 84 483 18060 62 305 58
internal_value=6.996e-07 0.133993 -0.0117662 0.195025 -0.0165682 0.104585 0.0208218 0.180043 0.0138852 0.190271 0.0864707 0.094034 0.300752 0.132969 0.18236 -0.0219567 -0.00706104 0.281899 0.29518 0.013 0.115995 0.14095 0.152234 0.0480563 0.127463 0.237389 0.0855439 0.158909 0.0510244 0.285611 0.0928688 -0.0110346 0.167668 0.105487 0.0765554 0.127046 0.14872 0.20915 0.237997 0.293314 0.300763 0.293115 0.279086 0.266998 0.42949 0.00865098 0.377688 0.171081 0.231444 0.192894 0.167134 0.198686 0.314973 0.237678 0.267391 0.157407 0.250884 0.232081 -0.00277632 0.220535 0.237593 0.312876
internal_weight=450980 36407 414573 11838 361330 24569 53243 10369 42435 8941 14998 11841 1469 9571 7656 230618 130712 1258 1141 42029 1428 7982 117 10808 4559 1285 9419 3423 10292 1101 1589 67818 4945 406 1923 2422 800 2711 953 1056 1007 968 878 805 90 29997 102 4747 291 238 4456 940 229 248 134 1329 703 567 62894 1056 431 126
internal_count=450980 36407 414573 11838 361330 24569 53243 10369 42435 8941 14998 11841 1469 9571 7656 230618 130712 1258 1141 42029 1428 7982 117 10808 4559 1285 9419 3423 10292 1101 1589 67818 4945 406 1923 2422 800 2711 953 1056 1007 968 878 805 90 29997 102 4747 291 238 4456 940 229 248 134 1329 703 567 62894 1056 431 126
is_linear=0
shrinkage=0.03


Tree=9
num_leaves=63
num_cat=0
split_feature=13 13 11 13 13 13 11 10 13 27 11 11 23 23 23 27 13 17 23 27 45 13 10 7 18 42 9 11 16 14 44 9 42 6 27 27 23 10 10 43 20 42 9 9 38 14 28 7 26 44 28 15 10 26 44 11 28 9 21 44 7 43
split_gain=739289 68439.8 67287.5 17758.8 16608 15771.1 15464.5 4915.19 4272.05 3811.72 3320.48 2958.38 2736.06 2283.85 2268.13 2176.42 2146.49 2129.54 1797.88 2180.18 1658.67 1651.62 1670.2 1638.08 1637.18 1636.34 1602.18 1523.7 1476 1474.05 1695.96 1886.69 1437.91 1427.86 1384.69 1355.4 1345.64 1452.01 1333.02 1329.37 2051.99 1785.38 2216.08 5698.95 1603 1287.62 1243.79 2129.84 1226.64 1301.54 1531.7 1224.3 1218.45 1208.22 1202.42 1175.74 1152.79 1426.23 1392.44 1132.32 1099.84 1089.3
threshold=3.8125000000000004 8.4553570747375506 1.2500000000000002 5.8819444179534921 0.53614982962608349 12.901785850524904 2.5357142686843877 0.78571429848670971 1.7161172032356264 3.5000000000000004 21.678571701049808 1.7500000000000002 0.62999999523162853 0.55500000715255748 0.43999999761581426 4.5000000000000009 0.84009739756584179 0.5297130048274995 0.55500000715255748 4.5000000000000009 1.0339710712432864 11.008928775787355 1.0000000180025095e-35 28.500000000000004 6.5000000000000009 548.50000000000011 23.500000000000004 8.6071429252624529 11.298938274383547 10.092429637908937 1.7777736186981203 9.5000000000000018 1815.5000000000002 23.500000000000004 4.5000000000000009 4.5000000000000009 0.57499998807907116 5.6428573131561288 28.071428298950199 -2.4107142686843868 53.500000000000007 271.50000000000006 26.500000000000004 12.500000000000002 0.93301269412040722 7.9147241115570077 3.5000000000000004 8.5000000000000018 0.95645162463188182 2.9999842643737797 9.5000000000000018 6.9051659107208261 1.0000000180025095e-35 0.98953703045845043 1.3170728683471682 13.892857074737551 3.5000000000000004 38.500000000000007 30.500000000000004 3.999993205070496 16.500000000000004 -5.0178570747375479
decision_type=2 2 2 2 2 2 2 2 2 2 2 2 2 2 2 2 2 2 2 2 2 2 2 2 2 2 8 2 2 2 2 8 2 2 2 2 2 2 2 2 2 2 10 8 2 2 2 2 2 2 2 2 2 2 2 2 2 8 2 2 2 2
left_child=2 3 4 11 17 9 8 -5 59 21 24 -2 48 28 -11 -15 -6 -1 27 -20 25 22 -3 -23 32 33 -26 45 -13 -24 -31 -32 36 -16 -10 -14 37 -7 60 40 41 42 43 55 46 56 47 -41 49 50 -8 -29 -18 -21 61 -39 58 -58 -9 -4 -12 -22
right_child=1 5 6 7 16 10 12 18 34 14 38 13 35 15 20 -17 52 -19 19 53 54 23 29 -25 26 -27 -28 51 -30 30 31 -33 -34 -35 -36 -37 -38 39 -40 44 -42 -43 -44 -45 -46 -47 -48 -49 -50 -51 -52 -53 -54 -55 -56 -57 57 -59 -60 -61 -62 -63
leaf_value=-0.024050280133511646 0.0081024586498551938 -0.048842471950074545 0.0026020016906720374 0.0067310894475023217 -0.011589829967529075 0.097030486187596951 0.0084745296817292284 0.15828766358427485 0.015424634408471036 0.42535329475756867 0.63823674197380353 0.10645278441655109 0.032560603912272439 0.071497697738607521 0.25292761437241379 0.10086506627185338 -0.02190320666607095 -0.018165517855468844 0.11068524687856449 0.19246010659403387 0.1171321296196937 0.19451364633995016 0.17335502261897695 0.37251134304050915 0.30935993166917886 0.20758723777127905 0.52390265831533744 0.23044561746340012 0.27072460677095511 0.12355104174303159 0.14178637485652074 0.4551681897314141 0.079532181656921996 0.40856860547916396 0.033376321605572801 0.05607745404897601 0.12852366174446708 0.21421871682488305 0.27695684988015712 0.19276669120421505 0.1046245810974424 0.2967096871019515 0.21323805212974545 0.81158245705501519 0.45241283883259992 0.11232511427052448 0.23761369738118315 0.51650951720383997 0.067005432110450652 0.259848148826888 0.16275795610977273 0.15925737961140163 -0.0026178314815581485 0.13531660473308776 0.12437086510430524 0.46672652165561129 0.13816328143579903 0.28463400024439034 0.28860233934820534 0.10075540880919288 0.41530401991486793 0.20596196186942323
leaf_weight=127384 450 35 35097 274 63493 38 96 240 13451 43 35 3023 7757 7934 423 3184 3113 97871 3979 472 142 685 2306 50 112 1257 44 254 50 1140 41 30 36 61 5428 3083 56 33 31 34 32 186 30 36 38 1373 605 40 1912 58 146 1539 55764 1140 266 34 3168 61 107 106 49 1025
leaf_count=127384 450 35 35097 274 63493 38 96 240 13451 43 35 3023 7757 7934 423 3184 3113 97871 3979 472 142 685 2306 50 112 1257 44 254 50 1140 41 30 36 61 5428 3083 56 33 31 34 32 186 30 36 38 1373 605 40 1912 58 146 1539 55764 1140 266 34 3168 61 107 106 49 1025
internal_value=7.65013e-07 0.129978 -0.0113502 0.106313 -0.0166603 0.201839 0.0161461 0.132413 0.00907261 0.184236 0.29174 0.0838371 0.0454553 0.0862385 0.20893 0.079909 -0.0077637 -0.0214934 0.135205 0.122617 0.205984 0.165701 0.157217 0.206673 0.278549 0.225684 0.370178 0.145642 0.109135 0.15927 0.132435 0.274676 0.266586 0.272627 0.0205862 0.0392496 0.272373 0.279643 0.446654 0.286129 0.334111 0.357086 0.441225 0.507344 0.262595 0.137047 0.251905 0.368244 0.0758628 0.132268 0.10159 0.169355 -0.00363757 0.15206 0.182035 0.342884 0.146535 0.140939 0.198547 0.00289788 0.508859 0.195165
internal_weight=450980 36221 414759 27248 347625 8973 67134 12607 54082 7504 1469 14641 13052 14191 3217 11118 122370 225255 12333 5591 3174 4287 3552 735 1354 1741 156 6742 3073 3517 1211 71 1198 484 18879 10840 1162 1106 115 1068 351 319 133 103 717 4949 679 74 2212 300 242 1793 58877 1612 1433 67 3576 3229 347 35203 84 1167
internal_count=450980 36221 414759 27248 347625 8973 67134 12607 54082 7504 1469 14641 13052 14191 3217 11118 122370 225255 12333 5591 3174 4287 3552 735 1354 1741 156 6742 3073 3517 1211 71 1198 484 18879 10840 1162 1106 115 1068 351 319 133 103 717 4949 679 74 2212 300 242 1793 58877 1612 1433 67 3576 3229 347 35203 84 1167
is_linear=0
shrinkage=0.03


Tree=10
num_leaves=63
num_cat=0
split_feature=12 12 13 12 12 13 12 5 5 23 36 45 12 36 5 43 23 45 27 13 43 28 27 23 43 11 27 12 29 37 11 9 45 11 7 9 28 11 0 5 27 32 17 27 5 14 20 27 28 43 5 21 21 13 45 7 28 12 13 10 43 9
split_gain=700022 65173 63306 19614.4 17658.6 14835.8 9380.37 5619.04 4096.67 4078.56 3203.58 3532.33 3081.39 3018.77 2852.52 2534.54 2244.05 2235.27 2059.41 2045.59 1961.08 2138.9 1955.31 1913.77 2653.2 1848.2 1619.59 1608.78 2135.19 1552.28 1536.5 1505.29 1492.23 1475.4 1413.26 1395.48 2920.7 1933.2 1314.2 1301.95 1288.77 1270.86 1255.85 1241.25 1203.53 1606.88 1483.41 1183.91 3513.7 1603.6 1178.62 1167.49 1434.24 1368.15 1153.09 1150.37 1354.93 1170.3 1138.85 1109.9 1082.59 1056.07
threshold=3.7678571939468388 1.4464285969734194 8.4553570747375506 0.62500000000000011 6.0535714626312265 12.901785850524904 2.6964285373687749 1.0000000180025095e-35 1.0000000180025095e-35 0.55500000715255748 -0.87837970256805409 1.8611279726028445 0.30357143282890325 -0.87837970256805409 1.0000000180025095e-35 2.7321428060531621 0.55500000715255748 0.86996445059776317 4.5000000000000009 2.1483516693115239 -0.98214286565780629 7.5000000000000009 4.5000000000000009 0.55500000715255748 -4.4107141494750968 14.892857074737551 3.5000000000000004 12.696428775787355 25.500000000000004 1.0000000180025095e-35 4.2500000000000009 10.500000000000002 0.96675303578376781 4.7500000000000009 18.500000000000004 5.5000000000000009 25.500000000000004 12.892857074737551 247.50000000000003 23.500000000000004 4.5000000000000009 2013.5000000000002 12.598823547363283 3.5000000000000004 4.5000000000000009 9.0039663314819354 25.500000000000004 5.5000000000000009 11.500000000000002 -5.0178570747375479 30.500000000000004 51.500000000000007 31.500000000000004 9.4865255355834979 0.78041836619377147 16.500000000000004 13.500000000000002 10.517857074737551 0.92940199375152599 3.5000000000000004 1.5178571343421938 33.500000000000007
decision_type=2 2 2 2 2 2 2 2 2 2 2 2 2 2 2 2 2 2 2 2 2 2 2 2 2 2 2 2 2 2 2 10 2 2 2 10 2 2 2 2 2 2 2 2 2 2 2 2 2 2 2 2 2 2 2 2 2 2 2 2 2 8
left_child=1 3 4 12 8 7 15 23 -2 -10 -7 17 -1 34 -6 19 29 38 42 40 21 44 58 47 -25 32 -11 -23 -29 30 -16 -27 -22 43 61 -19 -37 -38 -12 -40 -3 55 -18 -8 45 -15 51 49 -49 -4 -41 52 -46 -54 -51 57 -57 -32 59 -5 -24 -9
right_child=2 6 5 22 14 10 33 13 9 26 11 -13 -14 20 16 -17 18 35 -20 -21 25 27 60 24 -26 31 -28 28 -30 -31 41 -33 -34 -35 -36 36 37 -39 39 50 -42 -43 -44 -45 46 -47 -48 48 -50 54 -52 -53 53 -55 -56 56 -58 -59 -60 -61 -62 -63
leaf_value=-0.022724133435531105 0.05405437732385128 0.006427161363636638 -0.016457575879297321 -0.011364805338163435 0.096372124481915358 0.39129249161443735 0.036012173184195043 0.21083030722891252 0.12262235196109857 0.070761370960331624 0.24879311806848317 0.53865852074031406 -0.015794715473285609 0.1400738142109354 0.33663565316492589 0.098384464446698558 0.10778519179047064 0.16041580136506295 0.1549421715805985 0.026421815598819728 0.18168679035201879 0.1807229025653839 0.0003541870663522368 0.45152911596519996 0.14865950750249096 0.20220126075697761 0.09583496887651495 0.16524019234099283 0.44867221396424173 0.13328008577532804 0.16907670341189376 0.40389816129100536 0.14127673483069242 0.099590274757099612 0.31401802631056697 0.2078652713473074 0.58203531499601835 0.27550244915663752 0.30246200020780745 0.57022641549397701 0.020414041565743658 0.14582663544980745 0.24409189947471382 0.058409351423809361 0.43556076734514476 0.35627024452788242 0.14700761044765734 0.43969387931244391 0.020500470304141077 0.27155865229103499 0.33797171894766537 0.48255353505539778 0.13733043248385135 0.33057077914438721 0.088943459634493585 0.36085795038742285 0.19145587684904011 0.35609786062246823 -0.0042312881929403084 0.12336426755748078 0.074101957967261822 0.35125320611954192
leaf_weight=155909 3400 20725 132 42943 1702 211 5249 698 2864 5300 287 41 91746 118 47 326 3198 252 1310 9571 1676 1595 33886 30 195 101 4126 48 48 2248 1062 50 1622 478 182 276 35 40 246 36 8305 1597 62 3870 52 42 47 32 41 33 45 39 57 79 531 69 112 31 41640 55 180 52
leaf_count=155909 3400 20725 132 42943 1702 211 5249 698 2864 5300 287 41 91746 118 47 326 3198 252 1310 9571 1676 1595 33886 30 195 101 4126 48 48 2248 1062 50 1622 478 182 276 35 40 246 36 8305 1597 62 3870 52 42 47 32 41 33 45 39 57 79 531 69 112 31 41640 55 180 52
internal_value=8.27926e-07 -0.011024 0.126715 -0.0153513 0.10387 0.19581 0.0216473 0.178729 0.0832031 0.0912664 0.283 0.264806 -0.0201571 0.18888 0.132219 0.0150979 0.138485 0.255535 0.123161 0.0143942 0.180514 0.203204 -0.00532486 0.112272 0.189231 0.166528 0.0817378 0.187927 0.307291 0.152037 0.166482 0.269221 0.161818 0.0482123 0.238887 0.214416 0.253124 0.419156 0.295875 0.337104 0.0104287 0.163684 0.110385 0.045518 0.26267 0.197022 0.300913 0.0897311 0.204627 0.0776504 0.44179 0.332694 0.301358 0.249752 0.0996773 0.186055 0.256206 0.174415 -0.00776759 -0.0111921 0.00074412 0.220614
internal_weight=450980 414883 36097 366359 27128 8969 48524 7500 15690 12290 1469 1258 247655 6506 11438 38927 9736 1217 4570 38601 5574 2125 118704 994 225 3449 9426 1691 96 5166 2918 151 3298 9597 932 603 351 75 614 327 29030 2871 3260 9119 434 160 274 769 73 696 81 227 188 136 564 1274 181 1093 84638 42998 34066 750
internal_count=450980 414883 36097 366359 27128 8969 48524 7500 15690 12290 1469 1258 247655 6506 11438 38927 9736 1217 4570 38601 5574 2125 118704 994 225 3449 9426 1691 96 5166 2918 151 3298 9597 932 603 351 75 614 327 29030 2871 3260 9119 434 160 274 769 73 696 81 227 188 136 564 1274 181 1093 84638 42998 34066 750
is_linear=0
shrinkage=0.03


Tree=11
num_leaves=63
num_cat=0
split_feature=13 13 11 13 13 11 13 10 13 11 36 13 11 13 36 23 20 23 10 10 7 42 23 36 42 42 8 14 8 45 14 11 18 16 23 6 29 14 27 9 27 27 23 42 18 10 6 13 20 26 30 44 6 23 22 18 11 7 15 26 13 43
split_gain=655156 60677.9 59642.8 17384.8 14799.5 13627.7 10949.1 3915.04 3803.96 3436.38 3140.42 2678.59 2669.37 2585.77 2535.13 2463.3 2138.44 1851.01 1844.48 1827.22 1736.98 1639.38 1856.13 1632.24 1860.83 2405.6 1805.55 1836.32 1762.98 1577.92 1567.64 1526.46 1446.77 1404.52 2070.85 1341.52 1956.42 1509.55 1300.21 1290.76 1241.15 1231.35 1228.17 1215.35 1149.78 1132.23 1117.06 1147.15 1123.2 1107.22 1039.77 1035.83 1027.24 1006.57 1004.85 945.946 939.527 918.01 1469.34 1354.32 981.777 909.773
threshold=3.8125000000000004 7.7232143878936776 1.2500000000000002 12.098214149475099 0.46470099687576299 2.5357142686843877 5.8819444179534921 0.78571429848670971 1.7027597427368166 21.678571701049808 -0.87837970256805409 9.8482141494750994 1.7500000000000002 0.84009739756584179 -0.87837970256805409 0.62999999523162853 8.5000000000000018 0.57499998807907116 3.0714285373687749 2.3571429252624516 11.500000000000002 177.50000000000003 0.62999999523162853 -0.87837970256805409 46.500000000000007 77.500000000000014 33.500000000000007 8.0118951797485369 44.500000000000007 1.1801151633262636 7.4785406589508066 9.0357141494750994 1.0000000180025095e-35 0.33565936982631689 0.62999999523162853 35.500000000000007 35.500000000000007 14.231085777282717 4.5000000000000009 10.500000000000002 3.5000000000000004 4.5000000000000009 0.55500000715255748 1653.5000000000002 1.5000000000000002 1.0000000180025095e-35 9.5000000000000018 9.9727091789245623 22.500000000000004 0.94982609152793895 9.5000000000000018 3.999993205070496 14.500000000000002 0.52000001072883617 0.66071426868438732 1.0000000180025095e-35 5.4642856121063241 12.500000000000002 10.044406890869142 1.0057137608528139 10.128289699554445 6.4464285373687753
decision_type=2 2 2 2 2 2 2 2 2 2 2 2 2 2 2 2 2 2 2 2 2 2 2 2 2 2 2 2 2 2 2 2 2 2 2 2 2 2 2 10 2 2 2 2 2 2 2 2 2 2 2 2 2 2 2 2 2 2 2 2 2 2
left_child=2 6 4 10 33 8 12 -8 51 17 18 19 -2 -6 49 44 -13 23 -3 -12 40 22 29 43 -25 -26 35 -28 -29 -20 -21 42 -18 -1 -35 37 -37 -27 -10 -11 53 -17 54 50 -7 -15 -23 -48 -49 -14 -5 -4 -32 -9 -16 -54 -43 58 59 -34 -61 -39
right_child=1 3 5 9 13 15 7 20 38 39 11 16 14 45 31 41 32 -19 21 30 -22 46 -24 24 25 26 27 28 -30 -31 52 -33 57 34 -36 36 -38 61 -40 -41 -42 56 -44 -45 -46 -47 47 48 -50 -51 -52 -53 55 -55 -56 -57 -58 -59 -60 60 -62 -63
leaf_value=-0.024233001125167575 0.0069480530638392568 0.018673771399601247 0.0023198217832950093 0.31725587058658367 -0.011637937352000128 0.067425356077706819 -0.0031689230737471986 0.12305360346810813 0.014261559731188015 0.33331650948606883 0.049242505432248014 0.37062531748539884 0.20475131325565826 -0.021020313983358973 0.090894333946983208 0.030452350473066912 0.15171393832946461 0.14781249593678222 0.27489290058508437 0.1630481069511166 0.1497690833467078 0.1737386097250751 0.14745969982086446 0.045395778235419626 0.50492768842803426 0.24989126360179997 0.55943339899421884 0.40581430090401699 0.13218671429832024 0.51828751679908069 0.12095106132078583 0.1660509143186536 0.17520573501391934 0.1128435660716595 -0.019124947121738227 0.23737556586379674 0.54266128533522795 0.14764134950369617 0.031414529336850135 0.53753856731746008 0.13104910524238975 0.050529341825447424 0.069734387767083877 0.18778364815235371 0.18466132046890929 -0.0024298167684492504 0.20222681777156304 0.41447286563960073 0.24442158942763012 0.10685607481808597 0.46897958242391091 0.096200135159784608 0.1337062082704881 0.094440048366497234 0.24622618669599994 0.20402328745701262 0.17034835305269463 0.23194743901391623 0.13865325973616843 0.13719995237532115 0.29440896402804695 0.31136216173314635
leaf_weight=70981 450 47 34557 116 82743 2134 227 1932 13837 65 177 52 110 3113 2507 7757 1198 139 57 2816 1764 706 46 39 34 784 31 50 37 42 2125 167 386 107 134917 49 31 243 5582 50 3208 3023 9443 40 78 55764 380 51 114 1926 64 106 421 2599 38 293 60 449 441 44 198 35
leaf_count=70981 450 47 34557 116 82743 2134 227 1932 13837 65 177 52 110 3113 2507 7757 1198 139 57 2816 1764 706 46 39 34 784 31 50 37 42 2125 167 386 107 134917 49 31 243 5582 50 3208 3023 9443 40 78 55764 380 51 114 1926 64 106 421 2599 38 293 60 449 441 44 198 35
internal_value=8.93343e-07 0.122359 -0.0106847 0.178044 -0.0156841 0.0152026 0.0952823 0.119949 0.00856245 0.263714 0.162627 0.155749 0.0788884 -0.00821844 0.0811695 0.0427162 0.180064 0.252895 0.2036 0.144206 0.122891 0.209823 0.305425 0.26229 0.249743 0.255897 0.249136 0.361023 0.289747 0.378585 0.147177 0.0759782 0.176401 -0.0208164 -0.0190203 0.237543 0.356222 0.228569 0.0191924 0.422512 0.116762 0.0368279 0.0747219 0.338156 0.0715682 -0.00341281 0.198718 0.231036 0.297211 0.112156 0.371441 0.00260723 0.131429 0.106644 0.0932238 0.162588 0.0528671 0.195872 0.180698 0.210194 0.2659 0.168364
internal_weight=450980 36221 414759 11850 347625 67134 24371 9730 54082 1807 10043 8600 14641 141620 14191 13052 2768 1692 1443 5832 9503 1396 145 1553 1333 1294 1260 118 87 99 5655 12155 2716 206005 135024 1142 80 1062 19419 115 7739 10840 11988 220 2212 58877 1251 545 165 2036 180 34663 2839 4531 2545 714 3083 1518 1069 628 242 278
internal_count=450980 36221 414759 11850 347625 67134 24371 9730 54082 1807 10043 8600 14641 141620 14191 13052 2768 1692 1443 5832 9503 1396 145 1553 1333 1294 1260 118 87 99 5655 12155 2716 206005 135024 1142 80 1062 19419 115 7739 10840 11988 220 2212 58877 1251 545 165 2036 180 34663 2839 4531 2545 714 3083 1518 1069 628 242 278
is_linear=0
shrinkage=0.03


Tree=12
num_leaves=63
num_cat=0
split_feature=12 12 12 13 12 12 13 13 5 5 11 5 10 27 13 42 10 28 13 13 5 23 23 43 8 27 42 7 26 43 5 23 20 26 44 18 7 23 43 42 12 22 22 11 28 5 5 13 28 27 27 26 5 23 11 22 43 41 9 27 26 14
split_gain=620340 70218.6 46714.4 21623.6 10998.8 7692.23 7022.82 6679.45 4488.55 4406.32 3254.1 3182.84 2757.1 2501.88 2378.34 2058.92 1858.27 1826.69 1696.19 1675.65 1657.66 1787.62 1607.02 1899.11 1707.5 1514.19 1478.8 1452.01 1918.93 1901.52 1416.93 1805.5 1397.98 1392.14 1576.95 1379.48 1361.91 1344.34 1655.81 1557.19 1430.99 1829.09 1316.48 1296.39 1288.36 1258.53 1381.38 1257.6 1212.04 1180.95 1178.81 1170.89 1160.55 1129.74 1110.31 1101.07 1094.67 1063.68 1063.08 1047.18 1043.5 1040.08
threshold=3.2321428060531621 6.5535714626312265 0.94642856717109691 12.098214149475099 1.8392856717109682 0.44642856717109686 4.5798320770263681 8.4553570747375506 1.0000000180025095e-35 1.0000000180025095e-35 21.678571701049808 1.0000000180025095e-35 5.2142856121063241 3.5000000000000004 5.8819444179534921 70.500000000000014 3.928571462631226 3.5000000000000004 2.6464285850524907 1.3763889074325564 1.0000000180025095e-35 0.55500000715255748 0.57499998807907116 -2.4107142686843868 31.500000000000004 4.5000000000000009 83.500000000000014 14.500000000000002 1.0591672062873843 -1.4821428656578062 1.0000000180025095e-35 0.57499998807907116 16.500000000000004 1.0436724424362185 0.70588147640228283 6.5000000000000009 12.500000000000002 0.55500000715255748 -1.5535714030265806 524.50000000000011 7.1250000000000009 0.19642857462167743 0.33928571641445165 1.0000000180025095e-35 7.5000000000000009 36.500000000000007 19.500000000000004 9.0930299758911151 3.5000000000000004 4.5000000000000009 4.5000000000000009 0.94345536828041088 15.500000000000002 0.62999999523162853 2.1071428060531621 0.5892857313156129 -4.6964285373687735 1.0000000180025095e-35 6.5000000000000009 3.5000000000000004 1.0037271380424502 6.6062738895416269
decision_type=2 2 2 2 2 2 2 2 2 2 2 2 2 2 2 2 2 2 2 2 2 2 2 2 2 2 2 2 2 2 2 2 2 2 2 2 2 2 2 2 2 2 2 2 2 2 2 2 2 2 2 2 2 2 2 2 2 2 10 2 2 2
left_child=2 6 5 7 16 43 30 20 54 37 11 26 18 44 55 -13 19 -17 50 -4 51 52 23 24 32 56 -5 42 47 -30 -2 -32 -19 -34 -35 -25 -37 40 39 -39 -9 -42 -15 -1 61 46 -12 -29 -49 -7 -6 -3 57 -45 -8 -10 -23 -22 -50 -33 -27 -11
right_child=1 3 4 10 12 49 8 9 14 13 45 15 -14 27 -16 17 -18 22 -20 -21 21 25 -24 35 -26 60 -28 28 29 -31 31 59 33 34 -36 36 -38 38 -40 -41 41 -43 -44 53 -46 -47 -48 48 58 -51 -52 -53 -54 -55 -56 -57 -58 -59 -60 -61 -62 -63
leaf_value=-0.024204808561436059 0.039209021082051917 -0.00085067890650144878 -0.0020759293631247458 -0.032730835186633042 0.013562906826973696 -0.012333339818261927 -0.013039915558467643 0.26677919297044805 0.089551384510282134 0.24953287809713151 0.37591653108817152 0.46055869387931564 0.097474949301088964 0.18241849015708494 0.12101752638729665 0.35461967640134973 0.082476035078793863 0.17425393780786433 0.037159239902239564 0.007800862494523996 0.15849089910765221 0.25064336968565193 0.13007905026280928 0.21070940426235815 0.4598945985309088 0.18040815850627281 0.17265172232115908 0.13744031445316965 0.5577409731728471 0.26307120294622843 0.1017850210506664 0.049406089346609762 0.26340561494856013 0.58361470841776542 0.30913432105521482 0.23248211423466975 0.42513915479234493 0.10583235343145596 0.10177716377265843 0.3739446133274143 0.11342827616792474 0.0094653109923060735 0.35428100096483295 0.070943841575596897 0.15023541907597812 0.24144242239255836 0.62917396986982832 0.40943600100493494 0.1655245386393672 -0.0053625525375180097 0.030176552632496269 0.10512949878048483 0.11237103254656851 -0.018888778089398487 0.062674738931593532 0.26058073319735059 0.10129941255365955 0.096965536064963886 0.26679618901426111 0.073013929573095465 0.11747480533692566 0.17206577752600957
leaf_weight=55141 2464 102 54423 43 13433 76233 188 37 6258 220 54 44 451 1946 3617 142 251 82 5574 21593 3252 45 108 737 57 477 118 135 31 55 1056 3899 143 32 47 78 58 31 121 53 414 241 41 126 2707 30 31 36 154 30676 5385 1166 742 147157 2383 34 2306 275 240 2989 474 544
leaf_count=55141 2464 102 54423 43 13433 76233 188 37 6258 220 54 44 451 1946 3617 142 251 82 5574 21593 3252 45 108 737 57 477 118 135 31 55 1056 3899 143 32 47 78 58 31 121 53 414 241 41 126 2707 30 31 36 154 30676 5385 1166 742 147157 2383 34 2306 275 240 2989 474 544
internal_value=9.47034e-07 0.11196 -0.0110566 0.156924 0.006646 -0.0168429 0.077287 0.145717 0.0924632 0.167599 0.25534 0.244795 0.0239825 0.176717 0.101628 0.258166 0.000998806 0.252134 0.0226232 0.000729645 0.128371 0.13369 0.241263 0.250981 0.308944 0.117102 0.117802 0.198753 0.237694 0.369831 0.0590886 0.0652539 0.280494 0.319634 0.420932 0.226978 0.314908 0.105485 0.17297 0.27526 0.0854692 0.0751858 0.185983 -0.0202809 0.159963 0.409859 0.468929 0.217516 0.242615 -0.0103332 0.0183173 0.0966037 0.146517 -0.0188119 0.0571374 0.0904799 0.104169 0.153697 0.227269 0.0596517 0.149058 0.194405
internal_weight=450980 40537 410443 17649 101110 309333 22888 15845 12480 7006 1804 1689 24843 6109 9909 1528 76267 1484 24392 76016 8839 7571 1342 1234 361 3302 161 2638 651 86 10408 7944 304 222 79 873 136 897 205 84 692 655 1987 202424 3471 115 85 565 430 106909 18818 1268 4269 147283 2571 6292 2351 3527 394 6888 951 764
internal_count=450980 40537 410443 17649 101110 309333 22888 15845 12480 7006 1804 1689 24843 6109 9909 1528 76267 1484 24392 76016 8839 7571 1342 1234 361 3302 161 2638 651 86 10408 7944 304 222 79 873 136 897 205 84 692 655 1987 202424 3471 115 85 565 430 106909 18818 1268 4269 147283 2571 6292 2351 3527 394 6888 951 764
is_linear=0
shrinkage=0.03


Tree=13
num_leaves=63
num_cat=0
split_feature=13 13 11 13 13 11 13 10 13 13 11 10 10 36 17 14 36 45 27 42 11 14 36 45 45 13 36 6 10 0 9 28 11 11 27 22 42 29 10 45 22 7 10 28 14 21 26 28 21 6 23 9 26 7 29 22 29 6 44 23 18 27
split_gain=580320 53793.7 52963.1 16062 15619 10096.8 8687.76 3324.4 3231.6 3102.2 3042.6 2489.56 2435.35 2624.05 2374.13 2314.95 1986.9 1834.08 4024.59 1811.43 1729.21 1719.5 1702.27 1656.81 1892.03 1620.18 1525 1500.52 1425.47 1417.9 1412.27 1911.15 1949.96 1389.94 1279.31 1254.96 1251.77 1379.3 1232.39 1206.52 1184.19 1156.14 1117.33 1112.87 1200.2 1097.55 1092.59 1067.07 3070.58 1096.9 1065.06 1059.76 1043.62 1035.41 990.317 988.87 988.608 973.142 966.487 1581.77 964.445 963.626
threshold=3.8125000000000004 7.5803573131561288 1.3928571343421938 12.098214149475099 0.60749301314353954 2.7500000000000004 5.8819444179534921 0.78571429848670971 2.113571405410767 9.8482141494750994 21.678571701049808 2.6428570747375493 1.214285731315613 -0.87837970256805409 0.5297130048274995 8.1766209602355975 -0.87837970256805409 1.2765675783157351 4.5000000000000009 101.50000000000001 4.7500000000000009 6.9659023284912118 -0.87837970256805409 1.8436825275421145 0.86996445059776317 1.018019497394562 -0.87837970256805409 3.5000000000000004 4.6428573131561288 13.500000000000002 5.5000000000000009 25.500000000000004 12.892857074737551 9.0357141494750994 4.5000000000000009 0.053571430966258056 309.50000000000006 38.500000000000007 28.071428298950199 1.1423167586326601 0.19642857462167743 37.500000000000007 0.21428572386503222 16.500000000000004 7.9147241115570077 49.500000000000007 0.9578477442264558 9.5000000000000018 51.500000000000007 3.5000000000000004 0.62999999523162853 8.5000000000000018 1.0055686831474306 16.500000000000004 27.500000000000004 0.66071426868438732 31.500000000000004 14.500000000000002 3.4494930505752568 0.48999999463558203 1.0000000180025095e-35 4.5000000000000009
decision_type=2 2 2 2 2 2 2 2 2 2 2 2 2 2 2 2 2 2 2 2 2 2 2 2 2 2 2 2 2 2 10 2 2 2 2 2 2 2 2 2 2 2 2 2 2 2 2 2 2 2 2 10 2 2 2 2 2 2 2 2 2 2
left_child=2 6 4 9 14 8 12 -8 34 11 22 40 -2 46 -1 17 19 28 27 -13 58 47 36 24 -24 61 -9 -19 -11 -28 45 51 -33 50 -4 -17 37 39 53 -5 -3 56 -27 -30 -45 -26 -14 48 49 -18 55 54 -38 -12 -32 -15 -37 -23 -7 -60 -59 -6
right_child=1 3 5 10 25 20 7 26 -10 15 38 16 13 33 -16 35 21 18 -20 -21 -22 57 23 -25 30 42 29 -29 43 -31 31 32 -34 -35 -36 41 52 -39 -40 -41 -42 -43 -44 44 -46 -47 -48 -49 -50 -51 -52 -53 -54 -55 -56 -57 -58 60 59 -61 -62 -63
leaf_value=-0.021379696678831869 0.017142493472354949 0.18592337897374156 0.0032959820601295934 0.41276960451345579 -0.0099813185249206498 0.038708543095368891 -0.0045929801702664884 0.14495620948853308 0.026321361387486319 0.076161490759246483 0.58270497822353984 0.40104170968525354 0.18097379925776055 0.080528470779448344 -0.015453856240740867 0.1926642515960007 0.21995421930212747 0.085401165079046604 0.55925910636347576 0.17523256301598159 0.076989981986078759 0.1137725132581449 0.25773888375408005 0.44635050564063744 0.030557639287973497 -0.017949888329841616 0.17063579190813735 0.32809895704088565 0.23434144698532899 0.10664748947602927 0.18636642643454329 0.50670926967392793 0.21760180856103234 0.15752862773788842 0.016031788064549617 0.15164992784007514 0.36916396293461745 0.55173998225515131 0.23465111961606228 0.17722540820293195 0.015803061495264156 0.28216216733341543 0.00096413446697131997 0.16305085026877369 0.34957026638653338 0.16846815618573527 0.10186105975925551 0.14352281622441687 0.39088935531812186 0.14106704394620029 0.063237888652456734 0.16647303003579189 0.18588918368558083 0.36679842176602473 0.41303684414481834 0.24277202874334672 0.09539103950303883 0.12460972744311566 0.31470097470917174 0.051506696475266317 0.1909044498845921 -0.002447802223841773
leaf_weight=127384 642 45 24690 49 53251 8748 216 1270 9994 85 35 33 172 4523 116504 559 239 48 41 1009 1285 2525 669 30 66 3033 326 44 546 7236 36 39 46 167 9963 882 42 32 31 33 201 49 38380 529 33 245 1836 2084 60 476 7267 286 85 49 34 34 414 491 30 65 332 21432
leaf_count=127384 642 45 24690 49 53251 8748 216 1270 9994 85 35 33 172 4523 116504 559 239 48 41 1009 1285 2525 669 30 66 3033 326 44 546 7236 36 39 46 167 9963 882 42 32 31 33 201 49 38380 529 33 245 1836 2084 60 476 7267 286 85 49 34 34 414 491 30 65 332 21432
internal_value=9.96834e-07 0.115159 -0.0100558 0.165425 -0.0142376 0.017427 0.0885665 0.111678 0.0112922 0.15148 0.248173 0.140882 0.074283 0.0769032 -0.018549 0.176068 0.144067 0.206521 0.312288 0.182423 0.04447 0.137625 0.237993 0.225688 0.220997 -0.00518036 0.114522 0.201721 0.194703 0.109408 0.188279 0.22283 0.350708 0.0715865 0.0069577 0.15485 0.311949 0.384286 0.397597 0.318327 0.0469916 0.139119 -0.000421092 0.203788 0.174066 0.139225 0.108647 0.154722 0.184813 0.167465 0.0703712 0.192203 0.246754 0.457363 0.296917 0.0817446 0.133688 0.123021 0.0397434 0.13488 0.151375 -0.00781943
internal_weight=450980 36221 414759 12532 359984 54775 23689 9048 44647 10725 1807 7495 14641 13999 243888 3230 7249 1326 133 1042 10128 6207 1692 1451 1421 116096 8832 92 1193 7562 752 441 85 11991 34653 1904 241 114 115 82 246 1345 41413 1108 562 311 2008 2859 775 715 11824 356 127 84 70 4557 1296 3348 8843 95 823 74683
internal_count=450980 36221 414759 12532 359984 54775 23689 9048 44647 10725 1807 7495 14641 13999 243888 3230 7249 1326 133 1042 10128 6207 1692 1451 1421 116096 8832 92 1193 7562 752 441 85 11991 34653 1904 241 114 115 82 246 1345 41413 1108 562 311 2008 2859 775 715 11824 356 127 84 70 4557 1296 3348 8843 95 823 74683
is_linear=0
shrinkage=0.03


Tree=14
num_leaves=63
num_cat=0
split_feature=12 12 12 12 12 12 12 5 5 42 36 5 23 45 12 5 45 27 36 26 43 43 23 20 22 27 28 27 23 44 12 11 18 11 15 44 7 43 27 26 43 28 14 45 15 28 11 14 43 14 12 5 22 22 41 30 27 30 15 45 19 44
split_gain=549613 51358.6 48784.1 15484.2 14318.6 9715.56 7372.44 3863.58 3804.31 3517.43 3497.91 3479.94 3437.12 3001.82 2491.67 2368.11 2358.92 2326.5 2181.13 2117.43 2079.95 2036.31 1901.72 2093.69 1814.49 1774.07 1711.6 1650.69 1616.22 1592.56 2169.56 1820.71 1808.02 1851.49 1616.16 1528.35 1496.93 1408.32 1399.17 1385.5 1348.61 1796.38 1836.35 1596.27 1293.66 1431.26 1250.39 1199.29 1189.57 1184.06 1168.65 1161.17 1150.05 1141.78 1191.78 1101.39 1099.74 1071.25 2008.91 1006.77 1002.49 1048.99
threshold=3.7678571939468388 1.4464285969734194 7.7321429252624521 0.62500000000000011 11.803571224212648 6.0535714626312265 2.6964285373687749 1.0000000180025095e-35 1.0000000180025095e-35 265.50000000000006 -0.87837970256805409 1.0000000180025095e-35 0.55500000715255748 1.7777319550514223 0.26785714924335485 29.500000000000004 0.84294813871383678 3.5000000000000004 -0.87837970256805409 1.0294545888900759 2.7321428060531621 8.8392853736877459 0.48999999463558203 3.5000000000000004 0.19642857462167743 3.5000000000000004 4.5000000000000009 4.5000000000000009 0.55500000715255748 0.91428518295288097 12.696428775787355 16.392857551574711 1.5000000000000002 14.250000000000002 12.990804195404055 3.4494930505752568 21.500000000000004 -3.8035714626312251 3.5000000000000004 0.94982609152793895 -2.3392857313156123 7.5000000000000009 6.6815307140350351 1.094383239746094 15.354063034057619 14.500000000000002 4.7500000000000009 10.629025936126711 -3.1607142686843868 8.3252339363098162 8.6607146263122576 1.0000000180025095e-35 0.66071426868438732 0.33928571641445165 1.0000000180025095e-35 11.500000000000002 3.5000000000000004 11.500000000000002 10.044406890869142 0.96279034018516552 1.0000000180025095e-35 0.7999996840953828
decision_type=2 2 2 2 2 2 2 2 2 2 2 2 2 2 2 2 2 2 2 2 2 2 2 2 2 2 2 2 2 2 2 2 2 2 2 2 2 2 2 2 2 2 2 2 2 2 2 2 2 2 2 2 2 2 2 2 2 2 2 2 2 2
left_child=1 3 5 14 7 11 20 24 19 10 44 -2 52 29 -1 17 57 21 -7 -6 27 28 23 -20 -4 -5 -18 -3 40 30 -12 -31 33 -32 -33 -27 53 -28 -14 -22 41 42 43 -9 45 -10 56 -34 -26 -24 -42 -25 -13 54 -19 -43 -8 -11 -59 -36 61 -38
right_child=2 6 4 25 8 18 46 15 9 16 13 12 38 -15 -16 -17 26 36 22 -21 39 -23 49 51 48 35 37 -29 -30 31 32 34 47 -35 59 -37 60 -39 -40 -41 50 55 -44 -45 -46 -47 -48 -49 -50 -51 -52 -53 -54 -55 -56 -57 -58 58 -60 -61 -62 -63
leaf_value=-0.020475453353315999 0.046951498367050551 0.008857684938325899 0.12450162450448816 -0.0078858163777786299 0.03952010189886003 0.1525809096101188 0.031357915693652649 0.2474304040342164 0.50380594193035022 0.23367637683187825 0.12666224093120668 0.10748997394395632 0.062100097370070467 0.543835835736864 -0.01439138679282481 0.086620557190525874 0.29062257361575511 0.17012937311220414 0.37714211710267681 0.2413176511602208 0.28284581495875927 0.38053160789971036 0.10523356393120691 0.078016036438006808 -0.0034845659404865396 -0.00069232106710840756 0.25875663199394411 0.022575922868227346 0.11161373651841329 0.16276775595635506 0.39860657395461024 0.48803913746328598 0.56734191332618478 0.1448592754520342 0.34700974246705107 0.125082476796191 0.28792456098938651 0.13934589323203694 0.085392822329872942 0.069124359766279911 0.1123851016239469 0.15145006369732486 0.09764121325252291 0.47994544807532413 0.57414542818556025 0.2253462207955349 0.090083781003196597 0.32811300869974841 0.091856541852760293 0.070160364859952751 0.15522635164379736 0.13403835060669328 0.27800447583528765 0.31129364802978188 0.09357167412649911 0.30458527246211331 0.052439502456160428 0.54260703554490763 0.26752432829543288 0.17426470368074984 0.38030051439752866 0.17914031106585049
leaf_weight=141971 3440 27533 765 67668 141 1137 5249 66 33 438 45 2869 5309 33 105684 466 102 2869 30 70 30 32 3219 395 210 50949 106 11068 1261 244 54 31 46 50 52 87 118 556 4128 296 845 529 37 45 44 34 478 33 268 1187 1793 2143 36 49 196 46 3870 31 106 74 36 250
leaf_count=141971 3440 27533 765 67668 141 1137 5249 66 33 438 45 2869 5309 33 105684 466 102 2869 30 70 30 32 3219 395 210 50949 106 11068 1261 244 54 31 46 50 52 87 118 556 4128 296 845 529 37 45 44 34 478 33 268 1187 1793 2143 36 49 196 46 3870 31 106 74 36 250
internal_value=1.04913e-06 -0.00976782 0.11228 -0.0136092 0.161079 0.0873538 0.0192349 0.14532 0.228103 0.240239 0.291231 0.0736382 0.0810758 0.265014 -0.0178792 0.152437 0.210781 0.156189 0.114039 0.106557 0.0134286 0.14226 0.107754 0.12828 0.0958498 -0.00470074 0.176181 0.0127912 0.140602 0.250299 0.313702 0.214177 0.359593 0.276883 0.29391 -0.000477641 0.17461 0.158505 0.0722899 0.0888773 0.151474 0.187806 0.281068 0.342054 0.447193 0.363067 0.0427857 0.467971 0.0499752 0.0957868 0.141509 0.125323 0.109613 0.167546 0.165237 0.163754 0.0403053 0.256714 0.330131 0.245787 0.229 0.214095
internal_weight=450980 414883 36097 366359 12204 23893 48524 9881 2323 2112 773 15782 12342 662 247655 8638 1339 8172 8111 211 38927 4654 6974 2568 1243 118704 764 38601 4622 629 228 401 183 104 157 51036 3518 662 9437 326 3361 723 148 111 111 67 9597 79 478 4406 2638 2538 2905 3114 3065 575 9119 575 137 126 404 368
internal_count=450980 414883 36097 366359 12204 23893 48524 9881 2323 2112 773 15782 12342 662 247655 8638 1339 8172 8111 211 38927 4654 6974 2568 1243 118704 764 38601 4622 629 228 401 183 104 157 51036 3518 662 9437 326 3361 723 148 111 111 67 9597 79 478 4406 2638 2538 2905 3114 3065 575 9119 575 137 126 404 368
is_linear=0
shrinkage=0.03


Tree=15
num_leaves=63
num_cat=0
split_feature=12 12 12 13 12 13 13 5 23 5 45 5 43 36 36 13 13 42 42 39 28 5 17 23 45 17 14 14 28 21 28 27 5 27 27 22 26 30 23 27 42 42 30 45 12 15 26 43 17 12 43 23 29 29 10 8 26 14 21 44 27 26
split_gain=517260 58731.7 39236.8 19204.9 10402.3 5944.98 5339.3 4672.4 5050.9 3633.19 3839.29 3480.35 2895.52 2751.82 2454.58 2428.28 2160.18 2137.57 1865.86 1920.1 1893.81 1850.85 1762.07 1793.19 1546.87 1973.74 1661.03 1539.1 1547.57 2099.26 1399.88 1371.44 1360.36 1356.82 1341.65 1247.17 1238.69 1218.07 1170.25 1810.13 1686.12 1325.61 1906.49 1504.98 1140.88 1311.25 1129.41 1123.1 1121.38 1094.53 1079.06 1280.4 1064.1 1294.31 1132.58 1165.23 1484.53 1022.54 1005.05 987.99 975.037 963.868
threshold=3.2321428060531621 6.2678570747375497 0.87500000000000011 11.562500000000002 1.6250000000000002 8.4553570747375506 0.37617924809455877 1.0000000180025095e-35 0.55500000715255748 1.0000000180025095e-35 1.8611279726028445 1.0000000180025095e-35 2.6964285373687749 -0.87837970256805409 -0.87837970256805409 4.9546959400177011 2.559394478797913 95.500000000000014 309.50000000000006 -0.68301269412040699 12.500000000000002 1.0000000180025095e-35 12.598823547363283 0.55500000715255748 0.94503900408744823 14.329426765441896 9.6879892349243182 9.0698347091674822 7.5000000000000009 51.500000000000007 11.500000000000002 3.5000000000000004 15.500000000000002 4.5000000000000009 4.5000000000000009 0.44642856717109686 0.94345536828041088 11.500000000000002 0.52000001072883617 5.5000000000000009 958.50000000000011 363.50000000000006 7.5000000000000009 1.2176635265350344 7.3392858505249032 13.574479103088381 0.94982609152793895 0.089285716414451613 8.0809521675109881 12.696428775787355 0.94642856717109691 0.62999999523162853 41.500000000000007 37.500000000000007 14.071428775787355 3.5000000000000004 1.0888864994049074 9.5006265640258807 73.500000000000014 3.199986577033997 4.5000000000000009 1.0279641747474673
decision_type=2 2 2 2 2 2 2 2 2 2 2 2 2 2 2 2 2 2 2 2 2 2 2 2 2 2 2 2 2 2 2 2 2 2 2 2 2 2 2 2 2 2 2 2 2 2 2 2 2 2 2 2 2 2 2 2 2 2 2 2 2 2
left_child=2 7 6 5 31 21 50 35 48 58 13 38 16 18 17 -10 33 -13 19 -11 -21 36 23 32 25 37 -27 28 29 -16 -24 -4 -23 -6 -25 -2 -3 -15 39 40 61 -40 43 -43 -32 -46 -14 -39 -9 -30 -1 -52 53 54 55 -26 -57 -54 -5 -33 -8 -7
right_child=1 3 4 9 12 11 60 8 15 10 -12 14 46 24 27 -17 -18 -19 -20 20 -22 22 30 34 52 26 -28 -29 49 -31 44 59 -34 -35 -36 -37 -38 47 41 -41 -42 42 -44 -45 45 -47 -48 -49 -50 -51 51 -53 57 -55 -56 56 -58 -59 -60 -61 -62 -63
leaf_value=-0.019156203680386799 0.049589306746804743 -0.0090712400802580549 -0.0044574488094452844 0.07259482221768733 0.0097496733968175098 -0.016903867544595198 -0.012556512782902035 0.098627886618548516 0.058045250474299752 0.26024244116440332 0.51178690553702688 0.42446684009736152 0.23883484241913772 0.20515844309031206 0.18861735785691361 0.085746705260252867 0.033109313767407902 0.19699779510218335 0.24338730875310285 0.673023624715404 0.3719545839548965 0.13882558823485494 0.40868820863358196 0.092973654421915394 0.11906495505755169 0.51664488032179068 0.28355276679249647 0.13283400589414279 0.15235495898193543 0.36148014851152155 0.019544713495676696 0.0032946079653768893 0.09561610611118615 0.024647370215414788 0.13194356605751806 0.010948299592451183 0.092562351381104219 0.39178056159463404 0.071291176130731618 0.23110019073072957 0.11783290645987816 0.19159614042060014 0.091264461137344585 0.44553645680980997 0.34713858274185461 0.095394882786670118 0.078833327359242408 0.22258370804058272 0.14025149571769333 0.31072563827558047 0.16482404044166923 0.008499006230153875 0.24462027403024525 0.3345185811079 0.13415345056030489 0.22207259365438675 0.42924923813861349 0.055794066164745103 0.22972804794645613 0.12306539095290329 -0.0064868099821543358 0.12269952262615759
leaf_weight=180301 3856 117 45226 166 19253 251 83058 2887 8837 53 45 39 44 650 525 4204 6641 799 141 32 47 3896 30 2807 68 37 110 2137 2224 72 30 34000 790 7704 1111 934 1385 67 125 57 213 51 76 36 43 33 403 76 731 40 56 296 35 58 221 157 39 98 47 62 33399 54
leaf_count=180301 3856 117 45226 166 19253 251 83058 2887 8837 53 45 39 44 650 525 4204 6641 799 141 32 47 3896 30 2807 68 37 110 2137 2224 72 30 34000 790 7704 1111 934 1385 67 125 57 213 51 76 36 43 33 403 76 731 40 56 296 35 58 221 157 39 98 47 62 33399 54
internal_value=1.10591e-06 0.102235 -0.010096 0.140514 0.00492234 0.1298 -0.0158248 0.0681698 0.0756782 0.225045 0.237998 0.151777 0.0187926 0.231449 0.160094 0.066976 0.0177832 0.207635 0.319621 0.400795 0.494622 0.115423 0.120712 0.119015 0.216533 0.241457 0.342544 0.152119 0.166517 0.209525 0.227873 -0.00103333 0.131544 0.0140074 0.104028 0.0420554 0.0846444 0.222675 0.0955222 0.070772 0.0530857 0.14489 0.201243 0.297083 0.176348 0.238118 0.0946362 0.302087 0.107042 0.155167 -0.0190537 0.0334129 0.181844 0.200483 0.184385 0.226363 0.263502 0.105643 0.107366 0.00351302 -0.0108158 0.00784
internal_weight=450980 40537 410443 19088 113333 16941 297110 21449 16659 2147 1934 6699 34045 1889 5836 13041 33598 838 273 132 79 10242 8740 8604 1616 940 147 4998 2861 597 136 79288 4686 26957 3918 4790 1502 793 863 575 518 288 163 87 106 76 447 143 3618 2264 180653 352 676 543 485 264 196 133 213 34062 116457 305
internal_count=450980 40537 410443 19088 113333 16941 297110 21449 16659 2147 1934 6699 34045 1889 5836 13041 33598 838 273 132 79 10242 8740 8604 1616 940 147 4998 2861 597 136 79288 4686 26957 3918 4790 1502 793 863 575 518 288 163 87 106 76 447 143 3618 2264 180653 352 676 543 485 264 196 133 213 34062 116457 305
is_linear=0
shrinkage=0.03


Tree=16
num_leaves=63
num_cat=0
split_feature=12 12 13 12 12 13 12 27 36 12 23 13 36 43 11 22 9 27 13 42 12 36 44 13 10 36 26 23 14 44 26 12 11 42 42 22 27 42 22 14 9 28 12 8 28 9 42 12 44 28 17 8 27 11 27 11 13 29 21 27 9 14
split_gain=486933 47126.2 43177.2 14247.2 11660.2 10368.6 6652.47 2956.47 2508.77 2236.31 2086.6 2022.02 1876.05 1855.66 1815.34 1731.25 1705.29 1626.73 1617.61 1605.96 1669.92 1456.38 1439.64 1252.11 1267.41 1247.7 1232.03 1210.91 1176.39 1589.02 1669.94 1122.64 1097.69 1089.38 1058.65 1377.84 1050.03 1025.39 1349.95 1296.91 1300.19 1595.28 1918.4 1593.14 1279.93 2067.56 1157.28 987.665 985.22 973.473 1730.14 967.994 919.831 1276.12 1166.05 1034.27 919.549 917.187 916.229 890.617 887.775 1118.6
threshold=3.8392857313156132 1.4821428656578066 8.4553570747375506 0.62500000000000011 6.0535714626312265 12.901785850524904 2.6964285373687749 3.5000000000000004 -0.87837970256805409 0.23214285820722583 0.43999999761581426 4.6339285373687753 -0.87837970256805409 2.7321428060531621 19.750000000000004 0.089285716414451613 10.500000000000002 3.5000000000000004 6.669642686843873 512.50000000000011 7.8035714626312265 -0.60785761475563038 3.199986577033997 11.008928775787355 1.0000000180025095e-35 -0.87837970256805409 0.94982609152793895 0.57499998807907116 10.092429637908937 1.7777736186981203 0.96503895521163952 6.1250000000000009 4.7500000000000009 1815.5000000000002 309.50000000000006 0.053571430966258056 3.5000000000000004 46.500000000000007 0.23214285820722583 9.394780635833742 11.500000000000002 23.500000000000004 13.339285373687746 20.500000000000004 25.500000000000004 22.500000000000004 1736.5000000000002 9.0892853736877459 0.96969673037529003 12.500000000000002 12.598823547363283 27.500000000000004 2.5000000000000004 9.0357141494750994 5.5000000000000009 9.3928570747375506 2.2330927848815922 1.5000000000000002 42.500000000000007 4.5000000000000009 15.500000000000002 7.8148198127746591
decision_type=2 2 2 2 2 2 2 2 2 2 2 2 2 2 2 2 10 2 2 2 2 2 2 2 2 2 2 2 2 2 2 2 2 2 2 2 2 2 2 2 10 2 2 2 2 10 2 2 2 2 2 2 2 2 2 2 2 2 2 2 10 2
left_child=1 3 4 9 11 7 13 23 34 -1 -9 59 -6 21 27 19 -16 -5 52 47 -21 -3 -19 24 -4 -13 -15 33 31 -30 -31 -26 36 37 35 -7 -8 -10 39 40 41 42 -39 -42 46 -46 48 -12 -41 50 51 -20 -14 -54 55 -55 -23 -33 -49 -2 -22 -62
right_child=2 6 5 17 12 8 32 10 14 -11 15 25 18 26 16 -17 -18 22 49 20 60 56 -24 -25 28 -27 -28 -29 29 30 -32 57 -34 -35 -36 -37 -38 38 -40 44 43 -43 -44 -45 45 -47 -48 58 -50 -51 -52 -53 53 54 -56 -57 -58 -59 -60 -61 61 -63
leaf_value=-0.019614855115057502 0.049606738433526067 0.02209465140619668 -0.053941418024209827 -0.0072959789703637206 0.1401557790683062 0.51363616922267097 0.029746424426590898 0.37852091429128448 0.051419287450681223 -0.013911216692104395 0.13514749809687587 0.10617921877355199 0.074245483020746544 0.26809022888194678 0.22967543480723396 0.14746050303149746 0.430632457548833 -0.00050354721595196662 0.12276675658861069 0.3652499924093256 0.15069009636602768 0.0058745624092918381 0.10525556847337604 0.16859136934061608 -0.0021311740606052084 0.074540405724687828 0.066290427165824228 0.062278011324006816 0.094847670709801282 0.39694978379771068 0.10127632406362205 0.27416692037111634 0.081165302062567182 0.035204078135300312 0.25447033935800017 0.30563865865333179 0.049807319241282406 0.12151611099658556 0.36481542280383034 0.095008354142942994 0.27336135934944467 0.043911940830684927 0.35258094681650592 0.5027152926902031 0.20292822761010609 0.49380071958434146 0.32311670335153686 0.30117387400532036 0.18756717070154091 0.10508930786643104 0.3417852540405964 0.22650687104598238 0.095210771117024667 0.35580702396828356 0.071345461291273143 0.17348938499400729 0.019635595172391732 0.14017814608045767 0.19926755784807917 0.074843898388921457 0.28349140226491426 0.1480891916293802
leaf_weight=127078 4388 10444 35 68967 1621 49 5523 43 32 120577 65 1316 1814 30 89 1695 67 51848 2301 39 810 20374 116 735 49 7638 288 50 1140 33 36 47 569 30 91 71 4087 55 58 161 115 41 79 36 83 30 40 214 292 3789 34 84 1580 38 69 108 5564 2210 128 1766 115 106
leaf_count=127078 4388 10444 35 68967 1621 49 5523 43 32 120577 65 1316 1814 30 89 1695 67 51848 2301 39 810 20374 116 735 49 7638 288 50 1140 33 36 47 569 30 91 71 4087 55 58 161 115 41 79 36 83 30 40 214 292 3789 34 84 1580 38 69 108 5564 2210 128 1766 115 106
internal_value=1.15129e-06 -0.009113 0.106621 -0.0127163 0.0873931 0.163529 0.0192182 0.149249 0.23642 -0.0168379 0.171002 0.0700919 0.110245 0.0132663 0.220322 0.168177 0.316214 -0.00427574 0.105304 0.191938 0.172603 0.0126355 -0.000267229 0.132923 0.125534 0.0791918 0.0854112 0.206719 0.127323 0.103328 0.243077 0.139897 0.0406769 0.213576 0.332239 0.39094 0.0382786 0.218807 0.22421 0.21542 0.263745 0.207838 0.257913 0.328348 0.189381 0.280533 0.168433 0.242713 0.154703 0.114592 0.129472 0.12643 0.0893236 0.104555 0.173145 0.221163 0.00882658 0.142981 0.263107 0.0568503 0.165279 0.21865
internal_weight=450980 415465 35515 368586 26546 8969 46879 7500 1469 247655 3215 15108 11438 36700 1258 3172 156 120931 9817 1477 1070 36382 51964 4285 3550 8954 318 1102 3515 1209 69 2306 10179 1052 211 120 9610 1022 990 932 326 175 134 151 606 113 493 407 453 6208 2419 2385 3609 1795 215 146 25938 2257 342 6154 1031 221
internal_count=450980 415465 35515 368586 26546 8969 46879 7500 1469 247655 3215 15108 11438 36700 1258 3172 156 120931 9817 1477 1070 36382 51964 4285 3550 8954 318 1102 3515 1209 69 2306 10179 1052 211 120 9610 1022 990 932 326 175 134 151 606 113 493 407 453 6208 2419 2385 3609 1795 215 146 25938 2257 342 6154 1031 221
is_linear=0
shrinkage=0.03


Tree=17
num_leaves=63
num_cat=0
split_feature=13 13 13 13 13 13 13 5 5 5 43 23 5 42 36 28 6 44 13 14 10 44 10 8 43 28 11 23 43 11 26 11 43 26 42 23 27 9 27 26 5 27 43 8 14 43 26 21 42 29 36 6 43 43 9 5 14 14 26 10 27 28
split_gain=456010 42350.9 41950.7 11230.5 11008 9760.93 7506.72 4430.94 4166.46 3572.05 3265.99 2747.52 2380.12 3140.46 2236.5 1971.05 2046.12 2605.15 1875.24 1785.43 1731.58 1714.47 1682.87 1643.61 1636.43 1806.95 1633.56 1577.94 2442.09 1552.68 1520.83 1486.24 1467.44 1772.51 1446.95 1443.49 1474.9 1413.02 1406.82 1294.7 1265.01 1260.35 1254.88 1213.11 1209.88 1177.83 1172.85 1323.59 1159.48 1514.74 1139.67 1123.04 1649.52 1118.79 1115.06 1094.26 1578.5 1111.35 1080.15 1069.3 1041.29 3253.07
threshold=3.8125000000000004 8.4553570747375506 1.2680749297142031 0.44661854207515722 6.2410714626312265 12.901785850524904 2.2910053730010991 1.0000000180025095e-35 1.0000000180025095e-35 1.0000000180025095e-35 2.3750000000000004 0.55500000715255748 1.0000000180025095e-35 70.500000000000014 -0.87837970256805409 3.5000000000000004 35.500000000000007 1.1636359095573428 0.78647416830062877 0.51123625040054332 1.6428571343421938 0.85714235901832592 1.3571428656578066 2.5000000000000004 -0.98214286565780629 7.5000000000000009 14.892857074737551 0.55500000715255748 -4.4107141494750968 4.7500000000000009 0.94639605283737194 4.1071429252624521 -4.6964285373687735 1.0454634428024294 95.500000000000014 0.55500000715255748 4.5000000000000009 10.500000000000002 4.5000000000000009 0.98953703045845043 23.500000000000004 3.5000000000000004 -4.6964285373687735 5.5000000000000009 6.8851096630096444 1.0178571343421938 0.94639605283737194 36.500000000000007 430.50000000000006 31.500000000000004 1.0000000180025095e-35 8.5000000000000018 -2.196428537368774 -0.51785713434219349 11.500000000000002 4.5000000000000009 9.0039663314819354 9.6879892349243182 0.94345536828041088 11.500000000000002 5.5000000000000009 11.500000000000002
decision_type=2 2 2 2 2 2 2 2 2 2 2 2 2 2 2 2 2 2 2 2 2 2 2 2 2 2 2 2 2 2 2 2 2 2 2 2 2 10 2 2 2 2 2 2 2 2 2 2 2 2 2 2 2 2 10 2 2 2 2 2 2 2
left_child=2 4 3 45 7 8 31 22 27 20 18 -9 21 23 34 -15 32 -18 -5 -8 -6 -7 -2 -14 25 55 40 60 -29 50 -12 38 33 -17 -10 46 42 -28 -4 -38 -26 -13 -37 -34 -45 -1 47 53 -30 -50 -21 -36 -53 -11 -46 56 -16 -57 -22 -27 -3 -62
right_child=1 5 6 10 9 12 19 11 14 35 30 41 13 15 24 16 17 -19 -20 29 58 -23 -24 -25 26 59 37 28 48 -31 -32 -33 43 -35 51 36 39 -39 -40 -41 -42 -43 -44 44 54 -47 -48 -49 49 -51 -52 52 -54 -55 -56 57 -58 -59 -60 -61 61 -63
leaf_value=-0.017596183033768673 -0.0075405244148773164 0.055819113832293099 0.0039517618733644283 -0.010072580639049124 -0.0051092484712312418 0.0074454063875011248 -0.015404272464156375 0.10177073021298191 0.36451542107375706 0.36710929532727832 0.28443011981667948 0.059525091313264215 0.56402624789684064 0.34546595820777065 0.10273540041654684 0.20448342856051499 0.49362131430955175 0.18658891969722483 -0.0034226488216604189 0.038817252903437953 -0.021646248123668787 0.2233031544190098 0.047928195370049075 0.29980027806249021 0.13693664406861072 0.14976520161953985 0.16518721636213385 0.40906324971207347 -0.027667929995852665 0.070251970649081841 0.071488123204454426 0.066711534430770991 0.13130010540031026 0.42166707550517324 0.15339343256359536 0.26525010529482457 0.18071125108094091 0.36048429691149086 0.015853451156943605 0.10951866490146632 0.084962381752602428 0.081051813772602788 0.087118062178272837 0.32205245855523135 0.15586743052438895 0.035542589301940243 0.12132243770152946 0.12134310730188815 0.24852021065320007 0.061479332687073264 0.021713468172398224 0.36629274658188105 0.19851278197089414 0.19268350343709306 0.23944524935229891 0.28274356031768982 0.3169102918945978 0.10937371602067555 0.086588734666783296 0.33044836399068067 0.40105276249209848 -0.002162832400224505
leaf_weight=201062 586 697 31186 79943 248 71 688 2969 44 42 35 5632 38 119 118 82 52 48 73031 8170 88 62 3075 49 2803 1661 101 30 39 994 217 383 234 58 432 36 326 50 12530 784 497 4334 2716 78 301 376 4605 209 78 78 6144 61 396 159 277 235 42 39 1439 30 32 41
leaf_count=201062 586 697 31186 79943 248 71 688 2969 44 42 35 5632 38 119 118 82 52 48 73031 8170 88 62 3075 49 2803 1661 101 30 39 994 217 383 234 58 432 36 326 50 12530 784 497 4334 2716 78 301 376 4605 209 78 78 6144 61 396 159 277 235 42 39 1439 30 32 41
internal_value=1.19294e-06 0.102083 -0.00891363 -0.012841 0.0834666 0.158612 0.0142647 0.0681891 0.144763 0.107268 -0.00672006 0.0764361 0.229338 0.24139 0.153504 0.229212 0.216938 0.346594 -0.00689786 0.0318696 0.0684087 0.108174 0.0390492 0.415742 0.146303 0.167029 0.133536 0.0875705 0.157456 0.0339945 0.10117 0.00787874 0.204316 0.294707 0.196519 0.115037 0.101242 0.230061 0.00736312 0.130443 0.129112 0.0688875 0.0894584 0.190064 0.211 -0.017497 0.125659 0.174316 0.11855 0.155109 0.0314761 0.188163 0.220986 0.229303 0.195958 0.221675 0.159129 0.258121 0.0803492 0.152991 0.0671295 0.174876
internal_weight=450980 36221 414759 354664 27248 8973 60095 16596 7504 10652 153226 12935 1469 1336 6509 1249 1130 100 152974 15996 1775 133 3661 87 5576 2125 3451 995 225 15308 252 44099 1030 140 933 8877 3862 151 43716 1110 3300 9966 2752 890 656 201438 5015 410 195 156 14314 889 457 201 578 434 160 274 1527 1691 770 73
internal_count=450980 36221 414759 354664 27248 8973 60095 16596 7504 10652 153226 12935 1469 1336 6509 1249 1130 100 152974 15996 1775 133 3661 87 5576 2125 3451 995 225 15308 252 44099 1030 140 933 8877 3862 151 43716 1110 3300 9966 2752 890 656 201438 5015 410 195 156 14314 889 457 201 578 434 160 274 1527 1691 770 73
is_linear=0
shrinkage=0.03


Tree=18
num_leaves=63
num_cat=0
split_feature=12 12 13 12 12 13 12 5 5 36 27 5 13 43 26 13 17 7 11 27 9 13 6 12 5 42 28 26 9 12 14 13 11 15 13 42 41 14 28 37 42 13 7 43 6 43 28 36 43 12 14 11 42 27 16 28 29 43 42 6 16 28
split_gain=431332 41921.4 38190 10446.4 9540.67 9182.55 8861.25 3934.66 3059.25 2325.17 2086.36 2078.29 2009.58 1849.01 2016.87 1716.89 1701.45 1690.98 1646.81 1591.29 1586 1437.53 1338.31 1874.51 1714.91 1784.66 1299.79 1299.25 1689.41 4306.03 1286.68 1278.99 1262.43 1254.2 1243.56 1211.86 1211.71 1202.91 1284.47 1427.46 1172.04 1148.47 1146.13 1193.86 1181.19 1138.46 1136.71 1263.94 1133.99 1191.33 1083.34 1152.77 1084.33 1157.15 1174.1 1077.57 1338.27 1058.15 1055.57 1033.12 1293.29 2042.59
threshold=3.8392857313156132 1.2321428656578066 8.4553570747375506 6.0535714626312265 0.48214285075664526 12.901785850524904 2.2678571939468388 1.0000000180025095e-35 1.0000000180025095e-35 -0.87837970256805409 3.5000000000000004 1.0000000180025095e-35 5.3839285373687753 2.1607142686843877 0.95247474312782299 2.8768939971923833 12.598823547363283 19.500000000000004 19.750000000000004 2.5000000000000004 10.500000000000002 0.78647416830062877 35.500000000000007 13.946428775787355 1.0000000180025095e-35 89.500000000000014 3.5000000000000004 0.95645162463188182 1.0000000180025095e-35 8.1607146263122576 1.479938328266144 1.6797112822532656 4.1071429252624521 5.136480467626826e-07 10.651785850524904 1326.5000000000002 1.0000000180025095e-35 9.394780635833742 25.500000000000004 1.0000000180025095e-35 177.50000000000003 6.669642686843873 11.500000000000002 -2.2678571939468379 6.5000000000000009 -2.2678571939468379 11.500000000000002 0.6078576147556306 -0.83928573131561268 13.125000000000002 9.0039663314819354 8.6071429252624529 572.50000000000011 4.5000000000000009 8.8444447517395037 11.500000000000002 31.500000000000004 -3.1607142686843868 1715.5000000000002 11.500000000000002 7.0655939579010019 14.500000000000002
decision_type=2 2 2 2 2 2 2 2 2 2 2 2 2 2 2 2 2 2 2 2 10 2 2 2 2 2 2 2 10 2 2 2 2 2 2 2 2 2 2 2 2 2 2 2 2 2 2 2 2 2 2 2 2 2 2 2 2 2 2 2 2 2
left_child=1 4 3 8 33 7 13 27 -2 -7 26 -5 -10 31 -15 32 19 36 22 41 -20 -6 24 -24 40 -26 42 -4 29 -29 -30 -3 -8 -1 -19 -36 59 55 -39 -40 -11 -13 43 -9 -44 -17 -18 -48 49 -28 51 -21 53 54 -53 -27 -57 -31 -50 -12 61 -61
right_child=2 6 5 11 21 9 15 10 12 18 17 16 -14 14 -16 45 46 34 20 50 -22 -23 23 -25 25 37 48 28 30 57 -32 -33 -34 -35 35 -37 -38 38 39 -41 -42 -43 44 -45 -46 -47 47 -49 58 -51 -52 52 -54 -55 -56 56 -58 -59 -60 60 -62 -63
leaf_value=-0.020617297289931082 0.040140970606332961 0.0025559860129861279 0.0062078361054923384 0.073298889823444721 -0.009529364339248168 0.31470718112599927 0.020437752646004986 0.28141869194426777 0.064630789555699647 -0.051145769995907343 0.14946532768258652 0.072825347010715066 0.091281862131438948 0.28975851810070247 0.049388140238035762 -0.0027812035405514707 0.37310926716343473 0.18934105065485757 0.21485650132902545 0.1182943985803615 0.40863138218339529 -0.0033645595925047762 0.13553882824127061 0.44507996415006312 0.37803098989140455 0.30336956264748621 0.14382799217334052 0.5045580262415279 -0.059833420605927758 0.012930454009356981 0.091446826155989841 0.012723783185536245 0.07020715087889326 -0.015360609746710132 0.25010252983085479 0.46793400091982362 0.077004815241265109 0.13762674877610578 0.37688112930697243 0.14263204198354365 0.15611655323914594 0.10573381023636437 0.18291314205065129 0.1212751500941313 0.39122667979930537 0.044693162262938978 0.10465983846549237 0.33301142309541715 0.10743240955931968 0.28295079358024666 0.095297933179885413 0.2032243669275518 0.13603275973524273 0.14636487967154252 0.40081801106645304 0.130035601592285 0.27572553811447842 0.18734197319056919 0.18397594199228795 0.45250195293981504 0.17755596943230292 0.1742380386300236
leaf_weight=55216 3258 31742 159 1702 70631 211 9100 53 8143 43 1473 1516 3707 34 401 484 31 301 89 3328 67 65718 30 43 47 122 1258 31 55 56 622 17150 483 157037 101 30 154 434 47 47 57 2584 56 201 44 7469 80 30 1846 58 1384 69 554 115 45 132 100 71 178 42 656 55
leaf_count=55216 3258 31742 159 1702 70631 211 9100 53 8143 43 1473 1516 3707 34 401 484 31 301 89 3328 67 65718 30 43 47 122 1258 31 55 56 622 17150 483 157037 101 30 154 434 47 47 57 2584 56 201 44 7469 80 30 1846 58 1384 69 554 115 45 132 100 71 178 42 656 55
internal_value=1.22946e-06 -0.00857679 0.100349 0.0822659 -0.0127503 0.15387 0.0131824 0.140431 0.06589 0.222465 0.148926 0.103895 0.0729688 0.0066706 0.0682414 0.0314993 0.109243 0.168408 0.206969 0.10772 0.298298 -0.00655804 0.194013 0.318251 0.185168 0.197876 0.13409 0.084822 0.0997874 0.18811 0.0791475 0.00612263 0.0229471 -0.0167281 0.223059 0.300318 0.158479 0.188232 0.159469 0.260049 0.0670167 0.0935681 0.188791 0.154794 0.274885 0.0418038 0.212712 0.167197 0.128287 0.149982 0.118278 0.126011 0.158788 0.213746 0.281518 0.231071 0.192931 0.110519 0.114174 0.164111 0.192734 0.295081
internal_weight=450980 415465 35515 26546 348602 8969 66863 7500 15108 1469 6506 11438 11850 49327 435 17536 9736 2812 1258 9595 156 136349 1102 73 1029 929 3694 994 835 158 677 48892 9583 212253 432 131 2380 882 528 94 100 4100 354 254 100 7953 141 110 3340 1316 5495 4111 783 229 114 354 232 127 2024 2226 753 97
internal_count=450980 415465 35515 26546 348602 8969 66863 7500 15108 1469 6506 11438 11850 49327 435 17536 9736 2812 1258 9595 156 136349 1102 73 1029 929 3694 994 835 158 677 48892 9583 212253 432 131 2380 882 528 94 100 4100 354 254 100 7953 141 110 3340 1316 5495 4111 783 229 114 354 232 127 2024 2226 753 97
is_linear=0
shrinkage=0.03


Tree=19
num_leaves=63
num_cat=0
split_feature=11 13 13 13 13 13 13 13 14 7 20 36 28 36 36 23 27 22 6 29 15 9 8 42 15 0 14 23 10 7 27 8 36 10 42 26 10 23 22 14 28 7 42 22 11 16 23 23 28 6 29 14 11 37 11 13 22 7 26 16 7 8
split_gain=404133 42435.8 34954.8 13890.5 8910.67 7665.82 4421.58 4362.47 2879.19 2277.46 3255.2 2191.92 1960.93 1765.41 1725.15 1623.87 1605.58 1539.58 1595 1690.66 1921.89 1552.51 2104.42 1966.82 1678.3 1888.28 1508.02 1591.44 1484.82 1473.99 1391.15 1369.18 1354.28 1280.58 1407.75 1274.6 1567.3 1247.55 1197.49 1190.86 1059.65 1948.14 1037.95 1201.09 1010.16 996.142 1750.92 1005.33 980.341 1285.08 965.164 944.49 912.476 2283.4 1093.21 901.284 884.286 1207.06 882.346 1441.02 1583.68 1029.38
threshold=3.4642857313156132 6.669642686843873 1.1982142925262453 12.901785850524904 0.44661854207515722 2.559394478797913 9.4865255355834979 4.901219606399537 0.80164620280265819 14.500000000000002 10.500000000000002 -0.87837970256805409 3.5000000000000004 -0.87837970256805409 -0.87837970256805409 0.88999998569488536 4.5000000000000009 0.37500000000000006 35.500000000000007 35.500000000000007 16.73582744598389 10.500000000000002 31.500000000000004 107.50000000000001 9.0452160835266131 247.50000000000003 9.0039663314819354 0.71000000834465038 3.2142857313156132 21.500000000000004 4.5000000000000009 6.5000000000000009 -0.87837970256805409 2.3571429252624516 197.50000000000003 0.95645162463188182 4.7857143878936776 0.57499998807907116 0.37500000000000006 12.899796485900881 4.5000000000000009 9.5000000000000018 309.50000000000006 0.053571430966258056 6.4642856121063241 0.28861783444881445 0.62999999523162853 0.43999999761581426 21.500000000000004 13.500000000000002 2.5000000000000004 6.3564715385437021 9.0357141494750994 -0.56174489110708226 9.3928570747375506 1.7161172032356264 0.12500000372529033 37.500000000000007 0.94639605283737194 7.5969483852386483 3.5000000000000004 28.500000000000004
decision_type=2 2 2 2 2 2 2 2 2 2 2 2 2 2 2 2 2 2 2 2 2 10 2 2 2 2 2 2 2 2 2 2 2 2 2 2 2 2 2 2 2 2 2 2 2 2 2 2 2 2 2 2 2 2 2 2 2 2 2 2 2 2
left_child=2 7 4 6 45 16 26 14 -7 39 -11 42 29 -9 35 -10 55 18 21 20 -20 40 23 -23 25 -25 27 32 30 -12 -6 -26 33 -3 -35 36 -2 50 48 44 41 -13 43 -5 -8 -1 47 -47 49 58 -16 -51 -15 54 -54 -4 -14 -58 59 60 -34 -60
right_child=1 3 5 11 28 8 9 13 15 10 12 17 56 52 37 -17 -18 -19 19 -21 -22 22 -24 24 31 -27 -28 -29 -30 -31 -32 -33 38 34 -36 -37 -38 -39 -40 -41 -42 -43 -44 -45 -46 46 -48 -49 -50 51 -52 -53 53 -55 -56 -57 57 -59 61 -61 -62 -63
leaf_value=-0.019751181038579549 0.061038753396165352 -0.029929335050493756 0.00012177058468614377 0.48002076444855291 -0.0087227303503338242 -0.0092007987110790512 0.072633819890438212 0.11137360201025073 0.049989425749235164 0.43006730164467899 0.44727856748920725 0.11613510306639065 0.17963103755359175 0.072422124945150809 0.22775889606201402 0.024121206518560007 0.014977924176129156 0.38804146901420922 0.37874185695142221 0.46900368479293159 0.04196053959404511 0.41244632065697823 0.39569213142797949 0.19835259572690603 0.072273293863556132 0.49567584697590306 0.09371279778346038 0.083389493353447378 0.065577800934020797 0.20542866324689465 -0.0022310761225184058 0.19789209359967885 0.12831420697994178 0.31310233571266721 0.15375653433761413 0.073258439484065394 0.2705782873042355 0.04214123948756212 0.041993576749250958 0.10188281930222942 0.13676973701243406 0.42109628957560935 0.23052362944386925 0.28524520722450358 0.1485955211035587 -0.005298206495652151 -0.01523142417025984 0.14444446983385589 0.1019276494532511 0.22861648529136483 0.066602968120886161 0.14251356380684191 0.35823736178907101 0.067992765420324563 0.16652823755318238 0.0094019272365876323 0.092041008887119191 0.24771091705108966 0.11445117724655789 0.12358205932201513 0.39319888505966044 0.21237993018610496
leaf_weight=59104 61 32 24316 49 103696 1186 169 1379 5899 46 38 41 655 7834 34 3469 15983 39 31 38 30 37 57 54 118 30 3333 1043 255 57 41642 232 36 53 863 1464 68 7647 182 811 509 35 91 70 2405 69 142168 97 1787 181 1821 316 37 268 98 15374 264 54 2923 155 47 100
leaf_count=59104 61 32 24316 49 103696 1186 169 1379 5899 46 38 41 655 7834 34 3469 15983 39 31 38 30 37 57 54 118 30 3333 1043 255 57 41642 232 36 53 863 1464 68 7647 182 811 509 35 91 70 2405 69 142168 97 1787 181 1821 316 37 268 98 15374 264 54 2923 155 47 100
internal_value=1.26755e-06 0.093999 -0.00857882 0.129109 -0.0123903 0.0113936 0.120798 0.0651611 0.0348356 0.145874 0.183099 0.217553 0.172421 0.0799513 0.0523417 0.0404109 0.00694956 0.20246 0.196455 0.311947 0.213476 0.186154 0.223481 0.202557 0.184569 0.30502 0.110587 0.117873 -0.00673583 0.302553 -0.00686277 0.155578 0.12326 0.156494 0.163011 0.0812357 0.171629 0.0474967 0.117755 0.133618 0.152429 0.256966 0.307322 0.365795 0.143612 -0.0164772 -0.0151177 0.0822273 0.120241 0.128946 0.0695697 0.173914 0.0746892 0.118727 0.219308 0.00371651 0.159684 0.11855 0.122087 0.17775 0.27862 0.117698
internal_weight=450980 37722 413258 17011 347031 66227 15550 20711 10554 4499 1114 1461 1068 9616 11095 9368 55673 1251 1212 99 61 1113 528 471 434 84 11051 7718 145593 95 145338 350 6675 948 916 1593 129 9502 5727 3385 585 76 210 119 2574 201438 142334 166 5545 3758 1855 497 8237 403 135 39690 973 318 3261 238 83 3023
internal_count=450980 37722 413258 17011 347031 66227 15550 20711 10554 4499 1114 1461 1068 9616 11095 9368 55673 1251 1212 99 61 1113 528 471 434 84 11051 7718 145593 95 145338 350 6675 948 916 1593 129 9502 5727 3385 585 76 210 119 2574 201438 142334 166 5545 3758 1855 497 8237 403 135 39690 973 318 3261 238 83 3023
is_linear=0
shrinkage=0.03


Tree=20
num_leaves=63
num_cat=0
split_feature=10 17 17 16 5 17 10 10 43 5 44 10 43 45 23 5 7 28 28 16 29 16 5 42 10 17 45 5 43 14 26 26 23 45 23 6 14 42 21 6 27 45 16 44 39 14 27 10 45 28 28 17 23 36 17 27 45 17 5 5 10 45
split_gain=362033 35265.4 30294.6 12450.5 8121.87 6677.6 6537.4 5562.11 4709.79 4540.63 3504.38 3488.58 3333.52 3005.24 2680.5 2652.9 2103.95 2072.3 2033.06 1978.11 1945.07 2008.2 1922.27 1800.21 1791.21 1769.83 1700.29 1620.74 2233.09 3630.24 2049.75 1580.73 1544.72 1543.01 1509.88 1475.67 1440.43 1437.78 1434.19 1425.29 1420.57 1355.9 1343.32 1828.53 1329 2008.1 1325.21 1304.75 1303.67 1291.18 1288.62 1259.97 1194.41 1173.75 1134.86 1087.71 1082.85 1811.79 1031.54 1669.88 1165.97 1028.08
threshold=3.5000000000000004 1.216240465641022 7.3275411128997812 3.3125342130661015 2.5000000000000004 0.68459340929985057 17.500000000000004 7.0714285373687753 -2.196428537368774 1.0000000180025095e-35 1.0826376080513003 1.7857142686843874 -2.6607142686843868 0.92525783181190502 0.55500000715255748 23.500000000000004 10.500000000000002 2.5000000000000004 3.5000000000000004 11.894125938415529 43.500000000000007 14.150246620178224 9.5000000000000018 321.50000000000006 1.0000000180025095e-35 11.434213161468508 1.1324696540832522 1.0000000180025095e-35 -4.1607141494750968 9.0698347091674822 0.94345536828041088 0.98063942790031444 0.52000001072883617 1.150325655937195 0.52000001072883617 2.5000000000000004 3.3629616498947148 265.50000000000006 62.500000000000007 5.5000000000000009 3.5000000000000004 1.3794109225273135 7.4093730449676523 0.63999944925308239 0.25000000000000011 18.214331626892093 4.5000000000000009 19.500000000000004 1.1801151633262636 4.5000000000000009 1.5000000000000002 2.996616125106812 0.52000001072883617 0.6078576147556306 4.5672285556793222 4.5000000000000009 1.4061244130134585 12.598823547363283 36.500000000000007 21.500000000000004 22.642856597900394 1.3198090195655825
decision_type=2 2 2 2 2 2 2 2 2 2 2 2 2 2 2 2 2 2 2 2 2 2 2 2 2 2 2 2 2 2 2 2 2 2 2 2 2 2 2 2 2 2 2 2 2 2 2 2 2 2 2 2 2 2 2 2 2 2 2 2 2 2
left_child=1 5 7 11 27 -1 8 10 14 56 39 24 19 16 20 25 -10 -8 31 -11 21 42 -23 -21 -3 52 46 30 29 -29 -4 -18 38 -24 37 -22 -34 58 -30 -2 -27 49 43 -6 45 -42 -9 -39 -7 -16 -28 -13 -15 -37 -14 -26 57 -5 59 -19 -61 -51
right_child=2 3 4 9 6 48 17 26 13 12 -12 51 54 15 41 -17 18 34 -20 23 35 22 33 -25 55 40 50 28 32 -31 -32 -33 36 -35 -36 53 -38 47 -40 -41 44 -43 -44 -45 -46 -47 -48 -49 -50 61 -52 -53 -54 -55 -56 -57 -58 -59 -60 60 -62 -63
leaf_value=-0.016389296711401564 0.062667658545704386 -0.017490583178163356 -0.049910592944818713 0.033191193292061077 0.45548202842195451 -0.0039209401433678952 0.45907520778499045 0.094039035355921993 0.12789684030613632 0.09329186374461218 0.043362923427216128 0.012002801139953662 0.03207061149488908 0.12502889966277592 0.32251271591265757 0.066787389934761562 0.16043942157150531 0.25805685302156361 0.16913356589542822 0.43100204787127344 0.16881579831206961 0.1710163736694208 0.51276276546975841 0.13998534557172806 -0.00073252505284147331 0.12399439266022748 0.23563611154929001 0.14396836985720837 0.11738611121705438 0.51399181529929083 0.077737172652051503 0.40409982360155572 0.24064514043061533 0.25643369533453775 0.11314703020910266 0.27847902992177076 0.067481412961512388 0.25498196057378564 0.2750015911547139 0.089216788056449378 0.20722510543801481 0.033721263112473539 0.15186662063264025 0.16109520618608042 0.13645301550610209 0.45115339763607015 0.13480804447762659 0.11599481873736633 -0.0098717021775467009 0.099645161512866801 0.055516745173907735 0.037221200570109268 0.09351829599274418 0.46999275638967219 0.062417480554799641 0.008988255706262032 0.0081203607916005768 0.24250802628637297 0.17208600647546146 0.33107845952368187 0.58816471881248622 0.281619766588523
leaf_weight=180730 5285 4604 119 1617 32 51850 34 2476 1590 1017 7540 22850 2337 2376 33 1060 39 110 825 30 81 84 39 53 36151 549 37 116 936 30 2300 63 45 47 102 114 1060 131 55 2778 196 146 935 47 180 36 1012 114 91794 219 994 1934 1994 39 2112 14521 3199 38 48 35 30 32
leaf_count=180730 5285 4604 119 1617 32 51850 34 2476 1590 1017 7540 22850 2337 2376 33 1060 39 110 825 30 81 84 39 53 36151 549 37 116 936 30 2300 63 45 47 102 114 1060 131 55 2778 196 146 935 47 180 36 1012 114 91794 219 994 1934 1994 39 2112 14521 3199 38 48 35 30 32
internal_value=1.30411e-06 -0.00793266 0.0910644 0.00863053 0.121846 -0.0125519 0.135529 0.0665561 0.130133 0.0395054 0.0580668 0.00461858 0.0580425 0.121087 0.173726 0.110147 0.148861 0.231575 0.184799 0.104806 0.193627 0.177972 0.273442 0.245582 0.000425254 0.118767 0.0958653 0.0884942 0.106874 0.220311 0.0714553 0.311199 0.0989611 0.373154 0.217924 0.272726 0.0745558 0.240728 0.126162 0.071816 0.155643 0.108065 0.161939 0.280785 0.197772 0.245261 0.105872 0.19039 -0.00772372 0.146253 0.0620045 0.0139709 0.110654 0.327581 0.0464781 0.00205313 0.0183132 0.0380125 0.295914 0.329753 0.450478 0.122954
internal_weight=450980 414837 36143 90463 16021 324374 11360 20122 10756 10403 15603 80060 5549 8908 1848 6391 2517 604 927 1100 1418 1184 170 83 55276 5331 4519 4661 2242 146 2419 102 2096 86 570 234 1105 468 991 8063 961 430 1014 79 412 232 3488 245 143644 284 1031 24784 4370 153 4449 50672 4854 1655 223 175 65 251
internal_count=450980 414837 36143 90463 16021 324374 11360 20122 10756 10403 15603 80060 5549 8908 1848 6391 2517 604 927 1100 1418 1184 170 83 55276 5331 4519 4661 2242 146 2419 102 2096 86 570 234 1105 468 991 8063 961 430 1014 79 412 232 3488 245 143644 284 1031 24784 4370 153 4449 50672 4854 1655 223 175 65 251
is_linear=0
shrinkage=0.03


Tree=21
num_leaves=63
num_cat=0
split_feature=12 12 13 12 12 13 12 5 5 23 12 36 45 36 43 5 17 45 23 22 23 43 27 43 28 11 42 9 27 27 9 28 11 27 12 5 44 7 42 43 18 28 11 45 5 45 27 28 22 5 14 14 21 12 45 42 21 5 43 9 14 16
split_gain=360096 35197.4 32160.2 10718.9 8782.88 7701.34 4872.51 3428.9 2750.49 2562.4 2176.31 2038.08 2505.45 1949.39 1845.67 1820.73 1574.62 1568.23 1497.48 1452.44 1436.25 2291.54 1391.92 1385.12 1610.65 1471.33 1359.05 1320.51 1316.91 1240.92 1192.64 2425.56 1680.42 1178.77 1146.97 1136.69 1119.01 1088.61 1088.48 1237.37 1086.21 1078.98 1076.3 1337.97 1047.55 1014.53 1221.32 2927.3 1009.63 1004.16 1484.97 1045.09 1030.28 2026.14 2055.73 993.453 918.356 1179.65 1413.16 950.308 938.685 901.656
threshold=3.8392857313156132 1.4821428656578066 8.4553570747375506 0.69642856717109691 6.0535714626312265 12.901785850524904 2.8392857313156132 1.0000000180025095e-35 1.0000000180025095e-35 0.55500000715255748 0.30357143282890325 -0.87837970256805409 1.8611279726028445 -0.87837970256805409 4.8035714626312265 1.0000000180025095e-35 12.598823547363283 0.88026857376098644 0.52000001072883617 0.66071426868438732 0.55500000715255748 -4.4107141494750968 3.5000000000000004 -0.98214286565780629 7.5000000000000009 14.892857074737551 95.500000000000014 10.500000000000002 3.5000000000000004 4.5000000000000009 5.5000000000000009 25.500000000000004 12.892857074737551 3.5000000000000004 12.696428775787355 23.500000000000004 3.199986577033997 37.500000000000007 430.50000000000006 -0.69642856717109669 1.5000000000000002 3.5000000000000004 8.8214282989501971 1.9883896112442019 15.500000000000002 0.77207821607589733 5.5000000000000009 11.500000000000002 0.19642857462167743 4.5000000000000009 9.0039663314819354 9.6879892349243182 31.500000000000004 9.5178570747375506 1.1086565852165224 309.50000000000006 47.500000000000007 22.500000000000004 0.91071426868438732 9.5000000000000018 11.82007932662964 12.775431156158449
decision_type=2 2 2 2 2 2 2 2 2 2 2 2 2 2 2 2 2 2 2 2 2 2 2 2 2 2 2 10 2 2 10 2 2 2 2 2 2 2 2 2 2 2 2 2 2 2 2 2 2 2 2 2 2 2 2 2 2 2 2 10 2 2
left_child=1 3 4 10 8 7 14 20 -2 19 -1 -7 17 26 22 -6 18 41 44 -10 45 -22 -3 24 49 35 -9 -27 -5 37 61 -32 -33 -11 55 -25 -30 -20 -23 -40 -36 -13 43 -18 -17 -4 48 -48 -47 50 -15 52 -51 -54 -55 -26 59 -58 -59 -43 -61 -19
right_child=2 6 5 28 15 11 -8 13 9 33 -12 12 -14 23 -16 16 42 30 29 -21 21 38 -24 25 34 27 -28 -29 36 -31 31 32 -34 -35 40 -37 -38 -39 39 -41 -42 56 -44 -45 -46 46 47 -49 -50 51 -52 -53 53 54 -56 -57 57 58 -60 60 -62 -63
leaf_value=-0.016449793907745494 0.035664436190473797 0.0067954538428290513 0.22219604582151517 -0.0057760058752128795 0.066289960983961158 0.28997954121359798 0.037118694030425808 0.33938168997477208 0.089514029336310794 0.049432108356279141 -0.010899212007027955 0.33456400240428513 0.41968425639354401 0.085780511693200959 0.14621651353102166 0.11718691417042462 0.36922860062535084 -0.047429360883676414 0.076175205254504857 0.29576204108846915 0.3869615860624962 -0.036086980253076918 0.018361994180502071 0.12117417138897182 0.081843249365941118 0.14686019183573168 0.16850226789620201 0.33561053473078567 0.00077780962830724886 0.11066247822750473 0.14074510618140704 0.48533902031743625 0.19823988649546337 0.071273843665170061 0.15763194862528457 0.071908815580042348 0.10119374696060364 0.25451658972973223 0.23336464957903902 0.063625688075879205 0.36649733826559333 0.09640519364839735 0.10287244953035365 0.11931392199246682 0.0778790647009341 0.068590456557940591 0.38024092211901583 -0.0065218141065229223 -0.0062643597879660931 0.37720182593633023 0.29347907108818833 0.091080855974627423 0.089052174853832225 0.21923263013678068 0.49563875558614029 0.14123450970107992 0.20101682287447339 0.45722314794103214 0.20382567973587454 0.17072373848835956 0.34443159440382692 0.11878399084223822
leaf_weight=155909 3258 21839 32 60029 1702 211 8555 44 2782 5076 107354 61 41 118 92 3834 49 34 3558 31 30 39 16393 2801 317 101 888 50 45194 1445 272 35 39 3961 60 497 100 31 71 85 36 115 60 32 727 387 32 39 279 52 42 39 64 85 34 1278 204 42 38 128 36 213
leaf_count=155909 3258 21839 32 60029 1702 211 8555 44 2782 5076 107354 61 41 118 92 3834 49 34 3558 31 30 39 16393 2801 317 101 888 50 45194 1445 272 35 39 3961 60 497 100 31 71 85 36 115 60 32 727 387 32 39 279 52 42 39 64 85 34 1278 204 42 38 128 36 213
internal_value=1.34234e-06 -0.0078364 0.0916894 -0.0109505 0.0750949 0.140803 0.016648 0.128496 0.0600793 0.0667914 -0.0141864 0.203623 0.189116 0.136426 0.0120782 0.0949276 0.099933 0.181313 0.0984681 0.0917979 0.0765844 0.143247 0.011755 0.129704 0.148769 0.117953 0.176607 0.209551 -0.00286208 0.0871806 0.146319 0.182278 0.334522 0.0590064 0.135517 0.113753 0.000999764 0.0777231 0.105565 0.140988 0.236272 0.214538 0.199467 0.270784 0.110924 0.0570618 0.0498606 0.168062 0.0372339 0.200357 0.14046 0.235263 0.259136 0.225392 0.298568 0.129438 0.201474 0.239512 0.337283 0.162676 0.209051 0.0958884
internal_weight=450980 415465 35515 368586 26546 8969 46879 7500 15108 11850 263263 1469 1258 6506 38324 11438 9736 1217 9595 2813 994 225 38232 5574 2125 3449 932 151 105323 5034 593 346 74 9037 1691 3298 45294 3589 195 156 96 624 141 81 4561 769 737 71 666 434 160 274 235 183 119 1595 563 284 80 279 164 247
internal_count=450980 415465 35515 368586 26546 8969 46879 7500 15108 11850 263263 1469 1258 6506 38324 11438 9736 1217 9595 2813 994 225 38232 5574 2125 3449 932 151 105323 5034 593 346 74 9037 1691 3298 45294 3589 195 156 96 624 141 81 4561 769 737 71 666 434 160 274 235 183 119 1595 563 284 80 279 164 247
is_linear=0
shrinkage=0.03


Tree=22
num_leaves=63
num_cat=0
split_feature=12 12 13 12 12 13 12 5 5 5 45 36 15 6 5 22 36 44 43 13 44 13 17 36 5 17 43 42 42 10 11 12 26 9 12 22 27 28 20 44 28 20 11 28 5 13 28 13 7 13 11 14 26 43 6 15 28 9 42 26 42 44
split_gain=338821 33249.6 30262.1 8439.71 8263.92 7247.22 6313.16 3225.98 2587.95 1938.02 2942.88 2301.88 1944.78 1876.66 1713.14 1681.22 1644.29 1641.44 1635.05 1604.03 1568.65 1561.93 1481.95 1416.32 1402.86 1383.44 1376.75 1739.63 1376.35 1251.88 1214.87 1457.37 1199.59 1556.08 4078.34 1499.4 1186.84 1175.52 1928.59 1169.73 1168.29 1149.22 1300.83 1184.9 1148.56 1147.97 1057.15 1228.23 1095.38 1038.84 1027.24 1205.29 1021.62 1003.15 982.604 975.031 968.055 961.636 1338.6 1518.31 960.3 944.584
threshold=3.8392857313156132 1.1250000000000002 8.4553570747375506 2.1607142686843877 6.0535714626312265 12.901785850524904 0.44642856717109686 1.0000000180025095e-35 1.0000000180025095e-35 1.0000000180025095e-35 1.8611279726028445 -0.87837970256805409 16.73582744598389 11.500000000000002 1.0000000180025095e-35 0.66071426868438732 1.0000000180025095e-35 3.199986577033997 -1.4107143282890318 2.8768939971923833 0.85714235901832592 5.3839285373687753 12.598823547363283 -0.87837970256805409 3.5000000000000004 10.677921772003176 -0.98214286565780629 70.500000000000014 1769.5000000000002 4.2142856121063241 5.6785714626312265 6.9821429252624521 0.95645162463188182 1.0000000180025095e-35 8.1607146263122576 0.19642857462167743 4.5000000000000009 13.500000000000002 33.500000000000007 0.28571385145187383 3.5000000000000004 56.500000000000007 18.642856597900394 16.500000000000004 4.5000000000000009 1.6797112822532656 11.500000000000002 7.6436507701873788 5.5000000000000009 10.312500000000002 8.0357141494750994 9.0039663314819354 0.94639605283737194 -3.1607142686843868 35.500000000000007 5.136480467626826e-07 7.5000000000000009 5.5000000000000009 505.50000000000006 0.99990689754486095 177.50000000000003 0.49999926984310156
decision_type=2 2 2 2 2 2 2 2 2 2 2 2 2 2 2 2 2 2 2 2 2 2 2 2 2 2 2 2 2 2 2 2 2 10 2 2 2 2 2 2 2 2 2 2 2 2 2 2 2 2 2 2 2 2 2 2 2 10 2 2 2 2
left_child=1 6 4 29 8 7 55 32 -2 20 11 12 37 26 -6 21 24 19 44 -5 -7 -10 23 60 25 -15 30 49 57 45 -9 -32 -4 34 -34 -35 -8 38 -11 -21 -20 42 54 -43 -18 -3 -24 -48 -49 -28 56 -52 -29 -36 61 -1 -25 -26 59 -59 -16 -13
right_child=2 3 5 17 14 9 36 13 15 10 -12 41 -14 16 22 -17 18 -19 40 39 -22 -23 46 50 28 -27 27 52 -30 -31 31 -33 33 35 53 -37 -38 -39 -40 -41 -42 43 -44 -45 -46 -47 47 48 -50 -51 51 -53 -54 -55 -56 -57 -58 58 -60 -61 -62 -63
leaf_value=-0.018471841046743761 0.034594535865624429 0.0014324512745959941 -0.0012245609506608779 0.019178143150961769 0.0643013794021529 -0.0080872997896203509 -0.0084598888961657185 0.05842462660359031 0.056838857066631943 0.51079829807300392 0.47581211770340343 0.32538165436226901 0.50297887973072242 0.17264457796882515 0.22492662679836548 0.27833738972098082 0.13077656544493013 0.17598301582410369 0.22513070467794563 -0.0072343371241056749 0.1983246408226553 0.080381137798129443 0.34814769090779146 0.10613623379998481 0.1452035617308999 0.020839903953482161 0.35639219964099356 0.18165799619768905 0.3379745628728586 0.066571507387261489 0.34416549794240836 0.14311989463147276 0.48139187131280675 0.10544569020680494 0.0029309673726877422 0.014370069500498364 -0.0022092899846661487 0.1820613652040812 0.18572069142880396 0.039484427960040425 0.089035053847874718 0.18056727971377967 0.28577439766966345 0.007566197748796309 0.31447636340819479 0.011009435556822478 0.31305249846456845 -0.0050562736719467075 0.22020043898610189 0.1307221619816672 0.1209556641262098 0.081977053720052054 0.097572853919061633 0.17272886502340373 0.32590565186347403 -0.013794395935246145 0.075838665487095919 0.4686179982289127 0.17624910213222014 0.2364597376999136 0.11769082392388505 0.16799082043747682
leaf_weight=55123 3258 44026 159 11810 1702 71 95270 152 8128 33 36 36 34 131 80 33 62 66 63 515 62 3689 31 1241 350 92 39 138 56 288 33 1839 31 405 56 272 38344 91 33 7584 573 82 127 63 61 15138 30 47 33 35 1749 1209 2287 71 41 147301 4053 30 398 167 1263 760
leaf_count=55123 3258 44026 159 11810 1702 71 95270 152 8128 33 36 36 34 131 80 33 62 66 63 515 62 3689 31 1241 350 92 39 138 56 288 33 1839 31 405 56 272 38344 91 33 7584 573 82 127 63 61 15138 30 47 33 35 1749 1209 2287 71 41 147301 4053 30 398 167 1263 760
internal_value=1.37609e-06 -0.00760131 0.0889396 0.00985518 0.0728423 0.136582 -0.0117274 0.124643 0.0582771 0.197522 0.208397 0.200954 0.297209 0.132335 0.0920801 0.0647878 0.156681 0.0267261 0.12195 0.0262304 0.0882002 0.064189 0.0969354 0.0955143 0.178205 0.110061 0.121657 0.106748 0.193372 0.00418672 0.140059 0.146683 0.0742909 0.0886707 0.173433 0.0688637 -0.00666613 0.252346 0.348809 0.0365134 0.102552 0.18435 0.196201 0.105469 0.222073 0.00388291 0.193496 0.149622 0.0880023 0.249997 0.090861 0.105028 0.102366 0.0979304 0.182575 -0.0150681 0.0829431 0.184767 0.208008 0.272041 0.124096 0.175151
internal_weight=450980 415465 35515 79427 26546 8969 336038 7500 15108 1469 1336 1300 191 6506 11438 11850 1983 19975 759 19909 133 11817 9736 9595 1224 223 4523 2499 1001 59452 2024 1872 994 835 158 677 133614 157 66 8099 636 1109 964 145 123 59164 141 110 80 74 8252 2958 2425 127 837 202424 5294 945 595 197 1343 796
internal_count=450980 415465 35515 79427 26546 8969 336038 7500 15108 1469 1336 1300 191 6506 11438 11850 1983 19975 759 19909 133 11817 9736 9595 1224 223 4523 2499 1001 59452 2024 1872 994 835 158 677 133614 157 66 8099 636 1109 964 145 123 59164 141 110 80 74 8252 2958 2425 127 837 202424 5294 945 595 197 1343 796
is_linear=0
shrinkage=0.03


Tree=23
num_leaves=63
num_cat=0
split_feature=13 11 13 13 13 13 5 23 5 44 36 10 11 13 5 22 42 42 44 28 21 27 13 22 28 41 11 21 23 13 23 43 8 44 13 10 13 11 27 18 7 36 45 42 23 9 44 14 7 13 22 42 44 15 14 21 45 5 36 5 36 10
split_gain=318189 29703.9 29649.9 8573.06 7759.73 5916.07 5697.16 5170.65 3825.95 2590.45 2201.12 2196.94 1937.28 1920.86 1736.7 1664.33 1566.42 1557.41 1548.06 1831.09 1642.13 1491.71 1439.46 1397.74 1389.78 1346.54 1324.04 1954.51 1251.75 1228.34 1180.68 1489.31 1367.66 1195.83 1169.45 1158.14 1128.87 1086.65 1085.58 1074.14 1197.24 1070.99 1068.1 1060.94 1155.68 1035.59 1321.56 1011.87 985.016 2027.96 958.6 955.616 1259.99 1205.89 948.593 924.565 1684.76 924.482 923.479 910.86 906.923 945.828
threshold=3.8125000000000004 1.1071428656578066 7.7232143878936776 12.098214149475099 2.1610023975372319 0.4301948100328446 1.0000000180025095e-35 0.55500000715255748 1.0000000180025095e-35 2.9999842643737797 -0.87837970256805409 1.214285731315613 21.678571701049808 5.5803573131561288 1.0000000180025095e-35 0.19642857462167743 101.50000000000001 70.500000000000014 0.88888826966285717 7.5000000000000009 50.500000000000007 3.5000000000000004 1.4830068945884707 0.12500000372529033 3.5000000000000004 1.0000000180025095e-35 8.4642858505249041 21.500000000000004 0.48999999463558203 9.9727091789245623 0.57499998807907116 -2.4107142686843868 31.500000000000004 0.7999996840953828 11.562500000000002 28.071428298950199 0.73273810744285595 3.1071428060531621 3.5000000000000004 6.5000000000000009 12.500000000000002 0.87837970256805431 2.2276291847229008 133.50000000000003 0.52000001072883617 14.500000000000002 0.88888826966285717 15.141392230987551 11.500000000000002 9.8482141494750994 0.23214285820722583 1758.5000000000002 0.7272721827030183 7.0088248252868661 6.6833618461714661e-07 55.500000000000007 1.2765675783157351 23.500000000000004 -0.87837970256805409 4.5000000000000009 -0.87837970256805409 11.214285850524904
decision_type=2 2 2 2 2 2 2 2 2 2 2 2 2 2 2 2 2 2 2 2 2 2 2 2 2 2 2 2 2 2 2 2 2 2 2 2 2 2 2 2 2 2 2 2 2 8 2 2 2 2 2 2 2 2 2 2 2 2 2 2 2 2
left_child=1 5 6 8 9 -1 11 25 15 22 16 -2 14 -9 45 43 -10 -16 19 20 41 -6 37 -22 -19 26 42 -28 59 -20 31 32 33 60 -21 47 -7 -3 -15 -33 -41 -12 57 -4 -45 46 -5 -14 -17 -50 -13 52 -29 -54 -38 56 -46 58 -8 -11 -26 -62
right_child=2 4 3 12 21 36 7 13 10 28 18 50 35 38 17 48 -18 24 29 34 23 -23 -24 -25 30 -27 27 51 -30 -31 -32 39 -34 -35 -36 -37 54 -39 -40 40 -42 -43 -44 44 55 -47 -48 -49 49 -51 -52 -53 53 -55 -56 -57 -58 -59 -60 -61 61 -63
leaf_value=-0.014790776747137189 -0.010194120784461001 -0.00044922250302409546 -0.025831876920564524 0.050793059544158088 0.018555861511205786 -0.0092024161962577147 0.128338210124568 0.053831090743706553 0.31433382378204872 0.048372199708579956 0.17784410424207539 0.061909604631464436 0.24842044209732728 0.065387486292070252 0.36212550714713376 0.0069875903920381356 0.15053017863301296 0.27029525674947713 0.094230132733023761 0.1161620986408706 0.41569693912687955 0.036038305306109804 0.0092169315369857088 0.18460433669879051 0.32091041416088251 0.050785928760115784 0.34889319575146621 0.26859636575142964 0.04872343056488411 0.12739335608723756 0.076244822960419303 0.14423098222142947 0.36608921765550423 0.36315905392287279 0.25635473183624968 0.14612240234875024 -0.018136627610865132 0.068944281817964623 0.093232208160239124 0.15898018026855631 0.33934351527034312 0.057456626872416962 0.27211364621735884 0.079813880256144956 0.14330194439258381 0.011524738993378882 0.29907478797193771 0.45855896353787701 0.032620569172984032 0.2724657357531885 0.033280248787321193 -0.0065293393127635697 0.21290054845912704 0.10757640994735089 -0.0027757982857559127 0.015824587212280094 0.3649091348497886 0.02840426450279835 0.089838481350289781 0.24171225352789544 0.1920301300892838 0.042102237211195694
leaf_weight=196281 733 41116 59 43 10206 72197 658 7994 55 35 399 1898 39 2941 44 446 1185 142 3300 2029 45 7713 23312 50 37 537 36 56 418 1448 108 737 57 38 55 31 3853 204 2208 78 58 80 30 484 165 86 35 45 129 42 2365 48 113 734 59365 34 38 193 3827 59 181 48
leaf_count=196281 733 41116 59 43 10206 72197 658 7994 55 35 399 1898 39 2941 44 446 1185 142 3300 2029 45 7713 23312 50 37 537 36 56 418 1448 108 737 57 38 55 31 3853 204 2208 78 58 80 30 484 165 86 35 45 129 42 2365 48 113 734 59365 34 38 193 3827 59 181 48
internal_value=1.40687e-06 -0.00744536 0.0852725 0.124198 0.00859803 -0.0114629 0.0663452 0.0737109 0.113371 0.00378892 0.120815 0.0377792 0.184359 0.0630377 0.176238 0.0672964 0.157822 0.186197 0.114617 0.132957 0.180423 0.0260812 0.00325639 0.294407 0.180956 0.0962185 0.100501 0.132107 0.0709965 0.104347 0.171482 0.17981 0.231109 0.205684 0.119875 0.303577 -0.00663928 -0.000106419 0.0773298 0.15857 0.236104 0.157757 0.0938723 0.0964185 0.106427 0.0833759 0.162461 0.361424 0.0304688 0.0916635 0.0460283 0.123864 0.130796 0.121653 -0.00371206 0.160712 0.184952 0.0927231 0.0954899 0.169868 0.183054 0.160643
internal_weight=450980 414759 36221 11850 83063 331696 24371 19375 10043 65144 8646 4996 1807 13143 1692 1397 1240 1528 7406 2658 574 17919 64632 95 1484 6232 5695 987 512 4748 1342 1234 361 304 2084 115 135415 41320 5149 873 136 479 4708 780 721 164 78 84 617 171 4263 951 903 847 63218 237 203 4678 4485 94 266 229
internal_count=450980 414759 36221 11850 83063 331696 24371 19375 10043 65144 8646 4996 1807 13143 1692 1397 1240 1528 7406 2658 574 17919 64632 95 1484 6232 5695 987 512 4748 1342 1234 361 304 2084 115 135415 41320 5149 873 136 479 4708 780 721 164 78 84 617 171 4263 951 903 847 63218 237 203 4678 4485 94 266 229
is_linear=0
shrinkage=0.03


Tree=24
num_leaves=63
num_cat=0
split_feature=12 12 12 12 12 5 23 13 12 5 28 45 43 45 44 38 27 12 26 6 5 5 13 27 27 7 37 23 5 10 29 44 28 23 7 26 26 5 15 44 41 43 29 45 6 8 27 7 7 5 10 28 10 27 45 26 8 9 27 26 0 18
split_gain=300480 36429.6 22358.6 11635.3 5399.86 3538.97 3934.5 3287.51 3204.27 2484.36 2406.76 2646.29 1980.29 1917.46 2345.2 1887.33 1824.24 2096.3 1824.03 1773.85 1663.29 1720.06 1602.17 1451.52 1400.33 1391.96 1656.46 1329.63 1263.03 1303.75 1291.17 1279.15 1193.3 1167.54 1141.45 1105.82 1101.91 1058.55 1056.67 1133.65 1027.05 1024.14 1012.39 1187.36 1104.16 1059.38 1005.84 1004.14 989.676 964.716 1019.13 984.099 912.622 912.409 904.467 986.757 902.104 926.727 877.188 995.796 1697.37 892.673
threshold=3.0892857313156132 6.2678570747375497 0.87500000000000011 11.803571224212648 1.5892856717109682 1.0000000180025095e-35 0.55500000715255748 9.0930299758911151 0.33928571641445165 1.0000000180025095e-35 3.5000000000000004 1.7777319550514223 2.6964285373687749 0.84294813871383678 0.76190400123596203 -0.68301269412040699 3.5000000000000004 6.9821429252624521 1.0294545888900759 5.5000000000000009 1.5000000000000002 15.500000000000002 4.9546959400177011 4.5000000000000009 5.5000000000000009 9.5000000000000018 1.0000000180025095e-35 0.71000000834465038 1.0000000180025095e-35 4.357142686843873 25.500000000000004 1.7777736186981203 1.5000000000000002 0.55500000715255748 15.500000000000002 0.94639605283737194 0.94345536828041088 23.500000000000004 16.73582744598389 0.71428519487380993 1.0000000180025095e-35 1.053571403026581 18.500000000000004 0.83037790656089794 14.500000000000002 32.500000000000007 3.5000000000000004 1.5000000000000002 25.500000000000004 1.0000000180025095e-35 6.9285714626312265 18.500000000000004 0.92857143282890331 2.5000000000000004 1.9883896112442019 1.0334873795509341 17.500000000000004 11.500000000000002 3.5000000000000004 1.0522643327713015 172.50000000000003 5.5000000000000009
decision_type=2 2 2 2 2 2 2 2 2 2 2 2 2 2 2 2 2 2 2 2 2 2 2 2 2 2 2 2 2 2 2 2 2 2 2 2 2 2 2 2 2 2 2 2 2 2 2 2 2 2 2 2 2 2 2 2 2 10 2 2 2 2
left_child=2 5 8 7 46 -2 54 20 -1 18 25 13 23 42 15 -15 28 -18 -5 -20 36 27 -8 -6 33 32 -27 35 48 30 -30 37 -11 58 -19 -22 -3 47 39 -17 53 -10 44 45 -12 -44 -4 -31 -9 -36 51 -51 -38 -37 -7 -56 57 -42 61 60 -60 -16
right_child=1 3 4 9 12 6 22 16 41 10 11 -13 -14 14 24 38 17 34 19 -21 21 -23 -24 -25 -26 26 -28 -29 29 31 -32 -33 -34 -35 49 40 52 -39 -40 -41 56 -43 43 -45 -46 -47 -48 -49 -50 50 -52 -53 -54 -55 55 -57 -58 -59 59 -61 -62 -63
leaf_value=-0.014837012665203504 0.028997250047877659 -0.0083735946755816044 -0.0037720985944771934 0.0097809145084769081 0.0087504557509116513 0.082308813900676639 0.043250153398643867 0.033636390171627527 -0.0087581823401524234 0.34706045366614774 0.096747777051994194 0.43103150243982885 0.079373439241893134 0.408887317894149 0.10538878117019207 0.10907276055323492 0.38635221516779378 0.12534820203562344 0.02244064163032956 0.32758141529158757 0.14979688180214026 0.068029543736167916 0.06543257523238484 0.022411092486714867 0.026478925364996232 0.44395968475428366 0.21553912363195546 0.074568774526875881 0.35106281977564913 0.063237149446035479 0.10969718690376327 0.27331852037106114 0.12764128801793706 0.03348644904174726 0.061982031030387706 0.093523154026188882 -0.025064787510070498 0.041040350686514557 0.34565563811639016 0.31523900658981341 0.026911753108968987 0.025545687359920979 0.19762891361782395 0.39307303712408764 0.22146379994272561 0.35070489444251601 0.0031323583557375041 0.12078589117273672 0.21387974431942464 0.377766809667966 0.17224986584249147 0.15787901669889193 0.077329937258744472 0.11795493885580229 0.2284685606676394 0.041896030503933826 0.18626435883865233 0.14002200550242758 0.2939813535042553 0.31080172718947685 0.087867269964743755 0.24176944152036656
leaf_weight=168754 5109 156 44208 141 24508 3551 9572 309 127568 32 146 34 405 41 366 120 31 1501 30 40 511 1632 4225 9800 134 66 51 1338 40 328 40 41 74 94 55 2424 81 215 30 30 351 788 440 35 114 45 33288 1638 30 48 317 30 2328 3194 78 38 47 80 55 52 104 49
leaf_count=168754 5109 156 44208 141 24508 3551 9572 309 127568 32 146 34 405 41 366 120 31 1501 30 40 511 1632 4225 9800 134 66 51 1338 40 328 40 41 74 94 55 2424 81 215 30 30 351 788 440 35 114 45 33288 1638 30 48 317 30 2328 3194 78 38 47 80 55 52 104 49
internal_value=1.42816e-06 0.076758 -0.00781097 0.107265 0.00359827 0.0509606 0.0573855 0.0985449 -0.0121199 0.17019 0.179997 0.168973 0.0134314 0.164146 0.138133 0.225248 0.120078 0.14184 0.071978 0.197047 0.0903452 0.0960928 0.0500435 0.0126527 0.115563 0.273255 0.344674 0.101856 0.103741 0.111703 0.230686 0.107409 0.19416 0.132135 0.137935 0.107381 0.0688819 0.104277 0.183207 0.150499 0.103823 -0.00854755 0.199974 0.224174 0.151501 0.211904 -0.000806306 0.111189 0.0496499 0.179878 0.19627 0.293524 0.0738855 0.107415 0.0850071 0.167452 0.0615782 0.0479378 0.146938 0.196784 0.159314 0.12155
internal_weight=450980 41661 409319 19088 112209 22573 17464 16765 297110 2323 2112 1889 34713 1855 1075 221 4623 1982 211 70 12142 9577 13797 34308 854 223 117 7945 2641 2302 80 2222 106 720 1951 6607 2565 2181 180 150 6096 128356 780 520 260 485 77496 1966 339 450 395 78 2409 5618 3667 116 478 431 626 211 159 415
internal_count=450980 41661 409319 19088 112209 22573 17464 16765 297110 2323 2112 1889 34713 1855 1075 221 4623 1982 211 70 12142 9577 13797 34308 854 223 117 7945 2641 2302 80 2222 106 720 1951 6607 2565 2181 180 150 6096 128356 780 520 260 485 77496 1966 339 450 395 78 2409 5618 3667 116 478 431 626 211 159 415
is_linear=0
shrinkage=0.03


Tree=25
num_leaves=63
num_cat=0
split_feature=12 12 13 12 13 11 13 5 36 17 36 45 27 5 5 13 7 45 23 5 23 43 26 27 27 12 20 9 28 11 41 23 28 23 26 12 5 23 22 42 42 42 30 23 45 42 44 7 5 5 9 28 28 45 27 28 43 5 28 43 42 26
split_gain=282873 32218.4 21948.4 8549.83 6019.46 5439.25 5378.31 2656.17 2443.62 1764.43 1717.78 2116.93 1645.92 1585.84 1539.1 1447.71 1412.91 1348.36 1338.08 1766.66 1253.51 2141.6 1225.83 1172.82 1154.68 1147.15 1125.01 1109.88 2269.65 1550.39 1107.18 1068.85 1066.5 1046.53 1021.38 1010.05 1001.69 1070.66 1000.6 1034.89 1397.68 996.254 1376.65 992.424 1661.76 1093.47 988.398 967.295 964.895 950.668 950.676 948.38 929.764 927.706 1123.01 2743.44 948.492 870.582 1178.47 1159.51 1148.66 1162.43
threshold=4.1964285373687753 1.4821428656578066 8.4553570747375506 0.69642856717109691 12.901785850524904 2.7500000000000004 6.2410714626312265 1.0000000180025095e-35 -0.87837970256805409 0.61799925565719616 -0.87837970256805409 1.8611279726028445 3.5000000000000004 1.0000000180025095e-35 1.0000000180025095e-35 2.1483516693115239 19.500000000000004 0.88026857376098644 0.62999999523162853 1.0000000180025095e-35 0.55500000715255748 -4.4107141494750968 0.94982609152793895 5.5000000000000009 3.5000000000000004 9.6607146263122576 1.5000000000000002 5.5000000000000009 25.500000000000004 12.892857074737551 1.0000000180025095e-35 0.76000002026557933 3.5000000000000004 0.55500000715255748 0.94639605283737194 11.339285373687746 15.500000000000002 0.71000000834465038 0.26785714924335485 241.50000000000003 284.50000000000006 430.50000000000006 7.5000000000000009 0.48999999463558203 1.6918285489082339 1715.5000000000002 3.199986577033997 40.500000000000007 14.500000000000002 29.500000000000004 3.5000000000000004 3.5000000000000004 15.500000000000002 0.77207821607589733 5.5000000000000009 11.500000000000002 -5.0178570747375479 3.5000000000000004 14.500000000000002 -0.62499999999999989 536.50000000000011 0.99990689754486095
decision_type=2 2 2 2 2 2 2 2 2 2 2 2 2 2 2 2 2 2 2 2 2 2 2 2 2 2 2 10 2 2 2 2 2 2 2 2 2 2 2 2 2 2 2 2 2 2 2 2 2 2 8 2 2 2 2 2 2 2 2 2 2 2
left_child=1 3 6 9 7 15 8 20 34 -1 -6 17 32 -10 38 -3 30 51 19 -7 53 -22 52 25 -5 -18 -17 -19 -29 -30 49 -28 35 -15 -2 48 37 -16 39 -8 -41 -23 -43 44 45 -34 -26 -27 -9 50 -14 -12 -21 -4 56 -56 -55 -52 59 -59 61 -60
right_child=2 5 4 24 10 18 14 12 13 -11 11 -13 16 33 36 26 23 27 -20 22 21 41 -24 -25 46 47 31 28 29 -31 -32 -33 43 -35 -36 -37 -38 -39 -40 40 -42 42 -44 -45 -46 -47 -48 -49 -50 -51 57 -53 -54 54 55 -57 -58 58 60 -61 -62 -63
leaf_value=-0.014582389079927083 0.1747889519115135 0.0064681180823119005 0.20785517481303659 -0.0052074912194338806 0.25972993094969959 0.020031022535022626 -0.0015098491999070024 0.16222500188744599 0.02926634235339292 -0.0095609860956488574 0.3032737783109693 0.37906459857947633 0.10498466256680203 0.074480897313240049 0.10036358334527122 -0.01854875119599117 0.14091222173734941 0.078883371740603725 0.028175501970448501 0.26642992241683655 0.3661091149170137 -0.041414660159736646 0.064752445791108754 0.10974272068405326 0.00092859449433048934 0.29202831381006744 0.035626389475191561 0.12203854063560708 0.45430229716066622 0.1786077624635623 0.051377035921498754 0.015110071978908837 0.10523007195463675 0.051401501775833636 0.082936989641180778 0.25946573994809313 0.065660609398726449 0.07133320165972841 0.026158068332087121 0.27819534562246767 0.079797291940301801 0.22051615252793236 0.042115509878251467 0.083073874006490744 0.33761659257831761 0.18003723658708698 0.095302391840697651 0.11584215925148852 0.030521813898866632 0.059430660837782805 0.10704933361903396 0.17852693210038878 0.082344776543559955 -0.041390611803504368 0.3617762875724061 -0.01262859109550943 0.048696564163391673 0.25020721280702857 0.35062484487519696 0.16099927501475833 0.11087506569530779 0.16270048267236129
leaf_weight=158949 116 26204 32 60029 211 957 137 219 2238 104314 61 41 530 2396 6179 660 109 247 9825 49 30 39 1536 123 45194 166 3402 272 35 39 154 6965 1731 6762 1804 70 1218 1405 546 33 948 75 81 1381 30 196 100 34 65 142 316 563 50 131 32 39 532 214 36 342 477 169
leaf_count=158949 116 26204 32 60029 211 957 137 219 2238 104314 61 41 530 2396 6179 660 109 247 9825 49 30 39 1536 123 45194 166 3402 272 35 39 154 6965 1731 6762 1804 70 1218 1405 546 33 948 75 81 1381 30 196 100 34 65 142 316 563 50 131 32 39 532 214 36 342 477 169
internal_value=1.45341e-06 -0.0066468 0.0849132 -0.00970275 0.124919 0.0160404 0.0698336 0.114032 0.0571843 -0.0125927 0.180455 0.167137 0.121004 0.0519081 0.0859266 0.0103058 0.138304 0.159966 0.0332347 0.0524091 0.068264 0.130513 0.0713574 0.188251 -0.00247896 0.219452 0.0194252 0.127521 0.162205 0.309461 0.12923 0.0218431 0.107823 0.0574407 0.088496 0.157362 0.0909296 0.0949867 0.0594577 0.0757151 0.0865004 0.0940903 0.127981 0.102564 0.116312 0.112849 0.0011372 0.262157 0.132108 0.134613 0.139732 0.190771 0.17365 0.0499628 0.0430498 0.156368 0.0308907 0.151574 0.162929 0.195376 0.136449 0.195864
internal_weight=450980 418234 32746 368586 8964 49648 23782 7495 13316 263263 1469 1258 6504 11396 10466 37231 2812 1217 12417 2592 991 225 1635 432 105323 309 11027 593 346 74 2380 10367 3692 9158 1920 354 8802 7584 1664 1118 981 195 156 3338 1957 1927 45294 200 284 2226 2084 624 99 766 734 71 663 1554 1238 556 682 205
internal_count=450980 418234 32746 368586 8964 49648 23782 7495 13316 263263 1469 1258 6504 11396 10466 37231 2812 1217 12417 2592 991 225 1635 432 105323 309 11027 593 346 74 2380 10367 3692 9158 1920 354 8802 7584 1664 1118 981 195 156 3338 1957 1927 45294 200 284 2226 2084 624 99 766 734 71 663 1554 1238 556 682 205
is_linear=0
shrinkage=0.03


Tree=26
num_leaves=63
num_cat=0
split_feature=11 11 11 11 11 5 36 43 11 17 21 23 11 26 26 9 44 23 5 5 17 5 9 8 45 45 8 26 5 43 11 15 27 23 28 27 0 8 7 11 36 15 29 27 17 28 26 0 11 26 30 15 18 14 45 14 18 30 17 27 28 14
split_gain=265490 24362.7 23368.5 6691 6627.92 3999.25 3970.87 3821.81 3639.39 3155.19 2823.29 2729.42 2642.97 3982.26 2532.73 2333.06 2516.58 2277.76 1998.08 1837.69 3440.61 1568.46 1547.4 2724.43 1414.76 1412.32 1437.01 1411.02 1392.73 1330.59 1325.9 1433.24 1314.88 1637.96 1255.98 1208.66 1188.65 1159.77 1395.73 1151.97 1131.46 1072.93 1000.98 1081.02 1357.41 974.157 1273.34 1262.8 2254.58 6120.85 1581.38 1238.13 1449.02 1204.16 1045.72 967.829 963.258 960.887 944.531 1691.67 1537.29 2331.32
threshold=3.4642857313156132 7.0357143878936776 0.96428570151329052 14.678571701049806 1.8928571343421938 1.0000000180025095e-35 -0.87837970256805409 -2.196428537368774 0.39285714924335485 4.5672285556793222 30.500000000000004 0.68999999761581432 13.607142925262453 1.0420334935188296 0.94639605283737194 10.500000000000002 1.7142837047576907 0.52000001072883617 1.0000000180025095e-35 3.5000000000000004 10.677921772003176 29.500000000000004 44.500000000000007 4.5000000000000009 1.7228482961654665 0.94503900408744823 3.5000000000000004 0.94639605283737194 1.0000000180025095e-35 -4.4107141494750968 22.214285850524906 10.293094635009767 4.5000000000000009 0.62999999523162853 5.5000000000000009 3.5000000000000004 182.50000000000003 31.500000000000004 14.500000000000002 4.7500000000000009 1.0000000180025095e-35 7.0088248252868661 39.500000000000007 4.5000000000000009 12.598823547363283 3.5000000000000004 1.0234279632568362 269.50000000000006 11.250000000000002 1.0644875168800356 10.500000000000002 10.293094635009767 1.0000000180025095e-35 6.8260700702667245 0.99696508049964916 5.7507729530334482 1.5000000000000002 2.5000000000000004 11.434213161468508 5.5000000000000009 19.500000000000004 7.4785406589508066
decision_type=2 2 2 2 2 2 2 2 2 2 2 2 2 2 2 10 2 2 2 2 2 2 8 2 2 2 2 2 2 2 2 2 2 2 2 2 2 2 2 2 2 2 2 2 2 2 2 2 2 2 2 2 2 2 2 2 2 2 2 2 2 2
left_child=2 6 8 5 40 14 10 12 -1 35 -2 18 37 -14 -3 24 30 21 22 57 36 58 -8 -24 25 26 -5 34 -11 -29 31 -17 -19 -34 -20 -6 -21 45 -39 -13 -4 -38 43 44 -33 46 -7 50 49 -49 -47 52 54 -53 -52 -41 -46 -12 -9 60 61 -60
right_child=1 3 4 15 9 7 11 17 -10 28 19 39 13 -15 -16 16 -18 32 27 20 -22 -23 23 -25 -26 -27 -28 29 -30 -31 -32 42 33 -35 -36 -37 41 38 -40 55 -42 -43 -44 -45 56 47 -48 48 -50 -51 51 53 -54 -55 -56 -57 -58 -59 59 -61 -62 -63
leaf_value=-0.013599605683481467 0.073350330689055332 -0.047773413597267875 0.0042304745285864122 0.36810529018673938 0.008707044464277891 0.15602958987491647 0.034543052207997131 0.10942254620115364 -0.0069694023464970181 0.022071262507642995 0.21172848682385831 0.030972871605190733 0.14714229087449623 0.5860556183353165 0.07004836848744464 0.32743649581204293 0.49926153893140063 0.070779846585009257 0.27576419917909178 0.097897489662195997 0.47273627300589366 0.051967584714374029 0.38484788185530527 -0.012482214596398006 0.32888609813455261 0.08271813766659103 0.15329231977347435 0.15853102537571645 0.062225047963883985 0.066567774987831174 0.39024851986103581 0.29939759184191694 0.065737525516379416 0.13623212555650982 0.10847131547007326 0.022560518076366592 0.31532337091683194 0.15656167325998194 0.374844777749475 0.059664290477937254 -0.0032555897125206863 0.14177511341614446 0.0942198114682673 0.31254982022415612 -0.025409892556480958 0.10142099861618216 0.3624577368018973 0.14899498117966906 0.024355623152605289 0.64083661732285524 0.27076083230800452 0.20079497621554301 0.42885385413645161 -0.0018780956707989713 0.064700828331246588 0.031218640834101363 0.18102383417459389 0.070572079053018572 0.38110476462194143 0.03089060744052971 0.10360041774837288 0.17064881177270816
leaf_weight=190065 2632 183 42521 32 13211 117 2150 5323 122558 1292 52 5377 49 30 1592 62 30 2953 48 135 36 393 31 31 34 280 226 145 1953 6008 35 41 499 733 255 9928 62 82 39 3503 31730 67 105 62 37 1215 35 94 47 30 58 60 31 47 36 1555 45 262 55 100 240 343
leaf_count=190065 2632 183 42521 32 13211 117 2150 5323 122558 1292 52 5377 49 30 1592 62 30 2953 48 135 36 393 31 31 34 280 226 145 1953 6008 35 41 499 733 255 9928 62 82 39 3503 31730 67 105 62 37 1215 35 94 47 30 58 60 31 47 36 1555 45 262 55 100 240 343
internal_value=1.46687e-06 0.0761882 -0.00695284 0.105258 0.00562082 0.100066 0.0561919 0.106002 -0.0110004 0.0185364 0.08687 0.0509786 0.14439 0.314367 0.0578983 0.180741 0.234729 0.0988922 0.0634212 0.1448 0.197904 0.110072 0.03881 0.186458 0.141347 0.129433 0.180074 0.0718527 0.0462394 0.0687377 0.214095 0.196469 0.0816478 0.107688 0.13506 0.0146511 0.160256 0.137272 0.227181 0.0406422 0.0010314 0.225377 0.168361 0.21036 0.158625 0.131113 0.203779 0.124273 0.201401 0.268422 0.115144 0.186931 0.251057 0.111838 0.192013 0.0509202 0.0879411 0.094013 0.113839 0.145671 0.163651 0.199824
internal_weight=450980 37722 413258 15373 100635 14384 22349 12609 312623 26384 3246 19103 1970 79 1775 989 417 10639 8668 614 300 6454 2212 62 572 538 258 6456 3245 6153 387 352 4185 1232 303 23139 264 1891 121 10435 74251 129 290 185 123 1770 152 1618 171 124 1447 232 125 107 94 5058 82 314 6061 738 638 398
internal_count=450980 37722 413258 15373 100635 14384 22349 12609 312623 26384 3246 19103 1970 79 1775 989 417 10639 8668 614 300 6454 2212 62 572 538 258 6456 3245 6153 387 352 4185 1232 303 23139 264 1891 121 10435 74251 129 290 185 123 1770 152 1618 171 124 1447 232 125 107 94 5058 82 314 6061 738 638 398
is_linear=0
shrinkage=0.03


Tree=27
num_leaves=63
num_cat=0
split_feature=13 13 13 13 13 5 13 5 23 5 13 45 22 28 42 22 6 26 10 26 22 44 5 9 44 5 42 9 44 42 26 6 33 44 39 42 26 7 15 28 33 23 33 42 6 44 10 21 37 9 33 21 18 26 20 5 26 10 7 9 28 21
split_gain=250408 25641.4 21726.3 9081.02 5361.03 3674.47 3607.42 2917.91 2399.82 2366.9 2429.23 2404.81 1918.2 1768.2 1723.84 1601.76 1552.51 1552.47 1520.36 1486.22 1373.71 1346.92 1320.1 1661.82 1270.56 1229.32 1277.8 1464.68 1450.19 1348.99 1196.02 1175.72 1171.2 1146.81 1143.47 1131.4 1309.89 1113.06 1196.08 1100.18 1085.01 1073.45 1050.81 1040.95 976.375 969.94 944.036 932.476 1400.19 887.317 878.375 1006.27 938.684 1394.87 865.441 2123.41 1666.81 1004.19 1467.87 965.344 864.765 843.079
threshold=3.575714230537415 6.669642686843873 0.99107143282890331 10.312500000000002 2.1483516693115239 1.0000000180025095e-35 0.4301948100328446 1.0000000180025095e-35 0.55500000715255748 1.0000000180025095e-35 12.901785850524904 1.8611279726028445 0.19642857462167743 3.5000000000000004 58.500000000000007 0.5892857313156129 10.500000000000002 0.94639605283737194 3.5000000000000004 1.0279641747474673 0.44642856717109686 3.199986577033997 14.500000000000002 49.500000000000007 0.35294112563133245 45.500000000000007 265.50000000000006 7.5000000000000009 0.74210983514785778 241.50000000000003 0.99191412329673778 5.5000000000000009 1.0000000180025095e-35 1.3170728683471682 -0.68301269412040699 133.50000000000003 1.0693609714508059 20.500000000000004 14.361502170562746 9.5000000000000018 1.0000000180025095e-35 0.71000000834465038 1.0000000180025095e-35 77.500000000000014 35.500000000000007 0.88888826966285717 5.0714285373687753 32.500000000000007 1.0000000180025095e-35 1.0000000180025095e-35 1.0000000180025095e-35 71.500000000000014 2.5000000000000004 0.96503895521163952 24.500000000000004 20.500000000000004 1.0812516212463381 17.785714149475101 10.500000000000002 48.500000000000007 21.500000000000004 87.000000000000014
decision_type=2 2 2 2 2 2 2 2 2 2 2 2 2 2 2 2 2 2 2 2 2 2 2 8 2 2 2 8 2 2 2 2 2 2 2 2 2 2 2 2 2 2 2 2 2 2 2 2 2 10 2 2 2 2 2 2 2 2 2 8 2 2
left_child=2 5 6 7 21 20 -1 12 15 19 54 13 35 -12 -14 -7 17 39 -8 -5 49 32 41 -24 -16 26 27 34 -29 37 46 -21 -4 60 -15 -3 -37 38 -30 47 -10 43 -6 -19 -28 -45 -18 48 -9 -2 51 -48 -52 -54 55 56 -11 59 -59 -56 -32 -36
right_child=1 3 4 9 42 8 18 16 40 10 11 -13 14 25 24 -17 30 22 -20 31 -22 -23 23 -25 -26 -27 44 28 29 -31 33 -33 -34 -35 61 36 -38 -39 -40 -41 -42 -43 -44 45 -46 -47 50 -49 -50 -51 52 -53 53 -55 57 -57 -58 58 -60 -61 -62 -63
leaf_value=-0.013089404604604496 0.01225176042174415 -0.040190486393856729 -0.00014221765407280827 0.029372151521119199 0.016052948817651434 0.075370735050059479 -0.0066021898437005951 0.39447177407359857 0.045538264764596853 0.13241638222872909 0.28049306929714496 0.42161247779334021 0.19425188893820605 0.048792484310957104 -0.036218084681579353 0.20006830028754777 0.27248269292068023 0.20619492557490079 0.08395190800468251 0.063220581189934649 -0.004796817037851832 0.088466671550843992 0.053147404446493282 0.27857276321249541 0.039545532196618133 0.019050100249543987 0.13047786852997925 0.39049208626445742 0.043250868937213589 0.35256655450786401 0.12755267517475929 0.2347611002725305 0.0079001727010674996 0.050729764693357618 0.24828900540652485 0.086601321168720602 0.28456424406870384 0.28461040979109437 0.23276683671999784 0.10990756462948725 0.065102281260256925 0.0579372796885195 0.032366410625140132 0.10670725025693588 0.27113681136446532 0.081379291744681462 0.10517697702078443 0.12440975595832146 0.14400306117016906 0.045249781887773281 0.14022735891350696 0.27887419477847797 0.14534056381499916 0.37688615660162739 0.11231773119644103 0.33788595558928897 0.35988733948366186 0.11237574252707154 0.3378007576609432 -0.012894811968282249 0.071142206685140291 0.063001722366706869
leaf_weight=196657 1029 61 56768 265 12368 3777 119033 43 8614 823 125 36 53 74 274 95 42 75 167 72 950 163 1347 30 729 52 601 53 69 51 781 72 22859 399 85 947 31 59 53 320 3627 797 4987 2646 48 2809 907 65 38 2555 412 31 55 41 1224 52 30 66 43 58 357 30
leaf_count=196657 1029 61 56768 265 12368 3777 119033 43 8614 823 125 36 53 74 274 95 42 75 167 72 950 163 1347 30 729 52 601 53 69 51 781 72 22859 399 85 947 31 59 53 320 3627 797 4987 2646 48 2809 907 65 38 2555 412 31 55 41 1224 52 30 66 43 58 357 30
internal_value=1.49692e-06 0.0737199 -0.00677736 0.100626 0.00562981 0.0511349 -0.0105933 0.0886494 0.0578484 0.140009 0.147715 0.179892 0.0561481 0.173165 0.0276679 0.0784357 0.0947309 0.0879291 -0.00647524 0.0715572 0.0272752 0.00234298 0.0847101 0.0580796 0.0188453 0.161723 0.168326 0.205805 0.248777 0.216242 0.113097 0.149105 0.00216655 0.0945192 0.1409 0.0850875 0.0929062 0.177648 0.125717 0.141114 0.0513357 0.0905047 0.0207409 0.095197 0.140923 0.0936669 0.132279 0.209379 0.277309 0.0357768 0.128187 0.110948 0.159986 0.244535 0.128984 0.151841 0.14046 0.114102 0.201547 0.106651 0.109865 0.200063
internal_weight=450980 37978 413002 17331 97145 20647 315857 13290 16113 4041 3632 1336 2095 1300 1056 3872 11195 8170 119200 409 4534 79790 7704 1377 1003 1175 1123 474 285 232 3025 144 79627 1537 189 1039 978 181 122 466 12241 6327 17355 5530 649 5455 1488 146 81 3584 1446 938 508 96 2296 905 853 1391 109 1282 1138 115
internal_count=450980 37978 413002 17331 97145 20647 315857 13290 16113 4041 3632 1336 2095 1300 1056 3872 11195 8170 119200 409 4534 79790 7704 1377 1003 1175 1123 474 285 232 3025 144 79627 1537 189 1039 978 181 122 466 12241 6327 17355 5530 649 5455 1488 146 81 3584 1446 938 508 96 2296 905 853 1391 109 1282 1138 115
is_linear=0
shrinkage=0.03


Tree=28
num_leaves=63
num_cat=0
split_feature=12 12 13 11 13 23 13 5 5 36 6 36 45 23 36 43 14 44 5 5 18 43 5 45 23 43 44 43 27 22 11 12 5 28 9 11 43 12 12 18 23 12 9 28 11 28 45 43 11 28 23 27 23 23 11 14 45 6 45 27 28 6
split_gain=236379 27065.1 18501 7213.59 5022 4616.57 4521.75 2485.33 2217.88 2160.58 1638.03 1555.68 1821.71 1488.99 1434.16 1437.46 1411.06 1353.74 1344.31 1268.01 1336.17 1275.85 1250.96 1211.34 1140.9 2009.59 1119.66 1109.38 1103.48 1090.02 1077.56 1378.27 1070.15 1051.53 1037.06 1014.98 1369.29 1391.48 1012.59 996.962 994.777 983.159 977.537 2142.18 1475.98 975.264 995.774 1199.82 935.755 902.072 893.349 1097.09 1190.75 1322.7 1007.57 935.782 877.458 868.37 861.866 1063.17 2578.41 856.733
threshold=4.1964285373687753 1.4821428656578066 8.4553570747375506 0.60714286565780651 12.901785850524904 0.76000002026557933 6.2410714626312265 1.0000000180025095e-35 1.0000000180025095e-35 -0.87837970256805409 11.500000000000002 -0.87837970256805409 1.8611279726028445 0.62999999523162853 1.0000000180025095e-35 -1.4107143282890318 6.6833618461714661e-07 3.9999881982803349 1.0000000180025095e-35 3.5000000000000004 1.5000000000000002 0.33928571641445165 1.0000000180025095e-35 0.88026857376098644 0.55500000715255748 -4.4107141494750968 0.26666629314422613 -0.98214286565780629 3.5000000000000004 0.69642856717109691 5.6785714626312265 6.9821429252624521 4.5000000000000009 2.5000000000000004 106.00000000000001 14.535714149475099 2.7678571939468388 12.339285373687746 2.1607142686843877 2.5000000000000004 0.52000001072883617 12.696428775787355 5.5000000000000009 25.500000000000004 12.892857074737551 3.5000000000000004 1.0264638066291811 -3.2678571939468379 10.535714149475099 3.5000000000000004 0.55500000715255748 4.5000000000000009 0.62999999523162853 3.3600000143051152 8.6071429252624529 9.0039663314819354 1.2587133646011355 18.500000000000004 0.77207821607589733 5.5000000000000009 11.500000000000002 5.5000000000000009
decision_type=2 2 2 2 2 2 2 2 2 2 2 2 2 2 2 2 2 2 2 2 2 2 2 2 2 2 2 2 2 2 2 2 2 2 8 2 2 2 2 2 2 2 10 2 2 2 2 2 2 2 2 2 2 2 2 2 2 2 2 2 2 2
left_child=1 3 6 16 8 7 9 26 24 -2 27 -6 23 29 19 32 -1 28 -11 20 -12 -22 48 -13 58 -26 -3 30 -5 -9 -10 -32 -16 -17 -29 36 37 49 -7 -20 -19 -37 -25 61 -45 46 -24 -48 -8 -21 54 -52 -53 -54 55 -47 -50 -49 -4 -60 -61 -44
right_child=2 5 4 17 11 38 22 13 10 18 14 12 -14 -15 15 33 -18 40 39 35 21 -23 45 42 25 -27 -28 34 -30 -31 31 -33 -34 -35 -36 41 -38 -39 -40 -41 -42 -43 43 44 -46 50 47 57 56 -51 51 52 53 -55 -56 -57 -58 -59 59 60 -62 -63
leaf_value=-0.014875958776031175 0.081621377079425655 -0.016573114932070053 0.19730982711939052 -0.0055856169023311723 0.24051496578008999 0.0057406092266145186 0.049912070369089068 0.05350930977084694 0.040182107753958002 0.026371398058274653 0.03859605635485118 0.1749496685726363 0.34899873234059686 0.031879063299851795 0.10688659600670569 0.24760331748925665 -0.010139705490221579 0.1699588246275581 0.049137770475898332 0.28002797105484334 0.34039243878658942 0.083858027308807703 0.084440435018142884 0.06936191876398913 0.35018612757195217 0.08669271561868494 0.020124308087548875 0.084759744171114773 0.0001629458482899885 0.12270319419768416 0.31554738260377924 0.12007744451335726 0.28412910865293589 0.073849472179465317 0.22845919958228919 0.39732127811973544 0.097200242874071752 0.32299588542477259 0.016290291729903931 0.083201900893400252 0.033454865116922479 0.17132914691440498 0.035790733818188078 0.43190697054800564 0.16297842509758745 0.086620082181299365 0.30473188977660681 0.11383023003641893 0.26209676827306572 0.15673473784382247 0.057591930775195872 0.036420393889555445 0.1382920596998056 0.04907878133214251 0.10983033479666586 0.043070449261944976 0.050867225956881847 0.26252717192333536 0.026633455296845982 0.34785474041354986 -0.015107291254317361 0.14753146843691287
leaf_weight=88541 1920 925 32 70020 211 24372 1593 2198 151 2238 152 624 41 5681 62 33 157014 57 8305 59 31 40 480 247 30 195 3914 2452 52650 226 33 1839 61 603 46 33 236 57 12332 853 304 37 95 35 39 2556 40 305 37 579 2470 237 541 207 1388 538 34 40 663 32 39 177
leaf_count=88541 1920 925 32 70020 211 24372 1593 2198 151 2238 152 624 41 5681 62 33 157014 57 8305 59 31 40 480 247 30 195 3914 2452 52650 226 33 1839 61 603 46 33 236 57 12332 853 304 37 95 35 39 2556 40 305 37 579 2470 237 541 207 1388 538 34 40 663 32 39 177
internal_value=1.51541e-06 -0.00607588 0.0776222 -0.00887678 0.114352 0.0147179 0.0637774 0.0301226 0.104407 0.052179 0.110778 0.165078 0.152406 0.04028 0.13352 0.101089 -0.0118475 -0.00294758 0.0472178 0.15362 0.0888497 0.196208 0.0785333 0.145754 0.0625856 0.121972 0.0131089 0.1008 -0.00311832 0.059966 0.117322 0.123541 0.194959 0.0829049 0.0874156 0.168037 0.159716 0.180925 0.00928522 0.0523116 0.0550534 0.278305 0.115005 0.147554 0.290606 0.0830438 0.113306 0.149259 0.05467 0.168181 0.0797442 0.0682735 0.0950485 0.113615 0.0885844 0.0790496 0.16118 0.131146 0.0451263 0.0384635 0.148719 0.108537
internal_weight=450980 418234 32746 368586 8964 49648 23782 12944 7495 13316 6504 1469 1258 8105 1983 759 245555 123031 11396 1224 223 71 10466 1217 991 225 4839 4521 122670 2424 2023 1872 123 636 2498 1001 931 695 36704 9158 361 70 593 346 74 8802 865 385 1664 638 7937 3455 985 748 4482 3094 71 345 766 734 71 272
internal_count=450980 418234 32746 368586 8964 49648 23782 12944 7495 13316 6504 1469 1258 8105 1983 759 245555 123031 11396 1224 223 71 10466 1217 991 225 4839 4521 122670 2424 2023 1872 123 636 2498 1001 931 695 36704 9158 361 70 593 346 74 8802 865 385 1664 638 7937 3455 985 748 4482 3094 71 345 766 734 71 272
is_linear=0
shrinkage=0.03


Tree=29
num_leaves=63
num_cat=0
split_feature=12 12 12 12 12 5 23 27 17 5 28 22 11 45 44 12 38 26 23 5 23 5 20 7 10 27 7 37 10 27 44 12 27 44 28 22 12 29 45 8 0 26 30 8 20 22 44 11 10 11 28 44 15 27 19 15 23 11 11 5 7 29
split_gain=222479 27226.2 16815.3 8790.87 4244.41 2724.02 3016.24 2325.71 2218.77 2030.68 2053.15 2227.39 1958.73 1945.1 2108.02 1856.77 1709.6 1640.17 1616.02 1658.47 1587.48 1532.25 1464.81 1428.65 1410.94 1306.23 1267.47 1517.87 1228.58 1220.49 1207.98 1188.96 1141.28 1111.59 1090.96 1074.6 984.196 944.777 1107.06 953.725 940.617 1874.45 1277.93 1005.41 968.848 916.976 911.385 908.258 941.666 1375.08 1309.49 1391.33 1039.22 899.439 923.678 893.918 889.002 880.139 872.734 852.036 874.447 1016.06
threshold=3.0892857313156132 6.2678570747375497 0.8392857313156129 11.803571224212648 1.5892856717109682 1.0000000180025095e-35 0.55500000715255748 3.5000000000000004 0.61799925565719616 1.0000000180025095e-35 3.5000000000000004 0.26785714924335485 15.250000000000002 0.84294813871383678 0.76190400123596203 15.517857074737551 -0.68301269412040699 1.0294545888900759 0.43999999761581426 29.500000000000004 0.68999999761581432 1.0000000180025095e-35 23.500000000000004 20.500000000000004 5.2142856121063241 5.5000000000000009 9.5000000000000018 1.0000000180025095e-35 0.35714286565780645 3.5000000000000004 0.48979572951793676 10.839285373687746 3.5000000000000004 0.71428519487380993 1.5000000000000002 0.66071426868438732 6.5535714626312265 18.500000000000004 0.83037790656089794 32.500000000000007 182.50000000000003 1.0836695432662966 9.5000000000000018 29.500000000000004 6.5000000000000009 0.44642856717109686 3.9999827146530156 5.4642856121063241 5.9285714626312265 6.5357143878936776 10.500000000000002 0.91428518295288097 9.5718793869018572 5.5000000000000009 1.0000000180025095e-35 15.354063034057619 0.62999999523162853 13.464285850524904 7.1071429252624521 14.500000000000002 1.5000000000000002 7.5000000000000009
decision_type=2 2 2 2 2 2 2 2 2 2 2 2 2 2 2 2 2 2 2 2 2 2 2 2 2 2 2 2 2 2 2 2 2 2 2 2 2 2 2 2 2 2 2 2 2 2 2 2 2 2 2 2 2 2 2 2 2 2 2 2 2 2
left_child=2 5 8 7 -4 45 35 12 -1 17 26 13 20 37 16 -13 -15 -5 -9 21 22 30 28 -23 29 -16 34 -28 -3 -6 -20 -22 -8 55 -11 -7 -24 -12 39 -39 42 -42 43 44 -30 -2 -10 -44 49 -49 51 -50 -51 54 58 -18 -48 -19 -25 60 -38 -62
right_child=1 3 4 9 24 6 32 18 46 10 11 15 -14 14 25 -17 33 57 19 -21 31 23 36 53 -26 -27 27 -29 40 -31 -32 -33 -34 -35 -36 -37 59 38 -40 -41 41 -43 47 -45 -46 -47 56 48 50 52 -52 -53 -54 -55 -56 -57 -58 -59 -60 -61 61 -63
leaf_value=-0.012991020103660921 0.030867619378481745 -0.045568195382222773 -0.00085229680692370255 -0.00062167332790828949 0.0060671413861376955 0.071281029843848057 0.035381053493884859 0.25677993363053281 -0.0078677515393357038 0.31283751947300453 0.12756484487761055 0.44785257254872479 0.30917009113547955 0.37769774777990744 0.10568000900552456 0.16737694494283881 0.074382656810420736 0.26889637470245359 -0.00099196078664061447 0.024220640891624637 0.048646831858276188 0.10023973527804626 -0.011638064753860344 0.27510205508962476 0.067420867838217768 0.00055465138521012961 0.40525548181977017 0.18670010558079833 0.24923469206843615 0.017502007947147426 0.081583302406700808 0.16926496874340338 0.052787423810977938 0.30408363277231881 0.10311287645665318 0.18910463442153569 0.045534301916728172 0.17236308318191099 0.36076477614223446 0.31755489307338008 0.078795722123291709 0.27220872532616724 0.029681094226397184 0.22367529045123066 0.089250173092460541 -0.00079842374261478405 0.13055539768787763 0.42821155419381346 0.38535511323402066 0.05235418019352165 0.091876761649696839 0.12282658717470372 0.29309842875370612 0.088770704656118499 0.32068036566432717 0.25314718666033442 0.016186090066352059 0.05376197876377755 0.14164194424950852 0.041765522132744697 0.14626465178281384 0.079939284043492431
leaf_weight=158977 4078 56 83923 141 19616 3596 7794 57 131281 32 260 39 32 38 684 47 106 40 202 275 2222 5318 138 51 403 126 66 51 35 14694 756 76 6003 36 74 71 562 440 35 45 2126 46 40 56 1213 1031 74 30 35 30 138 38 35 157 35 33 351 30 331 736 237 1702
leaf_count=158977 4078 56 83923 141 19616 3596 7794 57 131281 32 260 39 32 38 684 47 106 40 202 275 2222 5318 138 51 403 126 66 51 35 14694 756 76 6003 36 74 71 562 440 35 45 2126 46 40 56 1213 1031 74 30 35 30 138 38 35 157 35 33 351 30 331 736 237 1702
internal_value=1.53025e-06 0.0660485 -0.00672082 0.0924218 0.00279714 0.0437465 0.0493833 0.0848422 -0.0106054 0.147117 0.155984 0.145803 0.0751662 0.138672 0.111438 0.294959 0.195417 0.058329 0.0977515 0.0964755 0.0743788 0.0993756 0.0812642 0.105098 0.0116201 0.0893311 0.242111 0.310241 0.0938443 0.0109645 0.064172 0.0526438 0.0429549 0.155634 0.166675 0.0735678 0.0668064 0.17437 0.19774 0.1859 0.0958885 0.082905 0.112973 0.0993549 0.0937577 0.0244772 -0.00772574 0.164247 0.181817 0.260313 0.146361 0.249072 0.18226 0.150081 0.173134 0.116985 0.0361294 0.176926 0.159531 0.0701514 0.0785022 0.088054
internal_weight=450980 41661 409319 19088 118636 22573 17464 16765 290683 2323 2112 1889 9583 1803 1023 86 213 211 7182 7125 9551 6850 7253 5892 34713 810 223 117 3878 34310 958 2298 13797 175 106 3667 3375 780 520 485 3822 2172 1650 1304 1248 5109 131706 346 306 95 211 73 65 574 417 139 425 70 382 3237 2501 1939
internal_count=450980 41661 409319 19088 118636 22573 17464 16765 290683 2323 2112 1889 9583 1803 1023 86 213 211 7182 7125 9551 6850 7253 5892 34713 810 223 117 3878 34310 958 2298 13797 175 106 3667 3375 780 520 485 3822 2172 1650 1304 1248 5109 131706 346 306 95 211 73 65 574 417 139 425 70 382 3237 2501 1939
is_linear=0
shrinkage=0.03


Tree=30
num_leaves=63
num_cat=0
split_feature=12 12 12 12 12 23 12 8 9 36 14 36 10 23 17 45 14 43 28 14 23 42 10 14 41 36 15 8 38 28 10 10 23 21 14 0 27 29 14 12 27 29 28 15 0 36 6 8 22 27 8 15 29 29 15 28 10 29 42 30 39 28
split_gain=209654 23902.3 15885.6 6476.39 4929.63 4149.6 3580.5 2029.59 2264.39 2015.44 1885.26 1586.25 1457.18 1638.52 1438.31 1432.6 1796.95 1376.88 1350.76 1316.99 1316.99 1773.94 1236.85 1171.52 1167.28 1160.51 3085.09 1463.67 2867.47 2197.37 1450.06 1102.03 1811.58 1019.84 994.175 1086.3 990.234 978.99 962.671 1033.33 1007.76 1172.49 961.881 1600.97 1899.42 953.791 924.158 1034.67 922.434 912.281 894.668 882.73 878.751 861.906 1027.64 859.043 819.429 816.254 851.849 809.647 799.888 1337.86
threshold=4.1964285373687753 1.4821428656578066 9.3035712242126483 0.69642856717109691 6.0535714626312265 0.76000002026557933 13.339285373687746 6.5000000000000009 1.5000000000000002 -0.87837970256805409 0.51123625040054332 -0.87837970256805409 1.0000000180025095e-35 0.62999999523162853 11.434213161468508 1.7777319550514223 19.134237289428714 8.8392853736877459 16.500000000000004 7.8148198127746591 0.68999999761581432 46.500000000000007 5.7857143878936776 8.8653955459594744 1.0000000180025095e-35 -0.87837970256805409 15.354063034057619 31.500000000000004 0.68301269412040722 14.500000000000002 12.214285850524904 5.357142686843873 0.55500000715255748 87.000000000000014 1.1232953071594241 182.50000000000003 4.5000000000000009 46.500000000000007 6.6815307140350351 11.696428775787355 3.5000000000000004 12.500000000000002 8.5000000000000018 6.6887226104736337 64.500000000000014 1.0000000180025095e-35 35.500000000000007 13.500000000000002 0.73214286565780651 3.5000000000000004 9.5000000000000018 3.2686489820480351 35.500000000000007 46.500000000000007 8.4471530914306658 4.5000000000000009 6.5000000000000009 50.500000000000007 107.50000000000001 1.5000000000000002 0.25000000000000011 5.5000000000000009
decision_type=2 2 2 2 2 2 2 2 10 2 2 2 2 2 2 2 2 2 2 2 2 2 2 2 2 2 2 2 2 2 2 2 2 2 2 2 2 2 2 2 2 2 2 2 2 2 2 2 2 2 2 2 2 2 2 2 2 2 2 2 2 2
left_child=1 3 4 12 11 10 7 17 22 14 -3 -2 -1 59 -6 16 25 23 52 20 21 -11 -9 53 34 26 30 33 29 -29 -8 -16 -33 46 -23 51 -5 -26 42 -40 50 -42 43 -10 -45 -7 47 55 49 -12 -41 -36 -18 -4 -55 -27 -24 58 -57 -14 -53 -62
right_child=2 5 6 36 9 45 15 8 38 19 48 -13 13 -15 31 -17 18 -19 -20 -21 -22 24 56 -25 37 27 -28 28 -30 -31 -32 32 -34 -35 35 -37 -38 -39 39 40 41 -43 -44 44 -46 -47 -48 -49 -50 -51 -52 60 -54 54 -56 57 -58 -59 -60 -61 61 -63
leaf_value=-0.014032517055861749 0.074514259017208054 -0.018678587122445463 0.093719828791571105 -0.0039126627277279603 0.096428420515710198 0.012853340895766232 0.32856220097053707 -0.040459604243181839 0.11959709505984176 0.30616309312535189 0.022875704118213106 0.044141334468898924 0.16358762619836498 -0.0093874939613016687 0.059988961721848283 0.34166432183868473 0.075459405482974959 0.27517941404325358 -0.0024926097741391293 0.05654954335170817 0.060489432150291768 -0.012301439605249827 0.22911138023989797 0.061544605566827788 0.054232023669389992 0.28258335749729202 0.51302233850265999 0.17491470777757276 0.020004123309317671 0.48850928419308004 0.10296609911544886 0.36970939119572693 0.10563141572786905 0.0044652750344700513 0.27250168966791555 0.080005349707468476 0.0025176319750027033 -0.092100789381065862 0.10570955072184578 0.22555547876221557 0.045983496917109207 0.23586383452687323 0.14187201364307397 0.15577517537740021 0.43177180514899555 0.0030797255846544799 0.28346272452347937 0.092260638597273376 0.089067050906665196 0.039611747360514947 0.083095121662720553 0.094922114880108113 0.23176034771264553 0.26639131836308022 0.090602198184627447 0.26245130554753904 0.075120267794046014 0.28749062280127941 0.12108795185203458 0.032182885152561222 0.28182190483315483 0.12309614814803392
leaf_weight=87510 1812 722 1044 75093 1748 20988 38 82 74 33 6857 10619 67 175572 37 37 77 33 105 4114 2560 83 33 1370 383 53 31 36 33 46 79 53 42 46 30 2492 30230 46 1319 51 35 181 620 41 50 15716 44 246 243 5122 179 1155 56 60 60 44 526 37 302 114 54 417
leaf_count=87510 1812 722 1044 75093 1748 20988 38 82 74 33 6857 10619 67 175572 37 37 77 33 105 4114 2560 83 33 1370 383 53 31 36 33 46 79 53 42 46 30 2492 30230 46 1319 51 35 181 620 41 50 15716 44 246 243 5122 179 1155 56 60 60 44 526 37 302 114 54 417
internal_value=1.54889e-06 -0.00572198 0.0731027 -0.00835415 0.0621396 0.0138191 0.11293 0.102741 0.11872 0.0748734 0.0284239 0.0485693 -0.0108694 -0.00929446 0.103652 0.157703 0.152329 0.0828736 0.0779408 0.0701128 0.0778049 0.0872486 0.068293 0.0803579 0.0856915 0.169424 0.247271 0.156406 0.256297 0.351233 0.176467 0.199146 0.253209 0.141493 0.090473 0.0925301 -0.00206701 0.03852 0.131392 0.119078 0.158578 0.205139 0.159057 0.223496 0.307746 0.00866851 0.150171 0.141529 0.0312067 0.0300321 0.114775 0.111371 0.141406 0.102492 0.178658 0.169297 0.084253 0.153547 0.13914 0.0808962 0.10838 0.141353
internal_weight=450980 418234 32746 368586 25678 49648 7068 5758 3191 13247 12944 12431 263263 175753 1880 1310 1273 2567 238 11367 7253 4693 641 2534 4660 1035 148 887 115 82 117 132 95 772 4231 4148 105323 429 2550 1765 446 216 785 165 91 36704 726 682 12222 11979 230 1656 133 1164 120 436 559 383 346 181 1626 471
internal_count=450980 418234 32746 368586 25678 49648 7068 5758 3191 13247 12944 12431 263263 175753 1880 1310 1273 2567 238 11367 7253 4693 641 2534 4660 1035 148 887 115 82 117 132 95 772 4231 4148 105323 429 2550 1765 446 216 785 165 91 36704 726 682 12222 11979 230 1656 133 1164 120 436 559 383 346 181 1626 471
is_linear=0
shrinkage=0.03


Tree=31
num_leaves=63
num_cat=0
split_feature=12 13 12 13 13 11 12 5 5 0 32 36 22 12 36 15 14 22 43 8 6 26 26 5 9 43 5 9 33 5 5 6 20 43 14 26 43 45 6 14 6 26 28 33 7 14 29 38 8 20 8 5 22 14 16 13 43 28 7 17 26 6
split_gain=197288 24132.8 14967.5 7288.17 3154.09 2735.3 2610.18 2409.22 2017.9 2151.12 2740.1 1890.75 1842.19 2149.11 1719.79 1763.61 1704.89 1695.41 1588.39 1474.03 1355.89 1440.1 1334.68 1264.04 1262.87 1219.31 1211.06 1525.97 1210.6 1117.05 1834.38 1587.08 1515.75 1616.21 1321.59 1114.64 1108.61 1101.31 1085.39 1334.72 1069.1 1036.59 1026.23 1020.17 1014.46 1019.89 992.822 1144.2 986.481 1012.78 2648.91 969.233 1225.73 957.411 1304.2 1025.06 945.339 943.939 1070.41 932.648 914.151 1046.31
threshold=3.0892857313156132 6.669642686843873 0.94642856717109691 10.312500000000002 1.7533783912658694 4.7500000000000009 0.33928571641445165 1.0000000180025095e-35 1.0000000180025095e-35 247.50000000000003 2011.5000000000002 -0.87837970256805409 0.33928571641445165 15.517857074737551 -0.87837970256805409 15.354063034057619 9.7797164916992205 0.19642857462167743 3.053571462631226 3.5000000000000004 10.500000000000002 0.94639605283737194 1.0279641747474673 1.0000000180025095e-35 106.00000000000001 -5.0178570747375479 14.500000000000002 49.500000000000007 1.0000000180025095e-35 45.500000000000007 22.500000000000004 37.500000000000007 46.500000000000007 -2.196428537368774 11.482906341552736 0.99191412329673778 -3.9821428060531612 1.4624921679496767 35.500000000000007 6.5465357303619394 5.5000000000000009 0.94639605283737194 9.5000000000000018 1.0000000180025095e-35 3.5000000000000004 14.231085777282717 23.500000000000004 -0.68301269412040699 28.500000000000004 8.5000000000000018 7.5000000000000009 20.500000000000004 0.30357143282890325 9.1313157081604022 8.8444447517395037 7.5803573131561288 1.9821428656578066 3.5000000000000004 10.500000000000002 12.598823547363283 0.94639605283737194 7.5000000000000009
decision_type=2 2 2 2 2 2 2 2 2 2 2 2 2 2 2 2 2 2 2 2 2 2 2 2 8 2 2 8 2 2 2 2 2 2 2 2 2 2 2 2 2 2 2 2 2 2 2 2 2 2 2 2 2 2 2 2 2 2 2 2 2 2
left_child=2 5 6 7 18 -2 -1 17 22 19 12 60 14 -14 15 16 -11 48 -4 -10 21 42 25 41 36 -5 -23 -28 -27 30 31 34 33 -32 46 -22 -19 38 39 -12 -24 -13 53 -6 45 59 -16 -48 49 50 -3 52 -25 54 55 -9 -37 58 -21 -41 61 -7
right_child=1 3 4 8 43 11 -8 20 9 10 37 23 13 -15 29 -17 -18 24 -20 57 35 26 40 51 -26 28 27 -29 -30 -31 32 -33 -34 -35 -36 56 -38 -39 -40 44 -42 -43 -44 -45 -46 -47 47 -49 -50 -51 -52 -53 -54 -55 -56 -57 -58 -59 -60 -61 -62 -63
leaf_value=-0.012105540147757936 0.033306206525578905 0.34476778821414689 0.00037097990761063293 -0.085945351826566443 0.0090333442937391446 0.28899794604564244 -0.0065709510787922655 0.2031055682146643 0.06291637295093859 0.36751383824560935 0.20213003385899289 -0.045854165971828738 0.53528462471359983 0.17552135697581442 0.28730446205769655 0.45424157432278101 0.080780296889922457 -0.035615432835833752 0.077658158895272195 0.13219910797226678 0.1197324057006383 0.080141833520835967 0.05294678070472654 0.050927066442178558 0.16756045757791066 0.022488224590525348 0.044332457082076747 0.26034471796794584 0.2092032062976866 0.0018284043628423168 0.38194502407471886 0.33728306829434018 0.44428094449980166 0.12909468398198981 0.073681228519156969 0.10041238397405829 0.034496053270564438 -0.017587478828979316 0.27920111704227102 0.13571687112231262 0.21650759046062851 0.032653796936804681 0.09877913025561319 0.022253677148819342 0.067678011793439435 0.035622707882499438 0.25059378093793466 0.090281373074633534 0.21503249781675077 0.06156204509775097 -0.023188791045240152 0.013289005139194291 0.084185113099718475 0.055147790486686742 0.096692013162786083 0.42911602743670468 0.050925009858079212 0.11739871907341705 0.2903227531503762 0.3350894711066888 0.077161941467155604 0.096019740729187064
leaf_weight=168754 12696 39 73967 70 18431 40 140579 38 437 33 128 168 30 30 57 39 43 283 240 100 1488 6321 72 6612 51 156 1345 30 39 36 34 36 34 69 202 1004 717 52 39 48 72 1520 320 7348 360 37 60 121 44 924 32 511 1175 34 39 35 532 1506 63 38 1553 69
leaf_count=168754 12696 39 73967 70 18431 40 140579 38 437 33 128 168 30 30 57 39 43 283 240 100 1488 6321 72 6612 51 156 1345 30 39 36 34 36 34 69 202 1004 717 52 39 48 72 1520 320 7348 360 37 60 121 44 924 32 511 1175 34 39 35 532 1506 63 38 1553 69
internal_value=1.56363e-06 0.062197 -0.00632878 0.0892691 0.0037616 0.0429391 -0.00959031 0.0785301 0.124547 0.131662 0.158795 0.0534382 0.195909 0.356019 0.183288 0.290271 0.205622 0.0489585 0.000621066 0.111995 0.0840546 0.0776937 0.0613448 0.0485059 0.022088 0.0213711 0.0745904 0.0490651 0.059927 0.164287 0.173823 0.145918 0.270589 0.212864 0.130185 0.10122 0.0146514 0.115207 0.125834 0.115998 0.134831 0.0248371 0.128914 0.0128018 0.0931315 0.167502 0.178084 0.143541 0.0761332 0.0699684 0.179108 0.0533201 0.0559467 0.194839 0.237145 0.311926 0.0832776 0.12484 0.193464 0.224116 0.0830678 0.167051
internal_weight=450980 41661 409319 17317 99986 24344 309333 13276 4041 3632 1526 11648 824 60 764 115 76 2090 74207 2106 11186 8162 409 9986 1051 265 7696 1375 195 649 613 476 137 103 440 3024 1000 702 650 611 144 1688 466 25779 483 123 238 181 1039 995 71 8298 7787 146 112 73 1536 1669 163 86 1662 109
internal_count=450980 41661 409319 17317 99986 24344 309333 13276 4041 3632 1526 11648 824 60 764 115 76 2090 74207 2106 11186 8162 409 9986 1051 265 7696 1375 195 649 613 476 137 103 440 3024 1000 702 650 611 144 1688 466 25779 483 123 238 181 1039 995 71 8298 7787 146 112 73 1536 1669 163 86 1662 109
is_linear=0
shrinkage=0.03


Tree=32
num_leaves=63
num_cat=0
split_feature=12 11 13 13 23 13 13 5 36 5 23 6 26 5 17 36 45 36 43 18 10 20 6 11 9 8 21 10 29 12 23 43 5 12 13 12 9 11 43 12 22 9 43 11 12 33 26 26 21 32 5 11 20 5 15 17 45 33 29 23 17 40
split_gain=185876 21285.3 14783.7 5723.39 4580.66 3957.76 3601.06 1869.7 1814.96 1586.13 1637.31 1450.55 1366.27 1329.04 1402.92 1317.64 1600.61 1305.38 1741.69 1216.92 1090.67 1055 1368.67 1175.46 1254.86 1724.73 1251.44 1051.44 1067.46 1299.64 1046.39 1910.15 1040.8 1039.69 1010.99 997.827 981.427 1229.36 1761.16 1472.37 978.628 1060.48 1048.75 1170.44 1318.39 955.856 909.71 885.399 873.904 1515.44 858.478 857.576 1131.39 857.561 803.986 1257.22 794.589 950.334 2210.05 791.297 843.19 1255.1
threshold=4.1964285373687753 1.464285731315613 8.4553570747375506 0.60749301314353954 0.76000002026557933 12.901785850524904 6.2410714626312265 1.0000000180025095e-35 -0.87837970256805409 1.0000000180025095e-35 0.62999999523162853 11.500000000000002 0.94639605283737194 3.5000000000000004 9.7063293457031268 -0.87837970256805409 1.8611279726028445 1.0000000180025095e-35 -1.4107143282890318 2.5000000000000004 1.0000000180025095e-35 56.500000000000007 37.500000000000007 16.035714149475101 9.5000000000000018 29.500000000000004 62.500000000000007 13.071428775787355 7.5000000000000009 14.267857074737551 0.55500000715255748 -2.7678571939468379 1.0000000180025095e-35 2.1964285373687749 0.17902930825948718 2.1607142686843877 2.5000000000000004 14.535714149475099 2.6964285373687749 12.196428775787355 0.33928571641445165 1.0000000180025095e-35 -0.98214286565780629 5.6785714626312265 6.9821429252624521 1.0000000180025095e-35 0.94639605283737194 0.94639605283737194 28.500000000000004 2013.5000000000002 15.500000000000002 10.535714149475099 33.500000000000007 1.0000000180025095e-35 12.51548480987549 14.329426765441896 0.77207821607589733 1.0000000180025095e-35 9.5000000000000018 0.71000000834465038 12.598823547363283 1.0000000180025095e-35
decision_type=2 2 2 2 2 2 2 2 2 2 2 2 2 2 2 2 2 2 2 2 2 2 2 2 10 2 2 2 2 2 2 2 2 2 2 2 10 2 2 2 2 10 2 2 2 2 2 2 2 2 2 2 2 2 2 2 2 2 2 2 2 2
left_child=1 3 6 34 9 7 8 30 46 -3 12 40 33 14 -13 -7 21 36 -19 53 -5 22 23 24 -17 26 27 28 -26 -30 56 -32 51 -11 -1 -6 -15 38 39 48 42 -42 43 -9 -45 -22 -2 -44 49 -38 59 -8 -53 -10 55 -25 -4 -58 -59 60 -34 -62
right_child=2 4 5 20 35 15 32 11 19 10 -12 13 -14 17 -16 16 -18 18 -20 -21 45 -23 -24 54 25 -27 -28 -29 29 -31 31 -33 50 -35 -36 -37 37 -39 -40 -41 41 -43 47 44 -46 -47 -48 -49 -50 -51 -52 52 -54 -55 -56 -57 57 58 -60 -61 61 -63
leaf_value=-0.01293355244920385 0.15452187031584502 0.013756747527282048 0.18383755044402361 -0.015668346994674353 0.0043903094336993301 0.21612004235826263 0.043303823491202292 0.016656692308976873 0.022284528971660316 0.28716535189844206 0.02743827481558582 0.14026413649639707 0.05169929319377245 0.098626076858077866 0.023468762653896271 0.072605486282668913 0.31929996487106721 0.22811096087079286 0.076895121989421958 0.076026479373462755 -0.0037467300457172939 0.059655512608979645 0.30190295199603417 0.17634118605572452 0.085524173519390248 0.32104337778061054 0.0087179977587565852 0.089674312722096999 0.32340877850290761 0.093363368537073346 0.25613364168292474 0.058515439022790473 0.080541096175909321 0.096904486528360895 -0.0090035752015558829 0.014687576112987998 0.39192318289951789 0.30742451787215286 0.077305789397439761 0.34282478068729527 0.27405935632643724 0.079202489850426896 0.14834013968684234 0.30017357913620557 0.10610496981928294 0.0022708846367779961 0.067845762335744311 0.0695493562099571 0.14841348202557703 0.16071712504317867 0.050348829253030872 0.28951269705232191 0.047110783874879783 0.043211324070575811 0.14799150457615937 0.40734015571026638 0.011784297698073841 0.29745481126873957 0.037736572894389885 0.057160542953347687 0.10503480596498189 0.32847863836195379
leaf_weight=99472 116 4385 32 5520 27982 211 1593 131 2238 37 5730 154 2272 230 232 353 41 79 517 853 82788 171 45 60 46 47 65 124 78 31 60 165 6057 86 144499 12146 40 54 179 49 53 48 136 32 1825 33317 1804 2296 378 71 1218 30 41 8305 164 33 553 37 144 1405 92 30
leaf_count=99472 116 4385 32 5520 27982 211 1593 131 2238 37 5730 154 2272 230 232 353 41 79 517 853 82788 171 45 60 46 47 65 124 78 31 60 165 6057 86 144499 12146 40 54 179 49 53 48 136 32 1825 33317 1804 2296 378 71 1218 30 41 8305 164 33 553 37 144 1405 92 30
internal_value=1.57924e-06 -0.00538762 0.0688326 -0.00795565 0.0124485 0.101666 0.0564566 0.0928375 0.0461061 0.0282986 0.0361462 0.098687 0.0569773 0.120087 0.070094 0.146698 0.135036 0.132165 0.0969763 0.041559 -0.00263939 0.128802 0.140098 0.132793 0.113651 0.150676 0.127308 0.154918 0.207012 0.258142 0.054439 0.111311 0.0696249 0.154336 -0.0106059 0.00750717 0.153103 0.169337 0.158893 0.186016 0.0892977 0.181639 0.0871833 0.103352 0.109466 -0.00201993 0.073091 0.073962 0.170234 0.244326 0.0737391 0.0478582 0.149818 0.0387695 0.188135 0.258674 0.0377196 0.0313231 0.0909714 0.0774946 0.082117 0.160216
internal_weight=450980 418234 32746 365596 52638 8964 23782 7495 13316 12510 8125 6504 2395 1983 386 1469 1258 1597 596 11396 121625 1217 1046 1001 744 391 344 279 155 109 991 225 10466 123 243971 40128 1001 771 717 538 4521 101 4420 1988 1857 116105 1920 2432 489 111 8802 1664 71 10543 257 93 766 734 181 7584 6179 122
internal_count=450980 418234 32746 365596 52638 8964 23782 7495 13316 12510 8125 6504 2395 1983 386 1469 1258 1597 596 11396 121625 1217 1046 1001 744 391 344 279 155 109 991 225 10466 123 243971 40128 1001 771 717 538 4521 101 4420 1988 1857 116105 1920 2432 489 111 8802 1664 71 10543 257 93 766 734 181 7584 6179 122
is_linear=0
shrinkage=0.03


Tree=33
num_leaves=63
num_cat=0
split_feature=13 12 13 12 11 12 11 11 18 5 23 45 42 42 9 9 42 5 8 37 29 44 13 14 14 11 30 45 42 5 13 43 42 8 12 17 8 15 7 17 42 44 8 13 23 5 26 7 6 11 42 12 20 28 5 5 33 28 23 44 5 20
split_gain=175073 17032.4 16460.3 4491.97 4230.43 3763.5 3155.99 2453.8 2711.46 2375.94 1737.47 1784.59 1554.19 1898.05 1764.88 2290.01 2355.13 1536.01 1447.98 1413.44 1541.91 1372.99 1331.92 1284.34 1256.3 1251.24 1228.56 1209.39 1169.51 1246.66 1260.48 1282.55 1072.76 1189.72 1169.62 1061.14 2826.83 1061.05 1055.09 1054.04 1238.92 995.933 992.894 986.049 984.107 1182.95 2000.3 855.172 911.38 843.812 862.721 1504.39 912.872 1165.2 1213.91 1300.57 843.436 833.861 830.279 1998.66 820.186 882.388
threshold=3.8125000000000004 1.0892856717109682 8.4553570747375506 6.0535714626312265 2.5357142686843877 12.339285373687746 0.46428571641445165 15.250000000000002 1.0000000180025095e-35 1.0000000180025095e-35 0.55500000715255748 2.1506221294403081 265.50000000000006 184.50000000000003 11.500000000000002 16.500000000000004 77.500000000000014 1.0000000180025095e-35 3.5000000000000004 1.0000000180025095e-35 35.500000000000007 0.47058790922164923 1.7533783912658694 15.723047256469728 7.8148198127746591 9.1785717010498065 11.500000000000002 0.78041836619377147 1715.5000000000002 35.500000000000007 12.901785850524904 -1.5178571343421934 1815.5000000000002 15.500000000000002 10.946428775787355 12.598823547363283 2.5000000000000004 10.044406890869142 20.500000000000004 11.434213161468508 512.50000000000011 3.9999881982803349 5.5000000000000009 7.5803573131561288 0.62999999523162853 1.0000000180025095e-35 0.95645162463188182 18.500000000000004 13.500000000000002 5.6785714626312265 133.50000000000003 8.8750000000000018 22.500000000000004 7.5000000000000009 6.5000000000000009 8.5000000000000018 1.0000000180025095e-35 30.500000000000004 0.55500000715255748 0.52173864841461193 10.500000000000002 42.500000000000007
decision_type=2 2 2 2 2 2 2 2 2 2 2 2 2 2 10 10 2 2 2 2 2 2 2 2 2 2 2 2 2 2 2 2 2 2 2 2 2 2 2 2 2 2 2 2 2 2 2 2 2 2 2 2 2 2 2 2 2 2 2 2 2 2
left_child=1 6 3 9 22 7 -1 17 -9 21 11 -11 13 14 60 -16 -17 27 -19 20 -15 -2 -3 26 25 35 -14 -4 29 30 49 -32 33 34 -30 -5 -37 -28 -18 -26 43 56 -34 -41 45 -6 -47 48 -22 -20 51 -51 53 54 -52 -56 -8 -55 -29 -60 -7 -62
right_child=2 4 5 24 44 12 41 8 -10 10 -12 -13 23 19 15 16 38 18 28 -21 47 -23 -24 -25 39 -27 37 58 32 -31 31 -33 42 -35 -36 36 -38 -39 -40 40 -42 -43 -44 -45 -46 46 -48 -49 -50 50 52 -53 -54 57 55 -57 -58 -59 59 -61 61 -63
leaf_value=-0.010804521031376399 -0.010417454593089192 0.0011562205360244706 0.20500335669841893 0.068107712006547527 0.012540767800536564 0.042748949777179024 -0.0064520657303830655 0.075021206019868295 0.45681624711827101 0.06493203926106636 0.041511004629508817 0.23736994726228411 0.11367731391067964 0.41872274139074578 0.39627490948657601 0.37042238158112928 0.009150634481397751 0.069323119627780441 0.02928679994517315 0.15378867712176408 0.18248209273721286 0.031146206993795625 0.0104213324784415 0.054701692730200001 0.049465628574640153 0.11033228646722257 0.35215347033280592 0.029125279155262751 0.099881803059645446 -0.00015793534049150944 0.10862729228541329 0.31890664386141832 0.22831388022125199 0.35871241209094695 0.28485880361029609 0.39139876500468385 0.0015477465742673628 0.16518704672993223 0.21738147956745646 0.21799766587359562 0.23330631409358663 0.048203188480149144 0.05789081137539602 0.020908167400288658 0.018544728729965276 0.14858778782243109 0.04323995520739022 0.10059620918626459 0.40062868713218469 0.29226728191474172 0.090908872450841463 0.11505530153033974 0.081474453315606543 0.096452783171871712 0.37332532687971209 0.17383914993735713 -0.00091214537921744114 0.25384858997125426 0.3237147773935945 0.058055122687048287 0.20379849131147956 0.055529052388460245
leaf_weight=209786 962 51382 44 6431 843 160 86387 33 34 2803 9298 55 670 55 44 32 69 1746 158 121 38 2788 19176 256 3910 748 35 717 86 115 59 47 41 37 48 32 35 126 32 30 61 319 123 95 10840 188 1181 35 32 55 118 200 1797 1252 37 145 34657 31 30 167 85 63
leaf_count=209786 962 51382 44 6431 843 160 86387 33 34 2803 9298 55 670 55 44 32 69 1746 158 121 38 2788 19176 256 3910 748 35 717 86 115 59 47 41 37 48 32 35 126 32 30 61 319 123 95 10840 188 1181 35 32 55 118 200 1797 1252 37 145 34657 31 30 167 85 63
internal_value=1.59234e-06 -0.00552216 0.0632528 0.0516469 0.00657668 0.0984949 -0.00857694 0.0885801 0.269182 0.0413604 0.0478004 0.0682592 0.136584 0.16933 0.133327 0.208814 0.146535 0.0868604 0.0924116 0.231395 0.289943 0.0204833 0.00367429 0.113494 0.0660721 0.0735802 0.131595 0.051535 0.101679 0.0971785 0.10005 0.202091 0.155553 0.20814 0.166316 0.0693478 0.188073 0.206035 0.0752894 0.0527881 0.122558 -0.00472636 0.100619 0.0683581 0.0222665 0.0405028 0.0577179 0.222138 0.282657 0.0971924 0.100143 0.153383 0.0961212 0.112741 0.165991 0.214585 -0.0048659 0.100276 0.0441238 0.0986622 0.0898872 0.140774
internal_weight=450980 414759 36221 27248 83610 8973 331149 7120 67 15906 12156 2858 1853 766 485 177 133 7053 6095 281 160 3750 70558 1087 11342 7246 831 958 4349 4014 3899 106 335 171 134 6498 67 161 101 4096 186 121363 164 125 13052 2212 1369 105 70 3793 3635 255 3380 1583 300 182 121044 1283 914 197 308 148
internal_count=450980 414759 36221 27248 83610 8973 331149 7120 67 15906 12156 2858 1853 766 485 177 133 7053 6095 281 160 3750 70558 1087 11342 7246 831 958 4349 4014 3899 106 335 171 134 6498 67 161 101 4096 186 121363 164 125 13052 2212 1369 105 70 3793 3635 255 3380 1583 300 182 121044 1283 914 197 308 148
is_linear=0
shrinkage=0.03


Tree=34
num_leaves=63
num_cat=0
split_feature=13 12 12 13 13 12 5 7 44 28 23 37 36 26 43 26 21 5 9 5 13 43 41 29 26 42 5 5 5 9 27 42 44 17 12 23 14 10 42 42 36 0 27 43 0 7 27 10 29 26 18 30 42 43 15 27 21 15 39 18 15 14
split_gain=164814 17595.2 14200.1 6695.61 2987.4 2914.72 2715.94 2228.68 2884.68 2859.01 1883.24 1848.52 1610.89 1572.19 1616.77 1767.49 1542.53 1541.96 1484.43 1372.91 1429.4 1240.46 1093.46 1424.86 1190.95 1279.41 1148.19 1254.99 1081 1217.62 1035.67 985.691 1289.64 1651.76 3009.32 1985.18 982.748 978.649 975.998 1618.86 969.007 960.688 933.376 1248.14 918.886 1449.63 919.326 917.607 1057.27 912.212 1273.64 956.789 912.044 910.275 898.683 866.708 866.5 1093.72 929.74 872.446 851.021 844.088
threshold=3.4707791805267338 6.2678570747375497 1.0892856717109682 9.8482141494750994 0.4301948100328446 2.1607142686843877 1.0000000180025095e-35 12.500000000000002 0.33333276212215429 3.5000000000000004 0.55500000715255748 1.0000000180025095e-35 -0.87837970256805409 1.0412486195564272 -3.1607142686843868 1.0676075220108034 55.500000000000007 1.0000000180025095e-35 7.5000000000000009 36.500000000000007 11.562500000000002 -5.0178570747375479 1.0000000180025095e-35 46.500000000000007 1.0021098852157595 315.50000000000006 23.500000000000004 3.5000000000000004 2.5000000000000004 8.5000000000000018 3.5000000000000004 1517.5000000000002 0.47058790922164923 11.434213161468508 9.3035712242126483 0.57499998807907116 16.236347198486332 1.3571428656578066 965.50000000000011 986.50000000000011 1.0000000180025095e-35 14.500000000000002 3.5000000000000004 6.0892858505249032 269.50000000000006 24.500000000000004 3.5000000000000004 17.071428298950199 21.500000000000004 1.0274322628974917 1.0000000180025095e-35 9.5000000000000018 1815.5000000000002 3.303571462631226 9.0452160835266131 4.5000000000000009 44.500000000000007 14.361502170562746 0.25000000000000011 3.5000000000000004 5.4037532806396493 9.1313157081604022
decision_type=2 2 2 2 2 2 2 2 2 2 2 2 2 2 2 2 2 2 10 2 2 2 2 2 2 2 2 2 2 10 2 2 2 2 2 2 2 2 2 2 2 2 2 2 2 2 2 2 2 2 2 2 2 2 2 2 2 2 2 2 2 2
left_child=2 6 4 12 -1 40 37 17 -9 11 -8 16 31 28 18 44 -10 21 -15 20 60 -5 26 24 25 -24 27 38 -11 36 -12 32 -3 -34 35 -35 -30 -2 49 -40 53 -32 -7 -44 45 46 -16 48 -29 50 51 -14 -22 -4 -52 -6 -31 58 -58 -60 -19 -17
right_child=1 3 5 7 55 42 10 8 9 13 30 -13 22 14 15 61 -18 19 -20 -21 52 -23 23 -25 -26 -27 -28 47 29 56 41 -33 33 34 -36 -37 -38 -39 39 -41 -42 -43 43 -45 -46 -47 -48 -49 -50 -51 54 -53 -54 -55 -56 -57 57 -59 59 -61 -62 -63
leaf_value=-0.010675679529851921 -0.0087840903316151828 -0.0024877809848319094 0.0057130831607051739 -0.086526188308985841 -0.006398700881320247 0.010633269844049231 0.064865676336861258 0.41001845506191947 0.23671096727664023 0.039518629550430277 0.031804206553655276 0.1163493619791142 -0.0098011739778444545 0.17510632469404466 0.1507844151614674 0.18818108625338573 0.47610193674826562 0.1838396533882575 0.42150111722214445 0.018310168235148385 0.14290493700692633 0.061446721538223011 0.27088682113097751 -0.062216282363052024 0.013295015505009427 0.068596567368226266 0.030880806524502345 0.061420453616697089 0.093530436161673558 0.11170370375512087 0.10212884311675176 0.052978409911494571 0.10215750503523309 0.49578105467670369 0.040297853619217158 0.17504017440574043 -0.054168560732230378 0.0260112881096402 0.2872158292712122 0.068914148569585193 -0.0015034512619195764 0.046600663672805978 0.023874261531033815 0.18396861617548427 0.33781138323928506 0.030878726896908695 0.35219587164105104 0.23857897515608881 0.087007129471323288 0.063876995859068086 0.048524443087697947 0.098121484930119351 0.036157732908918064 0.098649787165941402 0.17327046802653909 -0.0010703014497142188 0.32614142016343506 0.1035543319448629 0.25369225981049315 0.047622221384401107 0.085316405413298435 0.016349061693921758
leaf_weight=196657 900 95 36542 61 95976 9677 3470 34 65 210 6555 59 670 51 46 34 39 83 39 166 961 308 30 119 451 437 715 2288 403 283 298 420 1376 37 50 33 45 3793 31 1860 27411 4763 7257 44 36 46 37 32 3994 967 276 83 78 95 64 38494 64 82 46 31 1608 105
leaf_count=196657 900 95 36542 61 95976 9677 3470 34 65 210 6555 59 670 51 46 34 39 83 39 166 961 308 30 119 451 437 715 2288 403 283 298 420 1376 37 50 33 45 3793 31 1860 27411 4763 7257 44 36 46 37 32 3994 967 276 83 78 95 64 38494 64 82 46 31 1608 105
internal_value=1.61063e-06 0.0590898 -0.00556482 0.0796691 -0.00831938 0.00569215 0.0392707 0.109403 0.136675 0.13125 0.0454712 0.250795 0.0690278 0.118727 0.170542 0.137385 0.326868 0.0947403 0.282243 0.1021 0.107193 0.0369642 0.0648674 0.0354124 0.048075 0.0816501 0.0676487 0.0702093 0.101174 0.114739 0.0396769 0.0938836 0.104677 0.111483 0.218228 0.345061 0.0786825 0.019338 0.056944 0.0725087 0.00276259 0.0498725 0.0167435 0.0248418 0.203759 0.166105 0.240904 0.0785088 0.0776894 0.0426527 0.0238696 0.00210414 0.134897 0.00595438 0.0720545 -0.00487338 0.146637 0.190893 0.241566 0.170918 0.0901637 0.0584958
internal_weight=450980 38827 412153 19048 331127 81026 19779 5020 1755 1721 15086 163 14028 1558 394 304 104 3265 90 2896 2730 369 12017 1037 918 467 10980 10265 1164 954 11616 2011 1591 1496 120 70 448 4693 3951 1891 64048 5061 16978 7301 165 129 83 6314 6282 2060 1093 753 1039 36637 340 134470 506 223 141 77 1691 139
internal_count=450980 38827 412153 19048 331127 81026 19779 5020 1755 1721 15086 163 14028 1558 394 304 104 3265 90 2896 2730 369 12017 1037 918 467 10980 10265 1164 954 11616 2011 1591 1496 120 70 448 4693 3951 1891 64048 5061 16978 7301 165 129 83 6314 6282 2060 1093 753 1039 36637 340 134470 506 223 141 77 1691 139
is_linear=0
shrinkage=0.03


Tree=35
num_leaves=63
num_cat=0
split_feature=13 13 13 13 13 5 13 0 13 5 22 10 5 22 36 42 22 28 43 29 9 8 21 11 16 11 28 44 21 22 36 17 42 26 22 36 26 22 42 36 8 27 8 8 36 17 30 8 10 6 6 16 39 6 27 11 18 27 8 10 42 43
split_gain=155085 14836.3 14654.4 4425.32 3363.85 3062.93 3045.37 2207.5 1899.64 1690.97 1609.3 1492.54 1436.74 1993.43 1309.63 1626.77 1272.93 1224.81 1624.88 1573.27 1886.54 1524.03 2348.73 1315.83 1307.43 1743.34 1132.72 1593.63 1203.67 1603.53 1052.49 1047.8 1032.84 1129.89 1024.24 996.873 975.966 969.865 968.256 957.275 1034.02 932.574 902.791 892.494 879.667 1179.59 868.957 867.686 1463.08 886.106 855.142 1424.85 1179 1146.03 1208.76 811.715 809.491 798.6 792.191 785.073 773.143 771.389
threshold=3.8125000000000004 1.107625484466553 7.5803573131561288 11.562500000000002 2.2910053730010991 1.0000000180025095e-35 0.44661854207515722 13.500000000000002 5.3125000000000009 1.0000000180025095e-35 0.19642857462167743 2.7857142686843877 1.0000000180025095e-35 0.33928571641445165 -0.87837970256805409 101.50000000000001 0.37500000000000006 3.5000000000000004 -2.4107142686843868 16.500000000000004 26.500000000000004 31.500000000000004 67.500000000000014 15.678571701049806 14.150246620178224 10.750000000000002 7.5000000000000009 0.88888826966285717 50.500000000000007 0.12500000372529033 -0.87837970256805409 5.4031615257263192 133.50000000000003 1.0362609624862673 0.19642857462167743 1.0000000180025095e-35 0.95247474312782299 0.30357143282890325 247.50000000000003 0.87837970256805431 22.500000000000004 4.5000000000000009 23.500000000000004 2.5000000000000004 0.6078576147556306 14.329426765441896 10.500000000000002 6.5000000000000009 2.928571462631226 42.500000000000007 13.500000000000002 12.775431156158449 0.68301269412040722 15.500000000000002 3.5000000000000004 5.4642856121063241 2.5000000000000004 4.5000000000000009 19.500000000000004 6.0714285373687753 487.50000000000006 1.0178571343421938
decision_type=2 2 2 2 2 2 2 2 2 2 2 2 2 2 2 2 2 2 2 2 10 2 2 2 2 2 2 2 2 2 2 2 2 2 2 2 2 2 2 2 2 2 2 2 2 2 2 2 2 2 2 2 2 2 2 2 2 2 2 2 2 2
left_child=1 6 5 9 41 16 61 -7 -9 10 32 57 43 17 15 -11 -2 -14 19 44 21 22 24 34 25 -21 27 28 39 -30 31 -10 -4 42 -20 55 -13 -32 59 40 -16 -3 -34 -5 45 -19 -27 48 -28 -50 -49 52 53 54 -52 -6 -57 -8 -39 -33 -60 -1
right_child=2 4 3 12 35 7 11 8 30 14 -12 36 13 -15 26 -17 -18 18 23 20 -22 -23 -24 -25 -26 46 47 -29 29 -31 37 38 33 -35 -36 -37 -38 58 -40 -41 -42 -43 -44 -45 -46 -47 -48 50 49 -51 51 -53 -54 -55 -56 56 -58 -59 60 -61 -62 -63
leaf_value=-0.010367627384323178 0.034051091814964046 0.0010532394310768687 -0.049326816053550604 0.17733359013595718 0.023611030237084552 0.11858009637811434 -0.0060944725788525857 0.039110915945756046 0.03690405091347479 0.27175709150717792 0.012904867251484273 0.19547920447100151 0.19898845515476152 0.32001701590543735 0.12142243295744268 0.10356116084995282 -3.6041616566707977e-05 0.076386777911611317 0.091171184783299372 0.41513039739110313 0.036342642613802323 0.41775537836262483 0.059382731985757282 0.14904581924593979 0.44406376264919739 0.079868122681889545 0.23236761578491755 0.078317822745734761 0.37551706393176332 0.12601146170136568 0.051089591667172141 0.26555236541492694 0.058871893608941669 0.17456843770828739 -0.02423100817375835 0.010100718097688113 0.037777415600147891 0.076490737564255354 0.087197242828512489 0.026234775340289646 0.26697147648803843 0.0090980174273479365 0.18193737895355611 0.021951404600816408 -0.025693333631739763 0.28067462679667349 0.26734870832823121 0.07496976767667432 0.05616202502680049 0.17982486200818823 0.17033717575790311 -0.021425286416270305 0.055834570562377159 0.12938943386885543 0.40213985468581359 0.057436828058691172 0.2217270659933801 -0.00096291210890170494 0.29338097966368937 0.10993092405836025 0.079465146607338777 0.032636070192490152
leaf_weight=201062 3510 45090 55 41 8861 427 95388 8438 340 54 657 39 197 50 364 1223 1371 93 769 33 49 37 66 364 32 52 44 1114 42 52 7665 52 587 109 76 6841 367 828 930 81 50 18205 59 175 42 35 39 2198 3022 53 59 62 143 323 31 264 30 38236 31 67 30 376
leaf_count=201062 3510 45090 55 41 8861 427 95388 8438 340 54 657 39 197 50 364 1223 1371 93 769 33 49 37 66 364 32 52 44 1114 42 52 7665 52 587 109 76 6841 367 828 930 81 50 18205 59 175 42 35 39 2198 3022 53 59 62 143 323 31 264 30 38236 31 67 30 376
internal_value=1.61395e-06 -0.00519727 0.0595328 0.0857685 0.0064735 0.0456532 -0.00795577 0.0511487 0.0495816 0.0776539 0.0477994 -0.00445158 0.124946 0.133143 0.0825659 0.110695 0.0244764 0.128166 0.119883 0.166723 0.207163 0.239449 0.209549 0.101351 0.272993 0.228512 0.0778613 0.0994355 0.139354 0.237789 0.0584667 0.0826934 0.0760958 0.0852398 0.0807884 0.018765 0.0529742 0.0545317 0.0975282 0.120614 0.139065 0.00336712 0.0701404 0.0515206 0.0933662 0.132434 0.160439 0.0716689 0.0607632 0.0582997 0.083745 0.114935 0.130145 0.155851 0.250555 0.025239 0.0742759 -0.00462611 0.0841987 0.178112 0.188503 -0.0102873
internal_weight=450980 414759 36221 12532 79291 23689 335468 18808 18381 10382 1467 134030 2150 1934 8915 1277 4881 1884 1687 478 308 259 222 1209 156 124 7638 1703 589 94 9943 1389 810 755 845 15996 406 8554 1049 495 414 63295 646 216 170 128 91 5935 3119 3075 2816 618 556 413 90 9155 294 133624 889 119 61 201438
internal_count=450980 414759 36221 12532 79291 23689 335468 18808 18381 10382 1467 134030 2150 1934 8915 1277 4881 1884 1687 478 308 259 222 1209 156 124 7638 1703 589 94 9943 1389 810 755 845 15996 406 8554 1049 495 414 63295 646 216 170 128 91 5935 3119 3075 2816 618 556 413 90 9155 294 133624 889 119 61 201438
is_linear=0
shrinkage=0.03


Tree=36
num_leaves=63
num_cat=0
split_feature=12 11 13 13 13 23 13 36 5 23 5 28 14 17 36 23 36 45 26 5 45 9 10 27 16 45 16 23 12 5 26 45 10 5 5 27 28 9 26 44 15 28 28 43 32 45 26 45 45 11 45 13 23 26 17 28 29 23 9 20 28 11
split_gain=146098 16891.3 11724.1 4573.67 3811.4 3785.36 2360.49 1648.44 1349.09 1392.05 1314.74 1314.58 1302.06 1538 1296.9 1954.48 1189.66 1463.3 1186.69 1109.5 1038.75 1179.61 1009.88 978.972 1304.68 978.371 949.01 1438.23 944.239 928.896 924.284 1292.47 1670.2 923.355 919.019 875.881 862.466 2926.69 844.006 837.184 1738.81 1410.3 800.117 779.051 1486.62 863.489 859.71 999.808 1084.89 775.216 1406.15 769.626 768.437 913.562 755.13 747.359 1749.42 745.084 739.117 1145.36 916.144 903.105
threshold=4.1964285373687753 1.464285731315613 9.2232141494750994 0.62622550129890453 6.2410714626312265 0.76000002026557933 12.901785850524904 -0.87837970256805409 1.0000000180025095e-35 0.62999999523162853 3.5000000000000004 3.5000000000000004 8.2447671890258807 8.3412408828735369 1.0000000180025095e-35 0.43999999761581426 -0.87837970256805409 1.8611279726028445 0.94639605283737194 15.500000000000002 1.1546987891197207 35.500000000000007 1.0000000180025095e-35 3.5000000000000004 7.7640469074249276 0.88026857376098644 0.3671564012765885 0.62999999523162853 2.1964285373687749 1.5000000000000002 0.96503895521163952 1.3198090195655825 6.6428573131561288 1.0000000180025095e-35 1.0000000180025095e-35 4.5000000000000009 25.500000000000004 11.500000000000002 0.94982609152793895 1.1497489213943484 16.73582744598389 13.500000000000002 23.500000000000004 -1.2321428656578062 2014.5000000000002 0.74472963809967052 1.0268922448158266 1.0689139962196352 1.2659739851951601 5.1785714626312265 1.7638289332389834 1.3763889074325564 0.52000001072883617 0.94345536828041088 11.434213161468508 3.5000000000000004 35.500000000000007 0.48999999463558203 8.5000000000000018 24.500000000000004 29.500000000000004 8.5357141494750994
decision_type=2 2 2 2 2 2 2 2 2 2 2 2 2 2 2 2 2 2 2 2 2 10 2 2 2 2 2 2 2 2 2 2 2 2 2 2 2 10 2 2 2 2 2 2 2 2 2 2 2 2 2 2 2 2 2 2 2 2 10 2 2 2
left_child=1 3 4 26 7 8 14 38 -3 18 20 12 13 -12 15 -4 39 25 28 23 54 -22 -5 24 52 55 -1 33 -10 -9 -15 32 -32 -28 -17 -7 -27 -38 -2 40 41 -8 -25 44 46 -45 57 -48 -49 -26 -51 -24 53 -13 -6 56 -18 -16 60 61 -36 -60
right_child=2 5 6 22 10 35 16 29 9 -11 11 19 -14 30 43 34 17 -19 -20 -21 21 -23 51 42 49 36 27 -29 -30 -31 31 -33 -34 -35 58 -37 37 -39 -40 -41 -42 -43 -44 45 -46 -47 47 48 -50 50 -52 -53 -54 -55 -56 -57 -58 -59 59 -61 -62 -63
leaf_value=-0.012019542591201422 0.14215221653420007 0.01210991318456379 0.28409682173551642 -0.014984600004160353 0.061625043745127082 0.0038188034695614131 0.30500043163959945 0.022854835677990973 0.26928043447575473 0.024729411068461906 0.1019204675118877 0.20703829380995628 0.052142340481596709 0.1164376346029859 0.073865683754291395 0.04970355646573605 0.40216275879017932 0.29529539138731292 0.047047431047226071 0.043436522081225316 0.032107478815956596 0.19848164755365119 -0.0023969268575790704 0.097289236585931679 0.011423226636588124 0.067575191655527819 0.01554844077866444 -0.0081631139472489699 0.087976431572998032 0.041822073087265911 0.50403294646854946 0.10437962514023448 0.20650326216314718 0.15369139996240699 0.082677098992692141 0.013632119730469754 0.012155791463550433 0.3122546397564499 0.061224116283643978 0.091382866987454445 0.42407896626932018 0.098994583540056122 0.058313318040022995 0.11234610517763259 0.17071031655771748 0.046045923808403881 0.051900814977453275 0.29447008459431345 0.10032448758459336 0.086161495057040821 0.27885091596179534 0.0060148689061912727 0.026930660117042315 0.058980385405144012 0.20374599386869635 0.12854613850287172 0.080674269873996257 -0.010861719729383051 0.098781071544988414 0.093652753668617555 0.19477876998333182 0.18175817263835478
leaf_weight=81782 124 4385 51 5301 2711 28671 49 3253 37 5730 378 39 255 56 319 330 30 41 2272 1429 2033 39 101400 1837 119 476 97 166102 86 8143 31 30 38 79 1333 11457 60 57 1796 52 33 77 640 208 174 1180 92 47 58 1215 35 10835 942 938 34 563 31 132 180 643 69 346
leaf_count=81782 124 4385 51 5301 2711 28671 49 3253 37 5730 378 39 255 56 319 330 30 41 2272 1429 2033 39 101400 1837 119 476 97 166102 86 8143 31 30 38 79 1333 11457 60 57 1796 52 33 77 640 208 174 1180 92 47 58 1215 35 10835 942 938 34 563 31 132 180 643 69 346
internal_value=1.6219e-06 -0.00477624 0.0610247 -0.00706391 0.0519788 0.0111127 0.0966487 0.0407417 0.0255212 0.0327587 0.0636693 0.07114 0.107933 0.134608 0.0870957 0.10011 0.130208 0.11913 0.0519663 0.0671081 0.0512886 0.0352492 -0.00218921 0.0729746 0.0622386 0.11317 -0.00937364 -0.00807226 0.142702 0.0364082 0.214195 0.269304 0.340734 0.0776164 0.0968652 0.00662068 0.0855435 0.158512 0.0664586 0.196166 0.230346 0.179298 0.0872221 0.0697074 0.0928589 0.0559899 0.071929 0.124208 0.18744 0.0846147 0.0915799 -0.00158485 0.0462712 0.0649127 0.0633933 0.139403 0.239207 0.0490672 0.102916 0.120544 0.0882088 0.15339
internal_weight=450980 418234 32746 365596 26115 52638 6631 13316 12510 8125 12799 7982 788 533 5162 2952 1469 1258 2395 7194 4817 2072 117536 5765 3288 1217 248060 166278 123 11396 155 99 69 176 2901 40128 593 117 1920 211 159 126 2477 2210 822 1388 648 197 105 1369 1250 112235 1919 977 2745 624 61 451 2571 1169 1402 526
internal_count=450980 418234 32746 365596 26115 52638 6631 13316 12510 8125 12799 7982 788 533 5162 2952 1469 1258 2395 7194 4817 2072 117536 5765 3288 1217 248060 166278 123 11396 155 99 69 176 2901 40128 593 117 1920 211 159 126 2477 2210 822 1388 648 197 105 1369 1250 112235 1919 977 2745 624 61 451 2571 1169 1402 526
is_linear=0
shrinkage=0.03


Tree=37
num_leaves=63
num_cat=0
split_feature=11 13 12 13 13 11 36 5 13 7 28 43 36 42 26 5 17 26 21 5 22 6 38 28 43 29 9 8 21 20 26 11 7 8 42 22 44 8 42 44 22 42 42 26 42 7 5 36 44 7 26 44 36 17 9 6 6 6 42 44 20 17
split_gain=137593 14771.6 12534.5 4903.48 3533.08 2557.19 2116.94 1639.5 1586.58 1497.22 1451.85 1491.29 1430.06 2182.95 1692.46 1403.29 1711.95 1353.85 1322.99 1271.3 1822.73 1192.18 2086.09 1124.47 1511.47 1488.2 1784.61 1421.95 2176.99 1378.43 4198.87 1231.94 1167.16 1111.39 1066.04 1512.87 1435.45 1018.65 1197.51 1013.38 948.421 924.168 1273.75 920.735 1366.14 1275.29 985.034 893.008 877.933 862.605 845.903 834.675 827.417 1108.74 824.299 935.879 799.862 981.736 799.281 863.731 798.299 1110.26
threshold=3.4642857313156132 6.669642686843873 1.0892856717109682 11.562500000000002 2.2910053730010991 0.46428571641445165 -0.87837970256805409 1.0000000180025095e-35 5.3839285373687753 2.5000000000000004 3.5000000000000004 -3.1607142686843868 -0.87837970256805409 229.50000000000003 0.99237549304962169 1.0000000180025095e-35 4.5672285556793222 0.94982609152793895 36.500000000000007 1.0000000180025095e-35 0.33928571641445165 19.500000000000004 -0.25000000000000006 3.5000000000000004 -2.4107142686843868 16.500000000000004 26.500000000000004 31.500000000000004 67.500000000000014 22.500000000000004 1.0436724424362185 15.678571701049806 9.5000000000000018 5.5000000000000009 58.500000000000007 0.19642857462167743 0.39999915659427648 25.500000000000004 979.50000000000011 0.33333276212215429 0.19642857462167743 253.50000000000003 290.50000000000006 1.0104971528053286 203.50000000000003 20.500000000000004 5.5000000000000009 1.0000000180025095e-35 3.9999881982803349 37.500000000000007 1.0492367744445803 0.39999915659427648 0.6078576147556306 14.329426765441896 15.500000000000002 15.500000000000002 5.5000000000000009 15.500000000000002 1084.5000000000002 0.9523800015449525 26.500000000000004 7.8317432403564462
decision_type=2 2 2 2 2 2 2 2 2 2 2 2 2 2 2 2 2 2 2 2 2 2 2 2 2 2 10 2 2 2 2 2 2 2 2 2 2 2 2 2 2 2 2 2 2 2 2 2 2 2 2 2 2 2 8 2 2 2 2 2 2 2
left_child=2 6 5 7 47 -1 -2 17 -8 12 11 18 13 -9 58 51 -17 -3 -11 54 23 60 -23 32 25 52 27 28 29 -27 -31 40 -21 -12 -19 36 -36 41 -39 -37 -26 -38 -43 -35 45 46 -45 -4 -7 -10 -44 -6 53 -25 55 -5 -34 -58 -15 -60 61 -13
right_child=1 3 4 19 15 48 8 9 49 10 33 21 -14 14 -16 16 -18 34 -20 20 -22 22 -24 24 31 26 -28 -29 -30 30 -32 -33 56 43 35 39 37 38 -40 -41 -42 42 50 44 -46 -47 -48 -49 -50 -51 -52 -53 -54 -55 -56 -57 57 -59 59 -61 -62 -63
leaf_value=-0.0096093689279481698 0.061267555763765302 -0.026923569031639345 0.0055605342032207612 0.048306547148690877 -0.015049264648759358 -0.0042696831982918888 0.027668196128649642 0.35055005116997479 0.045943594541709799 0.10463724256778249 0.06376565359776952 0.065256543742989559 0.049678497401641257 0.093059110168970657 0.024870733398894746 0.018389944641736728 0.047958889988016437 0.18554459592043343 0.3274925019259507 0.1096486764041345 0.30426421607415116 0.037712329953025293 0.33617148361842164 0.070267781539070873 0.085099374956490448 0.17909911855967708 0.031249698339382948 0.40100909323062534 0.055334551626543056 0.15481957556768097 0.62016257529856689 0.14115204500924081 0.13310053052048668 0.094292985605695531 0.26161754547530769 -0.063769866332835309 -0.01672463711840632 0.05206916143961042 0.31166641869277595 0.032057174558554336 -0.025946884272661692 0.25858914838678582 0.053843371452641647 0.0082532553113852034 0.050902902502559202 0.25971891907034816 0.14273069395757471 -0.0014295322301518271 0.045556462533924917 0.20192907920229097 0.17099091555160809 0.01316488420036026 -0.028751963180204468 0.26831609923615413 -0.018996419909497211 0.24170200210675546 0.40367555819641959 0.17905397871923801 0.36040489399799475 0.14690043811749043 0.042924871712310131 0.1535229439173417
leaf_weight=209859 2972 212 38441 82 1337 121058 11957 32 5750 44 3836 250 3000 66 163 8028 2258 53 53 91 50 37 49 93 769 85 49 37 66 40 31 364 33 3268 35 116 127 32 32 687 76 31 728 77 1136 52 135 28751 319 32 60 3207 42 35 93 31 43 30 30 40 226 264
leaf_count=209859 2972 212 38441 82 1337 121058 11957 32 5750 44 3836 250 3000 66 163 8028 2258 53 53 91 50 37 49 93 769 85 49 37 66 40 31 364 33 3268 35 116 127 32 32 687 76 31 728 77 1136 52 135 28751 319 32 60 3207 42 35 93 31 43 30 30 40 226 264
internal_value=1.6274e-06 0.0548486 -0.00500479 0.0755631 0.00549468 -0.00760472 0.0378344 0.0694519 0.033908 0.0735062 0.0796163 0.115361 0.0562118 0.115389 0.0901071 0.0187479 0.0248815 0.0449698 0.226631 0.118025 0.125572 0.102267 0.207975 0.120813 0.112877 0.158052 0.197383 0.228783 0.199904 0.260984 0.358605 0.0950036 0.188671 0.0757351 0.0529892 0.0491769 0.0729701 0.066406 0.182175 0.0182061 0.0751081 0.0585539 0.0702296 0.0855694 0.0651995 0.12667 0.0939215 0.00256951 -0.00413868 0.0468106 0.0627857 0.00486284 0.08671 0.124601 0.0471341 0.101542 0.25633 0.311757 0.168208 0.238807 0.0899532 0.110616
internal_weight=450980 37722 413258 17011 82022 331236 20711 14871 17739 12758 9427 923 3331 331 299 14830 10286 2113 97 2140 1934 826 86 1884 1687 478 308 259 222 156 71 1209 197 8504 1901 1848 1045 1010 64 803 845 946 819 4668 1400 264 212 67192 121377 5782 788 4544 170 128 206 113 106 73 136 70 740 514
internal_count=450980 37722 413258 17011 82022 331236 20711 14871 17739 12758 9427 923 3331 331 299 14830 10286 2113 97 2140 1934 826 86 1884 1687 478 308 259 222 156 71 1209 197 8504 1901 1848 1045 1010 64 803 845 946 819 4668 1400 264 212 67192 121377 5782 788 4544 170 128 206 113 106 73 136 70 740 514
is_linear=0
shrinkage=0.03


Tree=38
num_leaves=63
num_cat=0
split_feature=13 13 11 13 13 5 23 13 5 22 44 45 36 42 22 6 16 42 26 22 5 36 42 39 8 26 42 29 28 44 17 42 45 27 16 27 11 15 28 38 8 44 11 36 44 6 29 20 29 44 38 6 5 10 9 36 11 15 11 5 6 9
split_gain=129603 13858 11212.2 4292.52 2859.95 2393.17 2488.62 1989.27 1970.59 1687.75 1684.06 1406.26 1349.15 2233.87 1978.96 1267.92 1260.48 1226.61 1185.92 1166.86 1142.05 1120.07 1243.43 1349.44 1137.71 1093.68 1217.93 1115.99 1071.75 1522.36 1517.25 1066.79 1012.91 1006.73 996.021 939.839 908.404 2071.91 1300.86 1711.38 901.146 1301.79 1006.98 976.196 1134.79 890.129 875.993 1187.22 985.888 860.474 859.951 800.734 796.656 1030.26 795.096 774.292 772.351 908.312 806.251 771.674 771.231 769.064
threshold=3.4707791805267338 7.0803573131561288 0.96428570151329052 11.562500000000002 1.7533783912658694 1.0000000180025095e-35 0.52000001072883617 0.32200460135936743 1.0000000180025095e-35 0.19642857462167743 3.4494930505752568 1.8611279726028445 -0.87837970256805409 177.50000000000003 0.23214285820722583 1.5000000000000002 5.3602988719940194 39.500000000000007 1.0328265428543093 0.44642856717109686 19.500000000000004 -0.87837970256805409 309.50000000000006 -0.68301269412040699 13.500000000000002 1.0090992450714114 1758.5000000000002 14.500000000000002 7.5000000000000009 0.88888826966285717 7.8317432403564462 184.50000000000003 0.92215475440025341 3.5000000000000004 9.9744048118591326 3.5000000000000004 6.8928570747375497 8.1799807548522967 2.5000000000000004 -0.25000000000000006 6.5000000000000009 0.42857110500335699 8.3928570747375506 1.0000000180025095e-35 1.1764690876007082 7.5000000000000009 41.500000000000007 25.500000000000004 37.500000000000007 0.39999915659427648 0.93301269412040722 42.500000000000007 23.500000000000004 15.642857074737551 1.0000000180025095e-35 1.0000000180025095e-35 6.2500000000000009 4.4453334808349618 5.6071429252624521 3.5000000000000004 13.500000000000002 11.500000000000002
decision_type=2 2 2 2 2 2 2 2 2 2 2 2 2 2 2 2 2 2 2 2 2 2 2 2 2 2 2 2 2 2 2 2 2 2 2 2 2 2 2 2 2 2 2 2 2 2 2 2 2 2 2 2 2 2 10 2 2 2 2 2 2 8
left_child=2 5 7 8 10 19 16 -1 9 18 55 17 13 14 -10 -13 -7 -5 31 54 50 22 23 -19 -25 26 -15 -27 29 30 -14 -3 59 -8 -20 -6 56 38 -38 -40 41 -30 -42 -44 -45 -39 48 -48 61 -33 -18 -43 53 -31 -2 -4 57 -32 -59 -23 -50 -34
right_child=1 3 4 11 35 6 33 -9 12 -11 -12 15 28 25 -16 -17 20 21 34 -21 -22 32 -24 24 -26 27 -28 -29 40 52 36 49 46 -35 -36 -37 37 45 39 -41 42 51 43 44 -46 -47 47 -49 60 -51 -52 -53 -54 -55 -56 -57 -58 58 -60 -61 -62 -63
leaf_value=-0.010036695665279094 0.0061487300391376001 -0.06462756029884005 0.0030254072954125646 -0.043114938803194919 0.0072056449303984837 0.040176326791662442 0.030630561426023342 -0.0052435098289508458 0.14474409225121812 0.010331008306884186 0.066290221655774847 0.11640355925821386 0.052737011562065526 0.1030745204789086 0.40761161201548374 0.39041355354513768 0.089951985576773821 0.11558015614916375 0.073274369288030453 -0.0078495630267988413 0.011871197201685607 0.049936657194100342 0.10938087424641728 0.44647910010778646 0.21866358814660658 0.13184018241302714 0.29746230752761177 0.034129624859023121 0.17126110764079144 0.073465522991255458 0.0080489860134800566 0.21649329713303173 0.054593045231230056 0.046473824464140535 0.21770314728481061 0.018337269533126806 0.12680805599578071 0.094563332681832563 0.22978653934189999 0.51788372398503235 0.056077078879014947 0.049584461765210856 0.10876418659133531 0.0891148866815199 0.016341715977161709 0.23424916629223308 0.1734420540535225 -0.016725870011224164 0.115209236212856 0.055320727480078082 0.038259784403699586 0.1648061920678118 0.013037806955012141 0.23011024716793727 0.035633655067084595 -0.0032758332761230143 -0.0066687851196267252 0.118913031350624 0.29898410767622702 0.1356516281470323 0.31792003222478188 0.1254225878772357
leaf_weight=162236 1146 65 41076 46 15958 1287 8354 149959 91 900 350 30 199 832 36 31 2038 53 96 1072 225 107 153 33 50 137 30 453 83 1158 38 31 337 6359 78 11930 32 172 43 33 1465 3808 1043 606 283 54 37 145 39 733 338 55 194 39 2923 30644 48 66 34 825 30 234
leaf_count=162236 1146 65 41076 46 15958 1287 8354 149959 91 900 350 30 199 832 36 31 2038 53 96 1072 225 107 153 33 50 137 30 453 83 1158 38 31 337 6359 78 11930 32 172 43 33 1465 3808 1043 606 283 54 37 145 39 733 338 55 194 39 2923 30644 48 66 34 825 30 234
internal_value=1.63413e-06 0.0523993 -0.00493451 0.0748843 0.00381012 0.0381126 0.04312 -0.00773436 0.0683586 0.0401603 0.000653463 0.114139 0.0732222 0.098898 0.219532 0.25609 0.0644671 0.109982 0.0669211 0.0199942 0.0764838 0.113431 0.168182 0.234194 0.309687 0.0883313 0.109875 0.0568394 0.0689322 0.0877817 0.123231 0.0519615 0.1044 0.0374784 0.138115 0.0119677 0.15019 0.179795 0.287875 0.355417 0.0635145 0.053759 0.0748444 0.0890709 0.0659548 0.128035 0.0801011 0.0220004 0.0966151 0.0618899 0.082601 0.0512296 0.0694496 0.0785893 0.0273302 0.000333037 0.0969528 0.132985 0.18039 0.125819 0.203699 0.083639
internal_weight=450980 38827 412153 15085 99958 23742 18601 312195 12935 1903 72070 2150 11032 1579 127 61 3888 2089 1003 5141 2601 2043 289 136 83 1452 862 590 9453 2110 719 829 1754 14713 174 27888 520 334 108 76 7343 3946 3397 1932 889 226 822 182 640 764 2376 3863 1391 1197 4069 71720 186 138 100 932 69 571
internal_count=450980 38827 412153 15085 99958 23742 18601 312195 12935 1903 72070 2150 11032 1579 127 61 3888 2089 1003 5141 2601 2043 289 136 83 1452 862 590 9453 2110 719 829 1754 14713 174 27888 520 334 108 76 7343 3946 3397 1932 889 226 822 182 640 764 2376 3863 1391 1197 4069 71720 186 138 100 932 69 571
is_linear=0
shrinkage=0.03


Tree=39
num_leaves=63
num_cat=0
split_feature=12 12 13 12 13 23 13 5 36 36 23 5 28 15 17 42 22 42 36 5 10 23 18 36 42 42 6 43 14 28 44 28 8 5 36 43 20 12 44 15 28 44 10 42 43 28 44 11 42 15 26 15 20 9 43 36 41 11 14 44 11 11
split_gain=122065 14181.7 9851.56 4317.38 3156.29 2293.65 1944.73 1619.74 1450.94 1169.65 1983.56 1143.37 1183.63 1229.31 1425.05 1133.8 1096.07 1095.68 2323.49 1207.96 1082.29 1408.63 1068.75 1065.98 985.06 2790.14 1095.01 2403.82 1192.27 1157.82 1180.28 1294.95 1040.95 868.928 854.266 942.416 836.681 836.325 831.46 1504.9 1181.36 822.484 817.962 810.259 859.85 1239.12 1693.92 1001.79 891.801 835.988 792.938 785.909 784.446 776.891 745.468 706.884 705.47 838.558 1026.66 853.512 950.977 1436.22
threshold=4.1964285373687753 1.5892856717109682 9.2232141494750994 0.69642856717109691 6.2410714626312265 0.76000002026557933 12.901785850524904 1.0000000180025095e-35 -0.87837970256805409 -1.0000000180025095e-35 0.43999999761581426 3.5000000000000004 3.5000000000000004 8.8864941596984881 7.597964048385621 1815.5000000000002 0.69642856717109691 177.50000000000003 -0.87837970256805409 15.500000000000002 1.0000000180025095e-35 0.62999999523162853 2.5000000000000004 -0.87837970256805409 52.500000000000007 64.500000000000014 35.500000000000007 4.5892858505249032 15.141392230987551 4.5000000000000009 0.59481781721115123 21.500000000000004 5.5000000000000009 1.0000000180025095e-35 1.0000000180025095e-35 2.1250000000000004 56.500000000000007 6.7321429252624521 1.1497489213943484 16.73582744598389 13.500000000000002 0.28571385145187383 0.6428571641445161 1725.5000000000002 -1.7678571343421934 26.500000000000004 0.67667555809021007 7.5357143878936776 572.50000000000011 13.574479103088381 0.94639605283737194 4.4453334808349618 66.500000000000014 44.500000000000007 -1.946428596973419 0.87837970256805431 1.0000000180025095e-35 9.1785717010498065 3.7827918529510502 0.52173864841461193 6.8214285373687753 6.3214285373687753
decision_type=2 2 2 2 2 2 2 2 2 2 2 2 2 2 2 2 2 2 2 2 2 2 2 2 2 2 2 2 2 2 2 2 2 2 2 2 2 2 2 2 2 2 2 2 2 2 2 2 2 2 2 2 2 10 2 2 2 2 2 2 2 2
left_child=1 3 4 20 8 7 9 41 50 10 -4 42 13 14 -13 23 -9 18 -14 51 -1 33 -10 38 -25 -26 29 28 -28 32 31 -31 -27 -22 35 -5 -32 -20 39 40 -8 -3 -6 44 45 54 48 -46 -47 -45 -2 -19 56 -44 -11 -39 57 59 -59 -12 61 -61
right_child=2 5 6 34 11 -7 15 16 22 43 52 12 17 -15 -16 -17 -18 19 37 -21 21 -23 -24 24 25 26 27 -29 -30 30 36 -33 -34 -35 -36 -37 -38 55 -40 -41 -42 -43 53 49 47 46 -48 -49 -50 -51 -52 -53 -54 -55 -56 -57 -58 58 -60 60 -62 -63
leaf_value=-0.011071377030306842 0.13740977170855501 -0.017042891744365539 0.3053493996748603 0.00078110545388870357 -0.017263312790925852 0.0074437661440253473 0.28578775573772225 0.028909707496480103 0.030582638549511227 0.062871749316145906 -0.0063251585038835104 0.082357080328392243 0.2907942804551637 0.038407202658939675 0.17801831717907474 -0.047243703473101362 0.094672810477436364 0.040791357196565493 0.0094273288770257927 0.03212243891119592 0.0082660471691603492 -0.0070743062018013593 0.065496920596547492 -0.0092913049601683877 0.40356940153033233 0.34040383909627836 0.18715302330512934 0 0.45557466713519779 0.087744280447171419 0.091772686337256257 0.34479989747393008 0.13922740541143117 0.13982335293766479 -0.0043412716739711556 0.071078587697817788 0.0030429850905443405 0.087946526164379563 0.080926289333289381 0.40046715350309525 0.09521721721021649 0.014780510652707678 0.047948758796882325 0.14244887863463093 -0.040884833366524431 -0.027289414022850862 0.29478653426502299 0.056254557269027644 0.16765149258304757 0.0085983340945559577 0.056493016081101695 0.069906493559888275 -0.011088319379435314 0.19608971809115361 0.1932659135096996 0.21817402585529955 0.029342508713230981 0.24864727925258837 0.10870368734914354 0.099942431457239661 0.06787000426871706 0.34290268787479899
leaf_weight=87510 116 909 40 63604 174 31050 49 7705 10543 640 104 332 54 213 243 36 235 1030 107 1292 87 175572 853 57 30 30 30 32 30 38 735 33 102 94 47567 172 110 255 51 33 73 3729 4611 219 101 37 57 1744 49 52 1804 4412 64 32 42 44 136 49 1264 81 453 30
leaf_count=87510 116 909 40 63604 174 31050 49 7705 10543 640 104 332 54 213 243 36 235 1030 107 1292 87 175572 853 57 30 30 30 32 30 38 735 33 102 94 47567 172 110 255 51 33 73 3729 4611 219 101 37 57 1744 49 52 1804 4412 64 32 42 44 136 49 1264 81 453 30
internal_value=1.63597e-06 -0.00436561 0.0557803 -0.00625087 0.0474882 0.0118219 0.0884357 0.0226295 0.0372623 0.0797646 0.096202 0.0581267 0.0650934 0.100006 0.122811 0.118897 0.0308575 0.0612677 0.10607 0.0582056 -0.00834537 -0.00698804 0.0331967 0.123075 0.112452 0.118384 0.110843 0.210088 0.321924 0.10211 0.0901185 0.207559 0.185184 0.0766364 -0.00129855 0.000970828 0.0802256 0.0814314 0.186258 0.220832 0.171942 0.0085429 0.046581 0.0673479 0.0623255 0.0877897 0.168075 0.0509342 0.0838299 0.116784 0.0613894 0.064397 0.0923517 0.0489743 0.0709312 0.107182 0.0954799 0.100018 0.113946 0.0726263 0.087186 0.16587
internal_weight=450980 418234 32746 374606 26115 43628 6631 12578 13316 5162 2221 12799 7982 788 575 1469 7940 7194 460 6734 263263 175753 11396 1433 1227 1170 1140 92 60 1048 916 71 132 181 111343 63776 845 406 206 155 122 4638 4817 2941 2670 825 143 1845 86 271 1920 5442 2181 4643 682 299 2117 1981 1313 668 564 111
internal_count=450980 418234 32746 374606 26115 43628 6631 12578 13316 5162 2221 12799 7982 788 575 1469 7940 7194 460 6734 263263 175753 11396 1433 1227 1170 1140 92 60 1048 916 71 132 181 111343 63776 845 406 206 155 122 4638 4817 2941 2670 825 143 1845 86 271 1920 5442 2181 4643 682 299 2117 1981 1313 668 564 111
is_linear=0
shrinkage=0.03


Tree=40
num_leaves=63
num_cat=0
split_feature=12 12 12 12 12 7 15 30 10 9 42 42 10 29 14 12 23 27 8 28 7 37 44 9 14 8 23 21 14 0 10 8 20 9 26 41 30 9 17 28 14 27 10 9 37 29 27 8 20 14 42 27 10 9 15 42 45 28 29 8 21 27
split_gain=114955 14158.5 8928.74 4659.17 2220.16 1918.19 1348.8 1301.36 2022.04 2014.03 1610.92 1486.21 1470.53 2219.92 1357.53 1283.22 1259.02 1215.47 1213.05 2063.24 1608.97 1153.39 1131.98 1128.77 1090.08 1812.47 1077.19 1150.1 1036.75 1145.12 1008.05 988.928 1000.46 958.571 968.268 955.185 920.364 1587.96 2300.62 1072.26 911.509 893.453 887.691 856.976 802.802 783.329 774.371 773.453 879.932 1001.01 849.321 765.046 932.184 762.284 809.108 755.092 749.944 972.658 762.559 749.688 723.772 716.065
threshold=3.0892857313156132 6.2678570747375497 0.8392857313156129 11.803571224212648 1.8392856717109682 11.500000000000002 0.3944759219884873 7.5000000000000009 11.928571224212648 11.500000000000002 259.50000000000006 265.50000000000006 17.785714149475101 15.500000000000002 20.479954719543461 4.3392858505249032 0.62999999523162853 3.5000000000000004 10.500000000000002 23.500000000000004 11.500000000000002 1.0000000180025095e-35 0.73708456754684459 4.5000000000000009 9.590421676635744 25.500000000000004 0.68999999761581432 90.500000000000014 7.8148198127746591 182.50000000000003 5.2142856121063241 37.500000000000007 4.5000000000000009 3.5000000000000004 0.99191412329673778 1.0000000180025095e-35 9.5000000000000018 13.500000000000002 10.146803855895998 10.500000000000002 7.5624377727508554 3.5000000000000004 19.071428298950199 29.500000000000004 -0.56174489110708226 7.5000000000000009 4.5000000000000009 15.500000000000002 12.500000000000002 5.5656254291534433 958.50000000000011 3.5000000000000004 4.7857143878936776 32.500000000000007 3.6887860298156743 424.50000000000006 1.2945120930671694 11.500000000000002 12.500000000000002 18.500000000000004 31.500000000000004 3.5000000000000004
decision_type=2 2 2 2 2 2 2 2 2 10 2 2 2 2 2 2 2 2 2 2 2 2 2 10 2 2 2 2 2 2 2 2 2 8 2 2 2 10 2 2 2 2 2 8 2 2 2 2 2 2 2 2 2 8 2 2 2 2 2 2 2 2
left_child=2 15 6 5 51 17 -1 9 10 56 -9 21 24 -14 42 -2 45 26 19 22 -20 23 -12 -10 25 40 27 28 29 36 61 32 -7 -19 47 43 53 38 39 -38 -11 -17 -13 -34 -25 -8 -18 -35 -49 -50 -51 -4 -53 54 -3 -33 -5 -58 -59 -37 -45 -6
right_child=1 3 4 7 30 31 16 8 11 12 18 14 13 -15 -16 41 46 33 20 -21 -22 -23 -24 44 -26 -27 -28 -29 -30 -31 -32 55 35 34 -36 59 37 -39 -40 -41 -42 -43 -44 60 -46 -47 -48 48 49 50 -52 52 -54 -55 -56 -57 57 58 -60 -61 -62 -63
leaf_value=-0.01033179844804703 0.023310464826304056 0.2147869234646915 -0.0022816092361510492 0.045550916296616437 0.0049942595426997758 0.20628151662774002 0.14950042164095406 0.38200674847327526 0.36714883174014545 0.059023688618557668 0.47231243226015679 0.11079410167367894 0.36499531581943784 0.064305555002708639 -0.060389388259400656 0.030780482816451106 -0.0074255770819490162 0.048908739521632133 -0.025801215366044985 0.0661070793022321 0.20662361624957945 0.092314828923441589 0.22749650116236703 0.096999413507711602 0.062038639993442814 0.37795639886808552 0.027809004934318867 0.23039587956901039 0.039699323637593036 0.049302659612955747 0.05998735612908003 0.30182908990183827 0.082741602813681633 0.083697463081869955 0.061078485748254939 0.0089624422126686042 0.24028039358358999 -0.0038083666758763923 0.37233283420570901 0.070553769177241946 0.23125688999041805 0.046874243682506651 -0.010625830204878452 0.10920568728309035 0.25657042961696097 0.028802760449858109 -0.0031127756443116495 0.019026098991444789 0.28271148936633395 0.22203635001016148 0.081301426156278583 0.0030157398015600873 0.14596213048283199 0.21366402181886854 0.063628777844562348 0.095291700879972865 -0.0025899357518271715 0.26852942658272805 0.096749686343037683 0.16204030810115491 -0.019664979589108067 0.015608568480669244
leaf_weight=107347 9913 33 54185 692 13344 53 67 39 36 81 32 428 55 37 56 7198 130539 1834 49 38 59 109 37 59 194 30 1886 33 2703 1630 362 31 3521 1260 1812 280 49 55 43 106 42 5462 62 55 55 174 52556 45 50 59 112 40691 41 34 880 33 39 43 51 32 136 10013
leaf_count=107347 9913 33 54185 692 13344 53 67 39 36 81 32 428 55 37 56 7198 130539 1834 49 38 59 109 37 59 194 30 1886 33 2703 1630 362 31 3521 1260 1812 280 49 55 43 106 42 5462 62 55 55 174 52556 45 50 59 112 40691 41 34 880 33 39 43 51 32 136 10013
internal_value=1.636e-06 0.0474774 -0.00483051 0.0664961 0.00210512 0.060978 -0.00766115 0.106315 0.130855 0.0857452 0.204666 0.107541 0.137657 0.244283 0.0794365 0.0313947 -0.00609741 0.0551647 0.172327 0.243913 0.101231 0.16673 0.341575 0.220698 0.109321 0.169185 0.0474074 0.0540473 0.0529911 0.0656839 0.0103148 0.078698 0.0768566 0.0663402 0.0759154 0.0751465 0.0879279 0.13877 0.178365 0.124339 0.117987 0.0377244 0.0954287 0.0793843 0.174156 0.062412 -0.00618763 0.0935269 0.140033 0.164645 0.129969 5.35582e-05 0.00316002 0.0743301 0.0691169 0.195671 0.0581064 0.123338 0.175548 0.0247144 0.0174743 0.00954466
internal_weight=450980 41661 409319 19088 118636 16765 290683 2323 1059 1264 254 805 439 92 546 22573 183336 12624 215 107 108 259 69 150 347 153 7452 5566 5533 2830 23719 4141 4077 5172 3338 4024 1200 253 198 155 123 12660 490 3712 114 241 183095 1526 266 221 171 94917 40732 947 913 64 825 133 94 312 191 23357
internal_count=450980 41661 409319 19088 118636 16765 290683 2323 1059 1264 254 805 439 92 546 22573 183336 12624 215 107 108 259 69 150 347 153 7452 5566 5533 2830 23719 4141 4077 5172 3338 4024 1200 253 198 155 123 12660 490 3712 114 241 183095 1526 266 221 171 94917 40732 947 913 64 825 133 94 312 191 23357
is_linear=0
shrinkage=0.03


Tree=41
num_leaves=63
num_cat=0
split_feature=13 12 13 12 5 23 12 17 22 5 42 34 36 45 43 5 5 42 26 26 6 13 22 45 26 6 37 43 27 0 44 9 9 23 5 27 7 5 17 27 16 12 42 36 20 36 16 9 44 12 0 19 9 42 21 14 9 44 29 27 9 8
split_gain=108238 11628.1 9466.83 3062.29 2526.45 2991.31 2304.33 1717.5 1699.58 1415.33 1418.85 1668.17 1643.92 1377.56 1346.67 1362.77 1398.34 1396.4 1398.48 1336.06 1472.9 1281.76 1398.49 1254.6 1225.76 1207.73 1155.29 1072.79 1011.9 1030.26 974.003 1890.02 3060.73 947.82 929.985 929.306 1074.03 925.641 881.78 1486.1 991.02 1111.86 1358.58 856.578 831.052 790.262 784.275 971.876 782.315 771.011 914.639 764.281 815.431 1036.58 762.623 1051.43 915.646 759.542 755.877 753.187 752.33 739.959
threshold=3.4707791805267338 7.7321429252624521 0.99107143282890331 11.803571224212648 1.0000000180025095e-35 0.55500000715255748 2.1607142686843877 0.61799925565719616 0.73214286565780651 1.0000000180025095e-35 265.50000000000006 1.0000000180025095e-35 -0.87837970256805409 0.84294813871383678 8.8392853736877459 29.500000000000004 1.5000000000000002 972.50000000000011 1.0274322628974917 1.0294545888900759 5.5000000000000009 9.6160712242126483 0.23214285820722583 1.7442864179611208 0.94639605283737194 18.500000000000004 1.0000000180025095e-35 1.053571403026581 3.5000000000000004 14.500000000000002 0.91428518295288097 26.500000000000004 14.500000000000002 0.62999999523162853 14.500000000000002 3.5000000000000004 21.500000000000004 17.500000000000004 8.6086163520813006 5.5000000000000009 6.9067387580871591 5.9821429252624521 1007.5000000000001 0.87837970256805431 25.500000000000004 1.0000000180025095e-35 8.1337609291076678 13.500000000000002 2.9999842643737797 17.339285850524906 259.50000000000006 1.0000000180025095e-35 21.500000000000004 216.50000000000003 56.500000000000007 4.9521498680114755 5.5000000000000009 0.48979572951793676 36.500000000000007 3.5000000000000004 5.5000000000000009 1.0000000180025095e-35
decision_type=2 2 2 2 2 2 2 2 2 2 2 2 2 2 2 2 2 2 2 2 2 2 2 2 2 2 2 2 2 2 2 8 10 2 2 2 2 2 2 2 2 2 2 2 2 2 2 8 2 2 2 2 8 2 2 2 10 2 2 2 10 2
left_child=2 4 7 14 21 8 45 -1 24 19 12 13 25 49 15 16 17 18 58 -5 -21 22 -2 30 -6 -11 -16 -9 -7 -30 31 32 37 -29 38 -18 -37 60 43 40 41 -40 -43 -26 -15 -4 -42 54 -8 50 -12 52 53 -38 55 56 -48 -24 -3 -52 -14 -57
right_child=1 3 6 9 5 28 48 27 -10 10 11 -13 23 44 26 -17 35 -19 -20 20 -22 -23 57 -25 34 -27 -28 33 29 -31 -32 -33 -34 -35 -36 36 51 -39 39 -41 46 42 -44 -45 -46 -47 47 -49 -50 -51 59 -53 -54 -55 -56 61 -58 -59 -60 -61 -62 -63
leaf_value=-0.0092173609128951128 0.037859142116455198 -0.026253857794483117 0.0041686304675510686 -0.024171078601557681 0.10477133729501803 0.027173423777844461 0.013280038135733615 -0.0050162442558546651 0.25351491290063333 0.35516228810310252 0.1156938707482022 0.27124668327839568 0.044310091459801436 0.12072408634103174 0.29293532094034402 0.012196182024503344 0.062680685580328188 0.073653708092372025 0.059823190349893321 -0.022803889410044267 0.25501216450236974 0.20266349122998822 -0.012326000236884113 0.29704640508688718 0.057928718493028594 0.15639867737813648 0.058766824174836231 0.079013089024600608 0.087567993571564695 0.039852776880483019 0.086833284354282891 -0.0067748146415273942 0.45576106590742549 0.010737244082194515 0.022240897118613323 0.07764712134742377 0.28083856999932783 0.27127377634158217 0.10881563204951603 -0.0076588847174920661 0.031901100628394949 0.12585472407256673 0.40949328119176565 0.018806926178544278 0.042389943747967604 -0.001883263360532416 0.10105583495042454 0.18859095191460928 0.1009562873432613 -0.002245365095251813 0.32523027306779051 0.26272767703123695 -0.0081093909618628283 0.11333231080645272 -0.021767972513573573 0.1454187266578208 0.31915698398809839 0.016631210453942981 0.066636628293205644 0.12415287860911756 0.21587865551414726 0.027364240184630791
leaf_weight=158977 2080 486 45365 141 459 8202 16886 155618 40 52 445 45 71 154 43 439 4316 734 438 30 40 34 1215 36 3597 59 34 222 438 5814 400 46 36 1040 733 2916 38 39 122 135 195 31 30 586 585 33953 38 96 92 42 37 36 41 266 55 72 32 2477 94 31 34 142
leaf_count=158977 2080 486 45365 141 459 8202 16886 155618 40 52 445 45 71 154 43 439 4316 734 438 30 40 34 1215 36 3597 59 34 222 438 5814 400 46 36 1040 733 2916 38 39 122 135 195 31 30 586 585 33953 38 96 92 42 37 36 41 266 55 72 32 2477 94 31 34 142
internal_value=1.64104e-06 0.047886 -0.00450933 0.0721347 0.0367701 0.0416508 0.00372513 -0.00701979 0.0587911 0.103131 0.110532 0.0918327 0.142906 0.0855718 0.0648465 0.0638633 0.066285 0.0421139 0.0193665 0.0290197 0.136064 0.0192699 0.0181859 0.124952 0.0575551 0.249763 0.189766 -0.00479282 0.0341048 0.0431972 0.115007 0.164805 0.208641 0.0227542 0.0538573 0.0718467 0.083843 0.146577 0.0583731 0.0845026 0.0998071 0.161274 0.265816 0.0524491 0.0587301 0.00157803 0.0819273 0.104337 0.0137558 0.121293 0.131408 0.131226 0.117428 0.134361 0.0804244 0.100221 0.201094 0.0071012 -0.0111877 0.233902 0.100032 0.0671399
internal_weight=450980 38827 412153 12204 26623 20817 96296 315857 6363 2323 2112 1339 773 1294 9881 9804 9365 1752 1018 211 70 5806 5772 662 6323 111 77 156880 14454 6252 626 226 180 1262 5864 7613 3297 144 5131 948 813 183 61 4183 739 79318 630 435 16978 555 513 381 345 304 339 284 70 3692 580 68 105 214
internal_count=450980 38827 412153 12204 26623 20817 96296 315857 6363 2323 2112 1339 773 1294 9881 9804 9365 1752 1018 211 70 5806 5772 662 6323 111 77 156880 14454 6252 626 226 180 1262 5864 7613 3297 144 5131 948 813 183 61 4183 739 79318 630 435 16978 555 513 381 345 304 339 284 70 3692 580 68 105 214
is_linear=0
shrinkage=0.03


Tree=42
num_leaves=63
num_cat=0
split_feature=11 13 13 13 22 17 5 13 36 28 42 6 14 28 5 43 13 28 23 42 43 23 11 42 26 5 44 42 45 39 17 44 16 21 12 27 21 37 42 43 44 5 5 42 45 17 17 43 14 16 14 43 26 5 16 21 22 11 45 45 12 17
split_gain=102030 10990.6 9390.04 3728.83 4046.68 2641.76 2077.54 1889.14 1823.11 1786.54 1717.24 1608.25 1528.32 1489.93 1459.73 1443.99 1277.05 1210.23 1159.84 1044.54 1066.58 3661.23 1032.85 1550.91 1174.77 1120.36 935.962 915.894 894.583 1012.68 922.131 1640.18 1251.3 836.195 832.009 817.167 795.255 1599.89 844.609 782.766 761.935 739.623 1349.87 1040.06 902.779 892.656 849.678 874.63 1836.34 1665.81 1332.49 1626.64 982.567 878.012 1425.15 2085.22 847.134 823.187 882.201 801.307 821.294 925.05
threshold=3.4642857313156132 6.669642686843873 1.2680749297142031 9.8482141494750994 0.41071428358554846 0.77919360995292675 2.5000000000000004 2.559394478797913 -0.87837970256805409 3.5000000000000004 579.50000000000011 47.500000000000007 15.723047256469728 2.5000000000000004 1.0000000180025095e-35 -1.446428596973419 5.3839285373687753 21.500000000000004 0.68999999761581432 83.500000000000014 -4.6964285373687735 0.52000001072883617 16.035714149475101 58.500000000000007 1.0428663492202761 35.500000000000007 3.9999827146530156 209.50000000000003 1.0740968585014345 -0.93301269412040699 11.434213161468508 0.93506470322608959 9.9744048118591326 40.500000000000007 12.053571224212648 4.5000000000000009 47.500000000000007 1.0000000180025095e-35 448.50000000000006 4.8035714626312265 0.39999915659427648 4.5000000000000009 13.500000000000002 152.50000000000003 1.1546987891197207 8.0809521675109881 7.597964048385621 -2.2678571939468379 4.9856915473937997 7.5969483852386483 7.0423884391784677 -3.0535714626312251 1.0299804210662844 7.5000000000000009 6.7527675628662118 25.500000000000004 0.30357143282890325 9.8928570747375506 0.72507596015930187 0.98147380352020275 9.2321429252624529 10.677921772003176
decision_type=2 2 2 2 2 2 2 2 2 2 2 2 2 2 2 2 2 2 2 2 2 2 2 2 2 2 2 2 2 2 2 2 2 2 2 2 2 2 2 2 2 2 2 2 2 2 2 2 2 2 2 2 2 2 2 2 2 2 2 2 2 2
left_child=2 8 5 17 6 -1 11 35 -2 10 12 19 13 27 40 -12 -10 34 -16 -5 21 -21 25 -24 33 28 -7 -8 30 -30 -11 32 -32 -25 41 -4 38 -38 -34 -22 -9 44 46 -44 45 -3 57 48 49 -48 51 -50 -51 54 55 -49 -47 -43 -59 -56 61 -61
right_child=1 3 7 4 -6 26 9 14 16 22 15 -13 -14 -15 18 -17 -18 -19 -20 20 39 -23 23 24 -26 -27 -28 -29 29 -31 31 -33 36 -35 -36 -37 37 -39 -40 -41 -42 42 43 -45 -46 56 47 53 50 52 -52 -53 -54 -55 59 -57 -58 58 -60 60 -62 -63
leaf_value=-0.0082844788430614224 0.054301867105376975 0.049469413489816247 0.0018055836544412973 -0.048732429698564519 0.38702594864695444 -0.0031407854669380985 0.019463954587539512 -0.014174463010875139 0.023313959042297643 0.084082067805293162 0.22176823478350466 0.25838768406696255 0.39369746246991721 0.30814230371582307 0.050625255568342055 0.038467692406013228 0.040487867552658353 0.04192984849592938 0.020202167146640301 -0.00803430673405626 0.043629451161313351 0.30984289973504492 0.33518233723962415 0.21595008753170475 0.17793499113905142 0.0044446790942599653 0.041335740841112772 0.19332922974362746 0.16781277602009698 0.048483160770739622 0.36442176724266007 0.083432769053167613 0.022767450921172227 0.051469383115628854 -0.060677095901395542 0.010446294804841811 0.33395463629923555 0.10865517666169787 0.19354998860748293 -0.089585831328306234 0.013737922245635593 0.056148098056096295 0.14718244844178641 0.040847739109610121 0.034091044693638564 0.083380134294612773 0.27341438879823587 0.12169810164374394 0.4773050212525875 0.0203955173321533 0.086705511861315393 0.18264328754179365 0.18772393525389958 0.064360311507002221 0.031787263481807937 0.41405424744169284 0.24307133635739611 0.24124944192080586 0.07665794728404203 0.11145313175362703 0.037805102464101493 0.2390085423539802
leaf_weight=211095 2972 1285 34345 108 40 143025 50 1406 11957 1601 54 31 36 53 1428 136 5782 3767 5367 76 696 57 31 32 161 161 427 60 70 741 31 319 57 210 49 13812 54 60 48 42 2353 1213 88 1381 1398 802 38 70 32 149 32 36 40 817 148 32 31 46 81 295 104 62
leaf_count=211095 2972 1285 34345 108 40 143025 50 1406 11957 1601 54 31 36 53 1428 136 5782 3767 5367 76 696 57 31 32 161 161 427 60 70 741 31 319 57 210 49 13812 54 60 48 42 2353 1213 88 1381 1398 802 38 70 32 149 32 36 40 817 148 32 31 46 81 295 104 62
internal_value=1.64137e-06 0.0472319 -0.00430952 0.0650998 0.0868243 -0.00614973 0.0844026 0.00680321 0.0325558 0.0941878 0.155255 0.0459815 0.216844 0.177557 0.0182983 0.0906608 0.028912 0.0560169 0.0265966 0.0392284 0.0501412 0.128318 0.0875403 0.130937 0.115143 0.0815415 -0.00300836 0.114403 0.0857047 0.0588041 0.0957544 0.128574 0.186111 0.0733053 0.0624648 0.00428389 0.160709 0.215588 0.100964 0.036035 0.0032972 0.0632034 0.0710382 0.0472283 0.0528082 0.0651598 0.0819833 0.0951369 0.139686 0.0924209 0.246765 0.321827 0.0558974 0.0855935 0.109978 0.213748 0.0893533 0.0637675 0.136428 0.0925627 0.11206 0.133671
internal_weight=450980 37722 413258 17011 5015 354547 4975 58711 20711 3965 389 1010 199 163 10554 190 17739 11996 6795 979 871 133 3576 434 403 3142 143452 110 2981 811 2170 569 250 242 8229 48157 219 114 105 738 3759 8180 4664 1469 3516 2118 3195 1855 327 227 100 68 189 1528 711 102 833 1340 127 609 461 357
internal_count=450980 37722 413258 17011 5015 354547 4975 58711 20711 3965 389 1010 199 163 10554 190 17739 11996 6795 979 871 133 3576 434 403 3142 143452 110 2981 811 2170 569 250 242 8229 48157 219 114 105 738 3759 8180 4664 1469 3516 2118 3195 1855 327 227 100 68 189 1528 711 102 833 1340 127 609 461 357
is_linear=0
shrinkage=0.03


Tree=43
num_leaves=63
num_cat=0
split_feature=13 11 11 5 23 11 16 13 14 10 22 36 23 44 27 23 0 32 29 13 5 26 30 10 11 11 14 0 45 13 0 0 22 28 37 44 13 10 10 13 15 26 26 13 13 15 27 6 15 0 28 39 0 21 7 7 29 27 27 15 44 13
split_gain=96015.8 9381.3 9371.05 3071.9 3181.36 2833.87 2338.85 2026.27 1756.58 1611.43 1486.73 1478.8 1236.53 1226.18 1125.93 1044.88 1034.15 1009.25 1130.39 1555.24 999.034 1739.84 945.22 1421.82 1285.45 2274.08 1591.87 1223.33 1129.68 993.922 944.423 1220.48 943.294 1066.07 1148.82 1171.26 1013.74 939.389 1306.35 910.105 908.246 1193.71 897.96 877.714 877.364 835.77 798.416 780.076 871.163 776.634 775.634 772.418 738.036 730.061 2178.33 715.111 848.388 704.402 701.994 2728.99 1274.49 690.814
threshold=3.8125000000000004 0.96428570151329052 9.1785717010498065 1.0000000180025095e-35 0.55500000715255748 2.1785713434219365 16.103788375854496 12.098214149475099 9.0039663314819354 0.21428572386503222 0.23214285820722583 -0.87837970256805409 0.62999999523162853 0.38095200061798101 3.5000000000000004 0.62999999523162853 14.500000000000002 2013.5000000000002 26.500000000000004 8.6678571701049822 1.0000000180025095e-35 0.95645162463188182 7.5000000000000009 11.928571224212648 14.821428298950197 13.607142925262453 6.8851096630096444 245.50000000000003 1.7777319550514223 14.169642925262453 245.50000000000003 269.50000000000006 0.5892857313156129 16.500000000000004 -0.56174489110708226 1.0526304244995119 5.6841132640838632 17.928571701049808 19.214285850524906 9.8482141494750994 9.823301315307619 1.0511984229087832 1.0383501648902895 0.73273810744285595 1.5732142925262453 4.9115808010101327 4.5000000000000009 32.500000000000007 13.574479103088381 235.50000000000003 23.500000000000004 -0.25000000000000006 279.50000000000006 21.500000000000004 6.5000000000000009 1.0000000180025095e-35 16.500000000000004 3.5000000000000004 5.5000000000000009 10.554541587829592 0.48979572951793676 13.526785850524904
decision_type=2 2 2 2 2 2 2 2 2 2 2 2 2 2 2 2 2 2 2 2 2 2 2 2 2 2 2 2 2 2 2 2 2 2 2 2 2 2 2 2 2 2 2 2 2 2 2 2 2 2 2 2 2 2 2 2 2 2 2 2 2 2
left_child=1 9 3 10 6 44 11 8 13 -1 50 17 49 -4 -6 20 45 18 19 55 -7 -22 28 24 25 26 -24 29 -9 57 -18 -32 33 34 35 39 -34 -10 -39 -13 -29 47 -28 -14 -3 -16 -17 48 -42 -11 -2 -37 -35 54 -15 -5 -57 -25 60 -60 -12 -59
right_child=2 5 7 4 14 15 -8 22 37 12 58 32 43 53 16 46 30 -19 -20 -21 21 -23 23 27 -26 -27 42 40 -30 -31 31 -33 36 52 -36 51 -38 38 -40 -41 41 -43 -44 -45 -46 -47 -48 -49 -50 -51 -52 -53 -54 -55 -56 56 -58 61 59 -61 -62 -63
leaf_value=-0.0090612078826767667 0.048002260714032075 -0.00040145793624236746 0.27006350428144504 0.21493091694670277 0.027420808111605133 0.0080920614705090287 0.28115365760909683 0.075521895421147706 0.049996995385147805 0.03832060998379587 -0.026189969179296585 0.098966434676841492 -0.0060335326011048407 0.35889194991363105 0.1425708496154546 0.0072613913494451792 0.034785059348782198 0.063030820304394566 0.075200344692497242 0.30731563897369335 0.1298439011798394 0.034739110982092834 0.35036641939837704 0.043024050353667222 0.040235296182555329 0.4624002751039567 0.20650820357241809 0.29269711743351995 0.2251174635500521 -0.042604133674213965 0.10049159009004001 0.036409000520429974 0.25064277997683909 0.044200191830685007 0.050175242456789143 0.090446790725658574 0.06352531167999631 0.24246248989702351 0.06469140621447543 0.23122328361708244 0.12609276081881779 0.23112683128917744 0.017011301845246036 -0.00099852191097319601 0.0068994421511174757 0.059310829737343508 0.02135990099712011 0.23009775466090995 -0.0079086434823984371 0.18679348146475827 0.01007599771692586 0.011811057443642147 0.0045842440973494578 0.080063830841939465 0.078421662701283826 0.037385069545738239 0.18090708816953982 0.094017620023321979 0.017942713249592214 0.2784737059382949 0.01535039773446633 0.26580861044821336
leaf_weight=140222 1735 62957 32 59 7860 961 42 833 3277 262 995 737 130833 34 160 12619 4412 672 275 53 199 1329 35 120 37 32 45 34 48 65 499 577 44 2959 2605 203 64 55 115 50 99 75 45 40902 19372 338 5067 31 78 36 674 252 494 2615 93 97 60 62 371 40 2002 32
leaf_count=140222 1735 62957 32 59 7860 961 42 833 3277 262 995 737 130833 34 160 12619 4412 672 275 53 199 1329 35 120 37 32 45 34 48 65 499 577 44 2959 2605 203 64 55 115 50 99 75 45 40902 19372 338 5067 31 78 36 674 252 494 2615 93 97 60 62 371 40 2002 32
internal_value=1.64783e-06 -0.00408904 0.0468432 0.0387888 0.0438106 0.00378574 0.0580662 0.075754 0.0678727 -0.0066741 0.0193537 0.0569763 -0.00472839 0.085645 0.0348877 0.0138622 0.0446913 0.0876421 0.118024 0.161754 0.0320614 0.0471338 0.105089 0.128927 0.199487 0.236958 0.17891 0.105927 0.0836987 0.0600721 0.0409331 0.0661356 0.0519413 0.0506374 0.0615002 0.0852462 0.139934 0.0535679 0.122323 0.107399 0.14625 0.128553 0.1119 -0.00483436 0.00131643 0.0860873 0.0113008 0.0914664 0.0670617 0.0563186 0.0373926 0.0469102 0.0385333 0.0834824 0.153743 0.125905 0.092324 0.0912711 0.0066014 0.0433637 0.00155814 0.152736
internal_weight=450980 414759 36221 28329 22512 102504 8666 7892 6221 312255 5817 8624 172033 2774 13846 20175 5986 1216 544 269 2489 1528 1671 790 194 157 125 596 881 279 5488 1076 7408 7300 3847 1242 108 3447 170 787 317 283 90 171735 82329 498 17686 208 177 298 2409 455 3453 2742 127 216 157 214 3408 411 2997 94
internal_count=450980 414759 36221 28329 22512 102504 8666 7892 6221 312255 5817 8624 172033 2774 13846 20175 5986 1216 544 269 2489 1528 1671 790 194 157 125 596 881 279 5488 1076 7408 7300 3847 1242 108 3447 170 787 317 283 90 171735 82329 498 17686 208 177 298 2409 455 3453 2742 127 216 157 214 3408 411 2997 94
is_linear=0
shrinkage=0.03


Tree=44
num_leaves=63
num_cat=0
split_feature=11 13 13 13 22 13 5 13 36 28 7 6 5 23 15 10 13 7 28 42 11 42 5 38 42 10 28 36 27 15 7 27 43 0 11 42 30 45 9 21 5 5 5 9 45 8 9 11 45 17 10 6 16 32 16 21 11 45 36 27 22 41
split_gain=90400.3 9806.49 8355.7 3317.15 3745.51 2136.7 1923.87 1851.19 1671.34 1671.15 2952.92 1491.78 1319.03 1401.35 1218.58 1701.37 1154.75 1129.78 1114.88 1079.91 941.21 1442.86 1051.08 934.631 1081.01 1098.15 887.03 847.725 1183.44 808.364 789.39 780.526 761.429 733.64 766.033 936.246 733.155 1050.34 1333.1 1050.71 699.918 695.146 1266.95 1299.45 833.858 1157.45 760.375 1169.97 984.153 730.872 896.567 1053.62 2864.32 1430.85 858.107 1325.85 762.967 825.773 705.294 685.152 661.442 659.356
threshold=3.4642857313156132 6.669642686843873 1.107625484466553 9.8482141494750994 0.41071428358554846 2.2910053730010991 2.5000000000000004 0.35805861651897436 -0.87837970256805409 3.5000000000000004 9.5000000000000018 47.500000000000007 1.0000000180025095e-35 0.71000000834465038 8.3153834342956561 17.357143402099613 5.3839285373687753 29.500000000000004 21.500000000000004 177.50000000000003 16.035714149475101 58.500000000000007 35.500000000000007 -0.68301269412040699 265.50000000000006 22.642856597900394 17.500000000000004 1.0000000180025095e-35 5.5000000000000009 12.990804195404055 37.500000000000007 3.5000000000000004 2.303571462631226 30.500000000000004 5.6785714626312265 723.50000000000011 8.5000000000000018 1.2176635265350344 13.500000000000002 53.500000000000007 8.5000000000000018 4.5000000000000009 13.500000000000002 49.500000000000007 1.2133972048759463 28.500000000000004 8.5000000000000018 4.6071429252624521 1.1847787499427798 7.597964048385621 9.3571429252624529 13.500000000000002 7.0655939579010019 2014.5000000000002 14.150246620178224 55.500000000000007 9.8928570747375506 0.72507596015930187 1.0000000180025095e-35 4.5000000000000009 0.16071429103612903 1.0000000180025095e-35
decision_type=2 2 2 2 2 2 2 2 2 2 2 2 2 2 2 2 2 2 2 2 2 2 2 2 2 2 2 2 2 2 2 2 2 2 2 2 2 2 10 2 2 2 2 8 2 2 10 2 2 2 2 2 2 2 2 2 2 2 2 2 2 2
left_child=2 8 7 18 6 59 11 -1 33 10 40 17 -7 -14 -12 -16 -10 19 41 -5 22 -22 27 24 25 -23 -19 28 -11 -25 -18 -9 -33 -2 -35 -36 37 -21 39 -39 -8 44 49 -44 45 46 -3 -48 -49 56 51 54 -53 -54 55 -51 -43 -58 -47 -4 -52 -20
right_child=1 3 5 4 -6 12 9 31 16 20 14 -13 13 -15 15 -17 30 26 61 36 21 23 -24 29 -26 -27 -28 -29 -30 -31 -32 32 -34 34 35 -37 -38 38 -40 -41 -42 42 43 -45 -46 58 47 48 -50 50 60 52 53 -55 -56 -57 57 -59 -60 -61 -62 -63
leaf_value=-0.0082466255561847411 0.085681762680421381 0.043166456931832103 0.00035482419430039609 -0.035956448310950469 0.37064027205964273 0.0020500087797960666 0.15757479161456009 -0.0055975137537674488 0.021783616748074601 0.10876968700639768 0.40025801162391111 0.24709377383879141 0.038033470121386623 0.013803817715161973 0.14258066589250057 0.38850108319538956 0.037285183654739873 0.052093379830750894 0.042581022102487646 0.041026673045576792 0.32090935199398701 0.28300637614147867 0.0020840972059820839 0.15417817321582419 0.041514135805968432 0.08428823625008891 0.26475876255698072 0.061715099939744028 0.052332877056737989 0.03605276057928853 0.18649687439481785 -0.001480397704559753 0.088843415448027943 0.03331492563023896 0.1129719384070532 0.04546978021168635 0.0068877744669232866 0.2233530168784813 0.31499220822018437 -0.00095793716207949692 0.037868233481083063 0.052877442501069245 0.039504893706679006 0.23868305568481202 0.027978092047649995 0.095344368430036505 0.24199335516203105 0.063435606263974514 0.2310434434277053 0.091207422468707097 0.037009384793025388 0.42414749157752873 0.050502340255865322 0.26789259125984555 -0.032144503702830736 0.25105084992474785 0.23157651513265423 0.072340244920935784 0.27417753343795398 0.0072848702177751613 0.10132846662590164 -0.008021780603543879
leaf_weight=174912 473 1559 44629 193 40 4890 62 91673 11957 1298 34 31 3050 7268 109 33 5750 38 3519 317 31 74 161 75 45 38 33 1232 451 171 32 68726 84 1679 282 538 287 30 31 50 151 1213 1449 30 1154 48 38 676 33 978 403 33 96 38 47 49 46 81 34 18026 224 248
leaf_count=174912 473 1559 44629 193 40 4890 62 91673 11957 1298 34 31 3050 7268 109 33 5750 38 3519 317 31 74 161 75 45 38 33 1232 451 171 32 68726 84 1679 282 538 287 30 31 50 151 1213 1449 30 1154 48 38 676 33 978 403 33 96 38 47 49 46 81 34 18026 224 248
internal_value=1.64925e-06 0.0444587 -0.00405637 0.0613366 0.0818269 0.0047971 0.0794971 -0.00611174 0.0305957 0.0889134 0.147975 0.0425244 0.0148843 0.0209665 0.23888 0.199975 0.0271069 0.0360206 0.0527698 0.0269976 0.0824842 0.123911 0.0767578 0.108677 0.165865 0.215733 0.151192 0.0807901 0.0942215 0.0721207 0.0381145 -0.00378489 -0.00136998 0.0514169 0.0449277 0.0686967 0.0439956 0.0688677 0.148256 0.0833138 0.072777 0.0589584 0.0665405 0.0435619 0.0489233 0.0590428 0.0550981 0.0799884 0.0712704 0.0771323 0.0892648 0.104042 0.174161 0.112315 0.0931222 0.098859 0.0602127 0.130165 0.169757 0.00234865 0.0600027 0.0392491
internal_weight=450980 37722 413258 17011 5015 77863 4975 335395 20711 3965 389 1010 15208 10318 176 142 17739 979 11996 908 3576 434 3142 403 157 112 71 2981 1749 246 5782 160483 68810 2972 2499 820 715 428 111 80 213 8229 4687 1479 3542 2388 2306 747 709 3208 1868 1241 167 134 1074 1027 1340 127 82 62655 627 3767
internal_count=450980 37722 413258 17011 5015 77863 4975 335395 20711 3965 389 1010 15208 10318 176 142 17739 979 11996 908 3576 434 3142 403 157 112 71 2981 1749 246 5782 160483 68810 2972 2499 820 715 428 111 80 213 8229 4687 1479 3542 2388 2306 747 709 3208 1868 1241 167 134 1074 1027 1340 127 82 62655 627 3767
is_linear=0
shrinkage=0.03


Tree=45
num_leaves=63
num_cat=0
split_feature=13 11 11 5 23 11 16 13 14 44 36 42 44 23 13 27 13 0 44 42 17 0 43 30 14 42 6 14 45 5 0 0 10 10 37 5 29 5 43 27 26 8 45 17 5 15 40 7 15 41 29 15 17 11 26 17 44 43 8 8 7 7
split_gain=85097 8385.27 8366.85 2799.88 2882.84 2510.32 2181.36 1799.78 1628.3 1500.91 1367.5 2562.08 1147.59 1062.07 1040.24 1036.26 970.541 957.241 950.413 1191.06 908.977 1241.74 1105.95 882.917 1368.58 1332.07 1840.11 1239.24 986.976 879.679 874.76 1136.31 872.962 1224.93 859.418 1185.4 931.042 847.491 817.57 1469.3 1136.77 1129.6 1186.46 1083.95 921.711 1176.92 1258.85 1316.11 1248.25 811.46 793.608 791.757 1464.49 782.502 778.227 769.029 762.68 870.255 742.132 1050.01 899.889 1354.1
threshold=3.8125000000000004 9.1785717010498065 0.96428570151329052 1.0000000180025095e-35 0.55500000715255748 2.5357142686843877 16.103788375854496 12.098214149475099 9.0039663314819354 0.15384602546691897 -0.87837970256805409 101.50000000000001 0.38095200061798101 0.62999999523162853 1.5363756418228152 3.5000000000000004 0.62622550129890453 14.500000000000002 0.47058790922164923 39.500000000000007 10.146803855895998 259.50000000000006 -3.8035714626312251 7.5000000000000009 6.3564715385437021 216.50000000000003 37.500000000000007 17.605464935302738 1.7777319550514223 15.500000000000002 245.50000000000003 269.50000000000006 17.928571701049808 19.214285850524906 -0.56174489110708226 23.500000000000004 47.500000000000007 1.0000000180025095e-35 -1.4821428656578062 5.5000000000000009 0.94639605283737194 17.500000000000004 1.094383239746094 8.6086163520813006 3.5000000000000004 6.4656741619110116 1.0000000180025095e-35 2.5000000000000004 8.8864941596984881 1.0000000180025095e-35 21.500000000000004 4.9115808010101327 5.1985731124877939 4.1785714626312265 1.0204122662544253 7.0942060947418222 0.75471666455268871 -4.6964285373687735 6.5000000000000009 23.500000000000004 18.500000000000004 24.500000000000004
decision_type=2 2 2 2 2 2 2 2 2 2 2 2 2 2 2 2 2 2 2 2 2 2 2 2 2 2 2 2 2 2 2 2 2 2 2 2 2 2 2 2 2 2 2 2 2 2 2 2 2 2 2 2 2 2 2 2 2 2 2 2 2 2
left_child=2 3 9 18 6 14 10 8 12 -1 11 -5 -3 37 -4 -6 -15 51 19 -2 22 -22 -13 28 -25 -26 27 34 -9 38 -19 -32 58 -34 35 -27 -36 -11 39 41 -40 44 -43 -44 50 55 -47 -48 -49 -14 56 52 -17 -31 -45 -46 57 -12 -10 60 -60 -62
right_child=1 7 5 4 15 -7 -8 23 32 13 29 20 49 16 -16 17 -18 30 -20 -21 21 -23 -24 24 25 26 -28 -29 -30 53 31 -33 33 -35 36 -37 -38 -39 40 -41 -42 42 43 54 45 46 47 48 -50 -51 -52 -53 -54 -55 -56 -57 -58 -59 59 -61 61 -63
leaf_value=-0.0095588300153735383 0.14801689072287003 0.25953940059537084 -0.00034946561210446214 0.33969483575862869 0.025617439521488049 0.015877949675324916 0.27029007337863542 0.070778757392748748 0.034128370571115993 0.0064025523626031755 0.21490456499728647 0.22478627840365009 0.083811084997240867 -0.0062685159057561954 0.0066766797147345203 0.053724625442181331 -0.0018224451770389883 0.03265325607330536 0.024742997061590132 -0.0087021915156692622 0.089603471379251787 0.28373429563719416 0.060054702821513088 0.27905345591200387 0.24643529231731703 0.12321569669183727 0.27906924444771603 -0.010948739387132566 0.21060811897821086 0.16491094806483969 0.095975274122281864 0.034142317379303719 0.23286019564323979 0.060721354051278688 0.049683688060983375 0.33355595167689145 0.15180275215391076 0.10192849590187134 0.10419176863122655 0.010846627050498514 0.041566158050769443 0.077224680094061457 0.33145371224704656 0.029146945445894076 0.0092525431486861574 0.094217625067896202 0.06830296657959406 0.40752746290109293 0.16034644647070573 0.023206187238479753 0.013241045212696829 0.055951634274420479 0.23599015746637672 0.013806008899723563 0.22998588416989393 0.088361375745157386 0.22286657464464635 0.043260204079969479 0.064332201624927948 0.012713472602785218 0.24422559780219988 0.074776604986468029
leaf_weight=90016 45 32 62162 34 7860 13052 42 833 1833 192 30 38 2526 160993 27290 87 60906 4412 4420 1352 101 42 1001 47 61 123 48 99 48 32 499 577 55 115 267 30 115 148 278 337 4231 128 42 32 177 264 37 38 36 216 363 338 73 791 38 295 30 229 963 298 67 116
leaf_count=90016 45 32 62162 34 7860 13052 42 833 1833 192 30 38 2526 160993 27290 87 60906 4412 4420 1352 101 42 1001 47 61 123 48 99 48 32 499 577 55 115 267 30 115 148 278 337 4231 128 42 32 177 264 37 38 36 216 363 338 73 791 38 295 30 229 963 298 67 116
internal_value=1.65281e-06 0.0440994 -0.00384942 0.0364804 0.0412747 0.00358741 0.0548451 0.0714474 0.0640196 -0.00629072 0.0537925 0.0832817 0.0811305 -0.00496699 0.00179406 0.0327808 -0.00504818 0.0421859 0.0179257 -0.00364267 0.0758766 0.14679 0.066102 0.0990942 0.122133 0.112168 0.100123 0.0865303 0.0784219 0.0489507 0.0385702 0.0628253 0.0502471 0.116526 0.10457 0.16466 0.0804619 0.0480066 0.0526056 0.0681875 0.0454299 0.0792974 0.13973 0.211019 0.0696121 0.0902536 0.12993 0.214693 0.287676 0.0790385 0.0427851 0.0820127 0.136988 0.0197024 0.138368 0.058707 0.0798714 0.0632228 0.0468048 0.0628916 0.0759362 0.136923
internal_weight=450980 36221 414759 28329 22512 102504 8666 7892 6221 312255 8624 1216 2774 222239 89452 13846 221899 5986 5817 1397 1182 143 1039 1671 790 743 682 634 881 7408 5488 1076 3447 170 535 153 382 340 6585 2076 4509 1739 240 112 1499 847 375 111 74 2742 652 498 160 823 70 472 289 259 3277 1444 1146 183
internal_count=450980 36221 414759 28329 22512 102504 8666 7892 6221 312255 8624 1216 2774 222239 89452 13846 221899 5986 5817 1397 1182 143 1039 1671 790 743 682 634 881 7408 5488 1076 3447 170 535 153 382 340 6585 2076 4509 1739 240 112 1499 847 375 111 74 2742 652 498 160 823 70 472 289 259 3277 1444 1146 183
is_linear=0
shrinkage=0.03


Tree=46
num_leaves=63
num_cat=0
split_feature=11 13 11 13 22 13 5 7 14 36 9 0 43 23 36 5 42 31 22 29 44 26 5 23 5 13 22 45 29 0 44 26 43 9 21 38 29 29 42 11 43 20 29 26 10 8 41 29 5 5 45 10 20 22 21 21 8 8 31 7 11 14
split_gain=80148.9 8751.69 7425.42 3332.54 3471.87 2629.74 1774.79 1450.71 1434.12 1275.42 1222.63 1315.44 2600.9 1204.58 1189.09 1164.21 1126.37 1086.86 1072.89 1061.58 984.087 961.025 918.54 899.031 1043.75 894.534 884.764 1102.2 1055.26 1204.29 857.94 847.029 909.455 831.004 893.273 1030.14 855.045 1312.14 1313.83 841.761 898.173 829.042 825.902 824.831 833.856 905.663 805.818 1137.33 905.495 1424.57 1306.16 802.562 836.348 792.655 770.406 1204.97 1571.32 929.763 757.764 842.054 751.553 1023.55
threshold=3.4642857313156132 6.2410714626312265 0.96428570151329052 9.8482141494750994 0.41071428358554846 2.0089285373687749 2.5000000000000004 12.500000000000002 6.6833618461714661e-07 -0.87837970256805409 65.000000000000014 269.50000000000006 -4.1607141494750968 0.62999999523162853 -0.87837970256805409 36.500000000000007 197.50000000000003 1.5000000000000002 0.33928571641445165 36.500000000000007 0.46376807987689977 1.0591672062873843 1.0000000180025095e-35 0.88999998569488536 1.0000000180025095e-35 0.60749301314353954 0.26785714924335485 1.0740968585014345 27.500000000000004 172.50000000000003 3.9999881982803349 0.99237549304962169 -4.4107141494750968 7.5000000000000009 44.500000000000007 0.93301269412040722 32.500000000000007 35.500000000000007 1234.5000000000002 10.678571701049806 -1.4107143282890318 21.500000000000004 23.500000000000004 0.94639605283737194 4.5000000000000009 1.5000000000000002 1.0000000180025095e-35 46.500000000000007 18.500000000000004 4.5000000000000009 1.1546987891197207 16.500000000000004 45.500000000000007 0.66071426868438732 62.500000000000007 52.500000000000007 16.500000000000004 6.5000000000000009 1.5000000000000002 6.5000000000000009 4.3214285373687753 5.7029635906219491
decision_type=2 2 2 2 2 2 2 2 2 2 8 2 2 2 2 2 2 2 2 2 2 2 2 2 2 2 2 2 2 2 2 2 2 10 2 2 2 2 2 2 2 2 2 2 2 2 2 2 2 2 2 2 2 2 2 2 2 2 2 2 2 2
left_child=2 9 8 14 6 30 10 15 -1 43 11 58 -13 22 16 26 18 -16 41 21 -9 -14 -10 24 -7 -15 27 -8 29 -28 -4 32 -18 36 -35 54 39 -38 -39 40 -22 42 -3 44 -2 -46 48 -48 49 50 -19 -41 -53 -24 55 -36 57 -57 59 -5 -11 -62
right_child=1 3 5 4 -6 23 7 20 13 60 -12 12 19 25 17 -17 31 46 -20 -21 33 -23 53 -25 -26 -27 28 -29 -30 -31 -32 -33 -34 34 35 -37 37 38 -40 51 -42 -43 -44 -45 45 -47 47 -49 -50 -51 -52 52 -54 -55 -56 56 -58 -59 -60 -61 61 -63
leaf_value=-0.0093028576068896768 0.018766587976645144 0.089656830693653447 0.00064283836961363621 0.0073469457447760764 0.3551558920807969 0.007062400213125734 0.083901710082196213 0.27518694116371617 0.0074928976459429676 0.014627502352734013 -0.074682323965464606 0.31931969945816663 0.24634244003565206 -0.0061297464492983955 0.029076233529762751 -0.0077526676325991167 -0.072016255053404338 0.056405768656624916 0.29619772185011567 -0.089009433920956768 0.21652376721591809 0.041673258277002877 0.01951502413689336 0.0079389421765729221 0.029591339967607287 -0.0019471695695567656 0.079594608490277496 0.036346356272472471 0.010419905826764523 0.30561290284116821 0.061345630161737275 0.044014933757437771 0.090774910751206278 0.092778101712610472 0.11511672548652946 0.3193142741751448 0.27634440739659494 0.012345817558367639 0.17148085382154066 -0.0054026677558831225 0.026532838507389512 0.032325478898050444 0.29114876467212336 0.042332337016111922 0.30117172240156836 0.10347492442488113 0.034714484525166886 -0.075482140309153845 0.022002276279742817 0.068250099888760213 0.020162484723041611 0.23058172586352324 0.0066810728178863903 0.14859598746766214 0.078943733719156431 0.23198133678690119 0.091389301352584454 0.45599347488289854 0.014419236104486055 0.13622960701478473 0.036428015064824674 0.01759043957054638
leaf_weight=89752 52 43 79750 77 40 3025 1665 31 238 5225 78 45 30 157420 2907 161 32 2339 33 34 48 66 71 12881 4769 65034 37 596 33 50 210 990 829 404 143 32 41 97 90 211 42 70 32 2522 31 64 564 99 791 3975 1450 30 30 108 119 37 37 31 568 112 6183 4476
leaf_count=89752 52 43 79750 77 40 3025 1665 31 238 5225 78 45 30 157420 2907 161 32 2339 33 34 48 66 71 12881 4769 65034 37 596 33 50 210 990 829 404 143 32 41 97 90 211 42 70 32 2522 31 64 564 99 791 3975 1450 30 30 108 119 37 37 31 568 112 6183 4476
internal_value=1.65629e-06 0.0418621 -0.00381935 0.0560782 0.0770935 0.00326836 0.0748504 0.0838945 -0.00610093 0.0271737 0.0393394 0.0488906 0.122999 -0.00481148 0.0486315 0.0703101 0.0698907 0.0450734 0.141969 0.054837 0.108153 0.105838 0.0461228 0.0128054 0.0208478 -0.00490699 0.0755894 0.0713689 0.154971 0.209709 0.000802358 0.0629512 0.0847152 0.104413 0.124274 0.15613 0.0773169 0.122797 0.0889936 0.0485625 0.128006 0.106679 0.17592 0.0463631 0.115431 0.168251 0.0501177 0.0182486 0.0525871 0.0557026 0.0425372 0.0221361 0.118854 0.0974441 0.141814 0.171931 0.24911 0.334646 0.0317426 0.0837614 0.023949 0.028518
internal_weight=450980 37722 413258 19169 5015 100635 4975 3965 312623 18553 1010 932 175 222871 14154 2542 2029 12125 178 130 1423 96 417 20675 7794 222454 2381 2261 120 87 79960 1851 861 1392 803 399 589 228 187 361 90 145 75 2669 147 95 9218 663 8555 7764 3789 271 60 179 367 248 105 68 757 189 15884 10659
internal_count=450980 37722 413258 19169 5015 100635 4975 3965 312623 18553 1010 932 175 222871 14154 2542 2029 12125 178 130 1423 96 417 20675 7794 222454 2381 2261 120 87 79960 1851 861 1392 803 399 589 228 187 361 90 145 75 2669 147 95 9218 663 8555 7764 3789 271 60 179 367 248 105 68 757 189 15884 10659
is_linear=0
shrinkage=0.03


Tree=47
num_leaves=63
num_cat=0
split_feature=12 11 13 11 23 22 13 5 26 7 6 44 6 14 13 36 9 0 18 36 7 7 36 42 12 42 5 23 26 45 6 18 9 12 11 42 11 5 22 26 42 12 42 36 9 30 9 20 17 36 8 44 13 45 42 11 8 9 0 33 11 41
split_gain=75654 9396.41 5942.41 2444.82 2289.95 2189.95 2151.3 1735.71 1283.74 1235.9 1426.09 1169.16 1158.78 1139.72 1303.76 1078.68 1211.05 1063.06 1040.2 1018.04 1008.72 972.344 930.249 1102.49 1423.27 1056.13 917.943 1082.49 973.624 916.746 902.719 899.13 886.069 879.549 987.538 865.088 853.973 827.853 1374.88 1466.07 992.602 2165.86 1359.36 783.273 780.084 768.116 1162.5 943.865 821.361 3013.42 787.641 718.521 699.625 696.776 685.744 796.727 741.587 1182.81 769.218 684.925 665.679 844.252
threshold=4.3392858505249032 1.464285731315613 9.8482141494750994 0.46428571641445165 0.76000002026557933 0.41071428358554846 6.2410714626312265 1.0000000180025095e-35 1.0279641747474673 12.500000000000002 37.500000000000007 0.44444403052330023 5.5000000000000009 8.2447671890258807 15.34531879425049 -0.87837970256805409 48.500000000000007 247.50000000000003 6.5000000000000009 -0.87837970256805409 2.5000000000000004 4.5000000000000009 -0.87837970256805409 229.50000000000003 12.339285373687746 1135.5000000000002 1.0000000180025095e-35 0.62999999523162853 0.95645162463188182 1.2176635265350344 15.500000000000002 2.5000000000000004 65.000000000000014 12.053571224212648 14.178571701049806 1084.5000000000002 6.4642856121063241 1.0000000180025095e-35 0.33928571641445165 0.96654728055000316 965.50000000000011 9.6607146263122576 1257.5000000000002 -1.0000000180025095e-35 2.5000000000000004 3.5000000000000004 24.500000000000004 47.500000000000007 12.598823547363283 0.6078576147556306 6.5000000000000009 0.36363567411899572 1.0909391641616824 1.018349349498749 473.50000000000006 9.6071429252624529 3.5000000000000004 7.5000000000000009 64.500000000000014 1.0000000180025095e-35 7.5357143878936776 1.0000000180025095e-35
decision_type=2 2 2 2 2 2 2 2 2 2 2 2 2 2 2 2 8 2 2 2 2 2 2 2 2 2 2 2 2 2 2 2 8 2 2 2 2 2 2 2 2 2 2 2 8 2 10 2 2 2 2 2 2 2 2 2 2 10 2 2 2 2
left_child=1 3 6 -1 26 7 19 8 35 10 13 -11 -10 14 36 16 51 -12 22 -2 -17 -19 23 24 -13 -25 -3 28 52 -14 -20 -21 -24 34 37 -4 -9 40 45 -40 54 42 -42 -5 -41 46 -39 48 60 -50 -48 -8 -28 -27 55 56 57 -22 -58 -29 -47 -62
right_child=2 4 5 43 -6 -7 15 9 12 11 17 18 29 -15 -16 20 -18 21 30 31 33 -23 32 25 -26 53 27 59 -30 -31 -32 -33 -34 -35 -36 -37 -38 38 39 44 41 -43 -44 -45 -46 47 50 -49 49 -51 -52 -53 -54 -55 -56 -57 58 -59 -60 -61 61 -63
leaf_value=-0.0072042612823676484 0.050833630215014997 0.0083261235771495915 -0.049639714532146821 0.00021786564775811006 0.0047994801122520003 0.26806898011355845 -0.034985981410639522 -0.024961011522376595 0.0072208988408382375 0.27635270918243959 0.070823116997346516 0.090857265448433686 0.088445740316175914 0.046953633236625124 0.26133583092625245 0.030510614044239676 0.23464381215257904 0.1256662506138205 0.25046188536619562 0.023758811449656445 0.011928572342994178 0.35694561540571035 0.081274615173315815 0.02817231803885676 0.34106339447151812 0.10971181247288804 0.23055264132375938 0.011206189760564606 0.03603660618850673 0.28927843157618427 0.09164882982233398 0.056395164579526418 -0.081092874329189768 -0.065159268246811744 0.1828471906509942 0.046451562196029701 0.087303510952425514 0.027603006808830936 0.27585289823183456 0.18665103536887759 0.12606397837544669 0.25618505560741356 0.0094597479629461821 -0.0040905025636768658 0.025081051686986156 0.044250876204193448 0.23217649513220287 -0.016963013173862659 0.042096553633222622 0.37490642070071084 0.031801567117241129 0.067107243298971747 0.07965367783723773 0.28381520597177129 -0.026225938301390538 0.14137177906201118 0.071928791316823157 0.2315969595495144 -0.065757015961833323 0.03312912302443196 0.070436451508542122 0.0080318089682025508
leaf_weight=210617 1779 4584 214 66570 40394 52 64 65 81 33 56 37 54 1681 37 3724 38 31 70 9750 76 35 1124 95 46 59 34 4178 2436 33 60 824 31 60 50 139 972 1568 49 41 120 45 359 88420 78 2195 43 153 87 34 30 1953 148 32 357 52 52 31 122 1851 2767 210
leaf_count=210617 1779 4584 214 66570 40394 52 64 65 81 33 56 37 54 1681 37 3724 38 31 70 9750 76 35 1124 95 46 59 34 4178 2436 33 60 824 31 60 50 139 972 1568 49 41 120 45 359 88420 78 2195 43 153 87 34 30 1953 148 32 357 52 52 31 122 1851 2767 210
internal_value=1.64946e-06 -0.0033797 0.0446522 -0.00509979 0.0083476 0.0745411 0.0390156 0.0725167 0.0206912 0.0785644 0.0668341 0.0998233 0.0889271 0.0623838 0.0865267 0.046913 0.0670354 0.167184 0.0960561 0.029836 0.0435513 0.248692 0.088626 0.138883 0.229787 0.0982086 0.0191797 0.0249331 0.0410413 0.164886 0.177302 0.0263027 0.0769088 0.0492115 0.0500179 -0.0117954 0.0802635 0.0492314 0.0530685 0.13788 0.0262964 0.0574208 0.038695 -0.00224 0.0808706 0.0510559 0.0330579 0.0564782 0.0586016 0.135858 0.150007 0.0638655 0.107963 0.171196 0.00265277 0.0336159 0.0136268 0.0757416 -0.0245832 0.0179376 0.0567913 0.0660353
internal_weight=450980 419232 31748 365607 53625 5037 26711 4985 521 4464 2877 1587 168 2755 1074 14358 2055 122 1554 12353 12303 66 1424 269 83 186 13231 8647 2618 87 130 10574 1155 8579 8519 353 1037 8469 7255 168 1214 524 479 154990 119 7087 1641 5446 5293 121 73 2017 182 91 690 333 281 107 174 6029 5172 2977
internal_count=450980 419232 31748 365607 53625 5037 26711 4985 521 4464 2877 1587 168 2755 1074 14358 2055 122 1554 12353 12303 66 1424 269 83 186 13231 8647 2618 87 130 10574 1155 8579 8519 353 1037 8469 7255 168 1214 524 479 154990 119 7087 1641 5446 5293 121 73 2017 182 91 690 333 281 107 174 6029 5172 2977
is_linear=0
shrinkage=0.03


Tree=48
num_leaves=63
num_cat=0
split_feature=12 11 11 13 13 13 13 14 9 12 14 28 17 12 5 17 12 6 14 29 36 45 27 43 30 9 11 8 10 11 11 14 8 6 11 13 14 45 45 43 28 42 10 43 43 42 6 37 28 6 14 27 20 42 14 10 26 43 5 13 9 11
split_gain=71184.7 8841.12 5602.44 2342.52 1943.38 1742.86 1537.1 1527.65 1153.27 1092.84 1017.41 1170.89 1590.08 2778.47 1056.24 1719.91 994.584 1057.95 975.472 1093.86 922.399 909.098 1464.02 912.747 852.721 1386.27 1461.16 1769.72 1342.37 1209.31 2101 1437.29 1095.78 999.612 988.276 855.242 842.107 834.558 1753.47 831.241 826.235 818.546 1028.91 812.329 811.351 1093.07 799.798 1511.87 1633.93 907.053 774.199 770.674 770.551 797.655 890.801 765.197 765 783.389 863.159 1406.69 757.995 755.598
threshold=4.3392858505249032 1.464285731315613 9.1785717010498065 0.6966991424560548 2.8768939971923833 6.0236344337463388 12.098214149475099 9.0039663314819354 14.500000000000002 12.339285373687746 6.6815307140350351 7.5000000000000009 12.598823547363283 8.0178570747375506 2.5000000000000004 8.0809521675109881 9.0892853736877459 1.5000000000000002 6.3038132190704355 25.500000000000004 -0.87837970256805409 1.4491112828254702 3.5000000000000004 -1.5178571343421934 7.5000000000000009 11.500000000000002 20.178570747375492 26.500000000000004 11.928571224212648 14.821428298950197 13.607142925262453 6.8851096630096444 6.5000000000000009 7.5000000000000009 14.821428298950197 13.526785850524904 1.0345224738121035 1.1423167586326601 1.0689139962196352 2.6607142686843877 2.5000000000000004 265.50000000000006 15.214285850524904 -6.0892858505249015 5.4821429252624521 223.50000000000003 3.5000000000000004 -0.56174489110708226 2.5000000000000004 13.500000000000002 3.648220539093018 4.5000000000000009 16.500000000000004 351.50000000000006 5.7029635906219491 1.0000000180025095e-35 1.0341330766677859 -4.4107141494750968 2.5000000000000004 9.7410712242126483 21.500000000000004 9.6785717010498065
decision_type=2 2 2 2 2 2 2 2 10 2 2 2 2 2 2 2 2 2 2 2 2 2 2 2 2 10 2 2 2 2 2 2 2 2 2 2 2 2 2 2 2 2 2 2 2 2 2 2 2 2 2 2 2 2 2 2 2 2 2 2 10 2
left_child=1 3 5 -1 39 20 7 9 -9 43 11 12 14 -14 37 -16 36 -18 -11 -20 -2 23 -23 -10 25 32 27 -27 29 30 31 -26 33 34 -8 -33 -13 38 -7 51 -41 42 -30 -4 45 -44 47 -17 -49 -48 -19 -3 56 -54 -55 -5 57 -52 -59 -60 -25 -45
right_child=2 4 6 55 -6 10 24 8 21 18 -12 16 13 -15 15 46 17 50 19 -21 -22 22 -24 60 28 26 -28 -29 41 -31 -32 35 -34 -35 -36 -37 -38 -39 -40 40 -42 -43 44 61 -46 -47 49 48 -50 -51 52 -53 53 54 -56 -57 -58 58 59 -61 -62 -63
leaf_value=-0.0064427400370611846 0.048523616860387711 0.0020321275891722348 0.21058441575004083 -0.013170598076133673 0.01903429617195003 0.031810634211123068 0.089410736779560657 0.037047839325341884 0.22791959342178419 0.047354956743285409 0.03320595262244392 -0.031656948783331446 0.41879242676440798 0.051549487194033704 0.05623349725242606 0.318985834905546 -0.0095405088073434435 0.028404471856291864 0.10130547115969103 0.34404514991392299 0.023701214155326118 0.043146434294065859 0.33242067541892278 0.096342420688663014 0.32538154286706544 0.061009779564046449 0.28093477610171264 0.24346894509615874 0.044809271848560525 0.027487694375277209 0.43493066340684888 0.18327188567814173 0.0049459846852481166 0.04070423361753911 0.31502159385586098 -0.0022943402272071283 0.042103054636948307 -0.017911382574904832 0.25144168144135959 0.14415418624302037 0.028355413260401419 0.064087983986238509 0.36237129366295961 0.096562836804695365 0.063049683195399484 0.15855067600243489 0.064907775481628072 0.3048514882711485 0.058218960678835426 0.23931760265448379 0.035092690019978917 0.01107584511591294 -0.0474370547201741 0.0011542234132663654 0.1806646337568662 -0.00053420394900150175 0.28907695873757261 0.28660905009950211 0.056487514219398918 0.27598449492548394 0.023456255492781141 0.059775166467658555
leaf_weight=263391 1573 29681 37 4512 11489 232 42 2860 31 38 5142 143 32 44 772 51 98 112 30 38 9400 31 32 261 35 272 42 58 73 37 32 49 324 113 30 41 5264 201 38 62 520 376 35 675 38 74 165 33 90 32 58 11873 42 42 61 97704 31 39 85 38 253 1973
leaf_count=263391 1573 29681 37 4512 11489 232 42 2860 31 38 5142 143 32 44 772 51 98 112 30 38 9400 31 32 261 35 272 42 58 73 37 32 49 324 113 30 41 5264 201 38 62 520 376 35 675 38 74 165 33 90 32 58 11873 42 42 61 97704 31 39 85 38 253 1973
internal_value=1.64439e-06 -0.0032783 0.0433132 -0.0049468 0.0080972 0.0360411 0.0651543 0.0583272 0.0450277 0.07485 0.043542 0.050441 0.072506 0.206545 0.066181 0.0817602 0.0442381 0.0806855 0.169318 0.237282 0.0272601 0.08255 0.190397 0.0700479 0.0907205 0.070407 0.114423 0.0931469 0.11336 0.181913 0.218256 0.162472 0.0382194 0.0964505 0.183743 0.0988108 0.0401515 0.0283617 0.0628089 0.00511496 0.0407166 0.0910167 0.136984 0.0711138 0.182685 0.224284 0.134844 0.181731 0.124595 0.093353 0.0980928 0.0046162 0.117787 0.0626472 0.107553 -0.00109202 0.149597 0.129813 0.163674 0.124481 0.060481 0.0691565
internal_weight=450980 419232 31748 365607 53625 23818 7930 6259 3468 2791 12845 7703 1690 76 1614 1143 6013 606 106 68 10973 608 63 545 1671 881 372 330 790 194 157 125 509 185 72 90 5407 471 270 42136 582 596 220 2685 147 109 371 174 123 197 508 41554 396 145 103 102216 251 220 162 123 514 2648
internal_count=450980 419232 31748 365607 53625 23818 7930 6259 3468 2791 12845 7703 1690 76 1614 1143 6013 606 106 68 10973 608 63 545 1671 881 372 330 790 194 157 125 509 185 72 90 5407 471 270 42136 582 596 220 2685 147 109 371 174 123 197 508 41554 396 145 103 102216 251 220 162 123 514 2648
is_linear=0
shrinkage=0.03


Tree=49
num_leaves=63
num_cat=0
split_feature=11 13 13 13 27 28 13 23 27 14 23 0 8 26 6 7 10 5 14 32 26 44 28 28 14 29 28 10 23 11 23 17 17 22 29 8 41 29 8 15 43 22 13 26 22 28 39 44 27 29 12 12 36 28 10 14 16 22 28 26 44 26
split_gain=66983.3 9499.73 4956.09 2745.87 1377.19 1245.85 1145.51 1083.16 1076.16 2362.82 1150.17 1009.99 1137.85 1081.54 1175.84 2228.65 2736.95 1401.39 1545.92 1413.63 1347.46 2029.65 1244.4 1252.49 1021.23 1504.44 1128.23 1005.05 967.711 948.803 1539.62 947.656 1342.9 1854.46 1271.59 1669.91 892.363 1517.52 855.06 1777.58 1008.42 837.604 819.129 798.384 777.894 772.787 770.335 759.262 755.244 750.315 732.075 729.072 712.25 698.349 1402.92 688.581 1000.79 1235.69 685.198 678.624 893.307 771.199
threshold=2.8214286565780644 6.3819444179534921 0.87627550959587108 10.312500000000002 3.5000000000000004 22.500000000000004 1.5545635223388674 0.57499998807907116 3.5000000000000004 3.5006512177915289e-07 0.68999999761581432 247.50000000000003 2.5000000000000004 0.9621545970439912 35.500000000000007 16.500000000000004 16.071428298950199 9.5000000000000018 6.4179797172546396 2011.5000000000002 1.0982699990272524 0.89655140042305004 4.5000000000000009 9.5000000000000018 9.898292541503908 42.500000000000007 25.500000000000004 0.21428572386503222 0.76000002026557933 0.10714286193251611 0.62999999523162853 14.329426765441896 11.434213161468508 0.33928571641445165 24.500000000000004 2.5000000000000004 1.0000000180025095e-35 46.500000000000007 28.500000000000004 7.4269335269927987 -1.8749999999999998 0.12500000372529033 4.5798320770263681 1.0052797794342043 0.37500000000000006 18.500000000000004 -0.25000000000000006 3.199986577033997 4.5000000000000009 11.500000000000002 9.3750000000000018 15.517857074737551 1.0000000180025095e-35 3.5000000000000004 11.642857074737551 7.1314187049865732 10.348043918609621 0.30357143282890325 12.500000000000002 0.99237549304962169 0.38095200061798101 0.98063942790031444
decision_type=2 2 2 2 2 2 2 2 2 2 2 2 2 2 2 2 2 2 2 2 2 2 2 2 2 2 2 2 2 2 2 2 2 2 2 2 2 2 2 2 2 2 2 2 2 2 2 2 2 2 2 2 2 2 2 2 2 2 2 2 2 2
left_child=2 4 29 5 7 8 -4 55 10 -10 38 12 43 46 17 16 -16 20 45 22 -15 -22 -20 -24 25 -25 -26 -8 -29 -1 -31 32 59 34 -34 -36 44 -38 49 40 -40 -41 -9 -5 -7 -19 -13 -6 -32 -3 -37 -28 53 54 -14 -2 -57 -58 -33 60 -11 -62
right_child=1 3 6 11 47 36 27 42 9 31 -12 13 52 14 15 -17 -18 18 19 -21 21 -23 23 24 26 -27 51 28 -30 30 48 58 33 -35 35 50 37 -39 39 41 -42 -43 -44 -45 -46 -47 -48 -49 -50 -51 -52 -53 -54 -55 -56 56 57 -59 -60 -61 61 -63
leaf_value=-0.0085633581702553533 0.041191176370670386 0.022689967183332469 -0.00038388911866239257 0.051753951323156147 0.030711498880762255 0.037676951516890891 -0.014941398538713849 0.0064797251157456322 0.30719652935353098 -0.084239275453674115 0.01924162643306342 0.067640956634709939 0.31033636232451056 0.048905568603266884 0.44860354391980345 0.00078979342088212061 0.11776960411649977 0.35556896538815941 0.271997425827113 0.046706127826354464 0.35699162753507085 0.024383333041318591 0.0020315487211663135 0.36344782845817342 0.062616463850968127 0.083597995501222003 0.11250964638228728 0.018697138665463849 0.0050706759029003198 0.064660750266121711 -0.0059845488731509848 -0.1034786211623502 0.040764599770547194 0.31360129126502423 0.30526490763666225 0.16571981671776315 0.02585893439962731 -0.12897657630504558 0.36237421229050465 0.14156711334806474 0.12694773406777371 -0.017785981453052376 0.023727363842811367 -0.035543625701476594 -0.035620384164137979 0.15244103404240303 -0.062533762868313636 0.13348901189612611 -0.0020541666024581455 0.053554910147007875 -0.011709348383500143 0.31397455569840627 0.048036415859056096 0.07791307712330639 0.07343288989288238 0.0054727926523834474 -0.029863465530240638 0.19797127966331265 0.051306626626770269 0.045581894748372716 0.060650276242483134 0.10302861251003836
leaf_weight=81605 2319 891 76492 213 10754 3680 1898 7101 35 33 1444 113 36 661 41 41 50 35 56 225 33 33 66 41 133 30 32 5725 25961 287 153456 54 174 39 48 45 186 82 31 49 35 75 3807 169 135 33 64 65 61691 3475 39 33 795 1036 60 1116 35 55 49 2112 1327 546
leaf_count=81605 2319 891 76492 213 10754 3680 1898 7101 35 33 1444 113 36 661 41 41 50 35 56 225 33 33 66 41 133 30 32 5725 25961 287 153456 54 174 39 48 45 186 82 31 49 35 75 3807 169 135 33 64 65 61691 3475 39 33 795 1036 60 1116 35 55 49 2112 1327 546
internal_value=1.64953e-06 0.0352245 -0.00379348 0.051486 0.0232382 0.0454287 0.00164393 0.017172 0.0508966 0.0619865 0.0425762 0.0734098 0.0604386 0.0908175 0.0988746 0.184507 0.267172 0.0908501 0.121677 0.106654 0.0618319 0.190999 0.141127 0.119171 0.147894 0.245506 0.112778 0.00626258 0.00753279 -0.00580846 -0.00476492 0.0600576 0.0621811 0.118984 0.0940803 0.164265 0.0313645 -0.021541 0.0499711 0.112269 0.23793 0.0452354 0.0124996 0.0131297 0.0350819 0.257383 0.0205549 0.0313303 -0.00485756 0.0472571 0.0834082 0.21514 0.069815 0.0851031 0.162518 0.0316292 0.0132395 0.109417 -0.02985 0.0573006 0.070282 0.0730097
internal_weight=450980 43865 407115 18613 25252 14584 110076 14433 10501 4501 6000 4029 2309 1720 1543 132 91 1411 684 616 727 66 391 335 269 71 198 33584 31686 297039 215434 4466 4363 345 306 132 4083 268 4556 190 66 124 10908 382 3815 68 177 10819 215147 4366 84 65 1927 1132 96 3525 1206 90 103 4018 1906 1873
internal_count=450980 43865 407115 18613 25252 14584 110076 14433 10501 4501 6000 4029 2309 1720 1543 132 91 1411 684 616 727 66 391 335 269 71 198 33584 31686 297039 215434 4466 4363 345 306 132 4083 268 4556 190 66 124 10908 382 3815 68 177 10819 215147 4366 84 65 1927 1132 96 3525 1206 90 103 4018 1906 1873
is_linear=0
shrinkage=0.03


Tree=50
num_leaves=63
num_cat=0
split_feature=10 17 23 5 5 17 26 17 36 36 26 16 17 16 6 28 27 5 0 28 5 17 6 28 5 16 42 6 44 0 44 39 10 7 0 0 0 43 37 5 26 0 9 41 8 42 23 26 43 7 7 27 27 18 10 43 5 19 39 28 43 26
split_gain=60405.1 6802.81 5530.35 3020.95 2299.25 3335.95 2187.06 2184.6 2790.41 1730.96 1694.69 1501.37 1392.23 1379.16 1837.7 1347.93 2082.54 1283.49 1185.27 1510.2 1183.86 1169.86 1167.79 1116.44 1101.95 1079.65 1633.23 1023.84 1165.53 1012.48 969.504 956.633 954.506 1072.35 937.041 1337.56 1556.92 1021.17 916.047 902.9 960.629 896.865 877.201 893.389 860.154 858.724 830.868 812.576 795.142 790.96 2687.42 785.908 779.921 1056.87 776.413 891.279 863.219 766.394 1225.92 1726.95 760.059 749.94
threshold=3.6428570747375493 1.2578332424163821 0.55500000715255748 1.0000000180025095e-35 1.0000000180025095e-35 4.5672285556793222 0.94345536828041088 11.434213161468508 -0.87837970256805409 1.0000000180025095e-35 0.94639605283737194 7.5969483852386483 0.64507779479026806 9.9744048118591326 3.5000000000000004 9.5000000000000018 4.5000000000000009 60.500000000000007 247.50000000000003 29.500000000000004 22.500000000000004 4.9806606769561776 10.500000000000002 3.5000000000000004 14.500000000000002 11.894125938415529 321.50000000000006 8.5000000000000018 0.7999996840953828 223.50000000000003 1.103695333003998 1.0000000180025095e-35 23.357143402099613 23.500000000000004 14.500000000000002 227.50000000000003 277.50000000000006 -2.7678571939468379 -0.56174489110708226 14.500000000000002 0.9621545970439912 46.500000000000007 10.500000000000002 1.0000000180025095e-35 6.5000000000000009 1613.5000000000002 0.62999999523162853 1.0089164376258852 -3.8035714626312251 15.500000000000002 16.500000000000004 3.5000000000000004 4.5000000000000009 1.5000000000000002 6.357142686843873 -0.9107142686843871 5.5000000000000009 1.0000000180025095e-35 1.0000000180025095e-35 18.500000000000004 -2.0892857313156123 1.0085324645042422
decision_type=2 2 2 2 2 2 2 2 2 2 2 2 2 2 2 2 2 2 2 2 2 2 2 2 2 2 2 2 2 2 2 2 2 2 2 2 2 2 2 2 2 2 10 2 2 2 2 2 2 2 2 2 2 2 2 2 2 2 2 2 2 2
left_child=1 12 3 6 49 46 -2 10 13 21 11 15 -1 -9 -15 16 -5 18 38 20 -20 -4 24 30 29 -7 -27 -16 -29 45 31 -24 33 -22 -23 -36 37 48 41 40 60 61 43 -31 -25 -12 -6 -47 -37 -3 -51 -48 -39 -54 56 -56 -13 -46 59 -59 -40 -10
right_child=2 4 9 7 5 25 -8 8 17 -11 22 54 -14 14 27 -17 -18 -19 19 -21 32 34 23 44 -26 26 -28 28 -30 42 -32 -33 -34 -35 35 36 -38 52 39 -41 -42 -43 -44 -45 57 47 51 -49 -50 50 -52 -53 53 -55 55 -57 -58 58 -60 -61 -62 -63
leaf_value=-0.0070386579345781174 -0.074189613412040806 -0.0017984169151309397 0.023387620121222648 0.37241198180866841 0.038497504056903407 0.033225422305140313 0.028140193615916895 0.33833361252316807 0.07252871669230368 0.0162049726472282 0.054007271316948317 0.26094555488724774 -0.0031493572026824465 0.3114599902520494 -0.0028579173023093184 0.10499004984372833 0.072743927783400539 -0.10336287186840386 0.068751757736593255 0.26234859551400141 0.076635105655073393 0.077087544685429971 0.11321957542880778 0.041143777426259881 0.017803975640059259 0.31434570563567793 0.044754782804831375 0.29828455716626256 0.10673676558416445 0.032563806412538816 0.069174869183696586 0.28279669100641036 0.27070461104921745 0.24544016505787972 0.027487041279721919 0.087289356527243733 0.013135109995303486 0.042839929983111862 0.25767789341187552 -0.036941875494294951 0.021990416781634076 0.053368858796502827 0.064747500014876627 -0.02925660786841569 0.065274477694199903 0.22546620857424848 0.002298783264474873 0.086762994349622966 0.22683602343712533 0.31047142162583646 0.017105831387722193 0.010338568578645424 0.067532660322126445 0.15557109507246364 -0.048564414626939542 0.062631673839225119 0.066483884270154572 0.11699622080166039 0.062671946728302605 0.39743918336111045 0.069908661781767953 0.25740945048072711
leaf_weight=167978 206 35411 4681 48 713 3689 2137 36 36 8020 2681 34 163427 48 57 267 37 38 857 45 147 661 73 1390 1476 31 58 35 156 2347 147 51 44 44 3323 85 513 688 30 162 295 177 707 231 1070 45 24739 245 65 31 292 19623 528 160 76 440 52 58 110 30 55 44
leaf_count=167978 206 35411 4681 48 713 3689 2137 36 36 8020 2681 34 163427 48 57 267 37 38 857 45 147 661 73 1390 1476 31 58 35 156 2347 147 51 44 44 3323 85 513 688 30 162 295 177 707 231 1070 45 24739 245 65 31 292 19623 528 160 76 440 52 58 110 30 55 44
internal_value=1.64036e-06 -0.00318253 0.03786 0.0506576 0.00441111 0.00864127 0.0191398 0.055962 0.0826359 0.0267435 0.0506654 0.0889751 -0.00512072 0.163102 0.141678 0.138193 0.242225 0.0690942 0.0724851 0.0921643 0.0851265 0.0346391 0.0472363 0.0633704 0.0411236 0.0357194 0.138921 0.108699 0.141983 0.0466249 0.121379 0.183149 0.144781 0.115638 0.0433829 0.0392263 0.0583549 0.0735538 0.0444711 0.0223403 0.0476202 0.0911111 0.0351442 0.0270229 0.0574511 0.0593168 0.00637159 0.108361 0.14788 -0.00137204 0.0453537 0.00585514 0.0654401 0.0880285 0.0601761 0.0462448 0.143595 0.0753216 0.129549 0.212961 0.136423 0.174426
internal_weight=450980 415992 34988 16264 84587 48853 2343 13921 2306 18724 11615 954 331405 332 296 352 85 1974 1936 1137 1092 10704 10661 2929 7732 3778 89 248 191 6256 271 124 235 191 6023 5362 2039 1526 799 542 380 257 3285 2578 2658 2971 45075 290 150 35734 323 44362 1376 688 602 516 86 1268 198 88 85 80
internal_count=450980 415992 34988 16264 84587 48853 2343 13921 2306 18724 11615 954 331405 332 296 352 85 1974 1936 1137 1092 10704 10661 2929 7732 3778 89 248 191 6256 271 124 235 191 6023 5362 2039 1526 799 542 380 257 3285 2578 2658 2971 45075 290 150 35734 323 44362 1376 688 602 516 86 1268 198 88 85 80
is_linear=0
shrinkage=0.03


Tree=51
num_leaves=63
num_cat=0
split_feature=11 13 13 17 13 27 11 41 44 20 11 13 7 5 5 22 17 16 29 21 6 9 9 42 44 44 44 10 11 27 21 11 7 7 29 22 10 11 44 5 44 6 29 5 42 32 5 23 26 42 16 17 29 29 16 44 5 26 6 22 6 9
split_gain=59574.6 7733.92 4869.13 2033.82 1726.64 1469.32 4729.1 1885.21 1224.63 1200.26 1675.99 1163.14 1092.95 1117.52 1124.85 1190.89 1152.4 1228.14 1131.11 1246.89 1000.82 1274.14 1192.89 1713.84 986.9 930.882 888.089 886.669 857.036 906.973 877.055 939.908 1233.37 832.762 1160.31 976.505 940.246 908.205 863.899 1409.43 1048.61 1039.39 1134.54 846.721 1085.41 836.242 787.679 767.483 763.818 1173.32 1062.4 745.492 733.873 755.978 1181.8 1038.02 731.849 729.496 728.424 927.731 743.635 956.867
threshold=4.3214285373687753 1.4830068945884707 8.4553570747375506 0.85532835125923168 3.1471861600875859 3.5000000000000004 4.8928570747375497 1.0000000180025095e-35 0.33333276212215429 66.500000000000014 22.214285850524906 13.526785850524904 11.500000000000002 1.0000000180025095e-35 15.500000000000002 0.51785713434219371 12.598823547363283 10.348043918609621 18.500000000000004 30.500000000000004 46.500000000000007 9.5000000000000018 36.500000000000007 121.50000000000001 1.7417154908180239 3.9629058837890629 0.46376807987689977 20.928571701049808 8.3214282989501971 3.5000000000000004 24.500000000000004 9.3214282989501971 5.5000000000000009 11.500000000000002 4.5000000000000009 0.089285716414451613 9.5000000000000018 10.821428298950197 0.83333259820938121 13.500000000000002 0.9230763614177705 11.500000000000002 32.500000000000007 13.500000000000002 1445.5000000000002 2014.5000000000002 1.0000000180025095e-35 0.57499998807907116 1.0390727519989016 972.50000000000011 8.3399577140808123 10.146803855895998 1.5000000000000002 48.500000000000007 11.894125938415529 0.71428519487380993 1.0000000180025095e-35 1.0085324645042422 37.500000000000007 0.12500000372529033 1.0000000180025095e-35 14.500000000000002
decision_type=2 2 2 2 2 2 2 2 2 2 2 2 2 2 2 2 2 2 2 2 2 10 10 2 2 2 2 2 2 2 2 2 2 2 2 2 2 2 2 2 2 2 2 2 2 2 2 2 2 2 2 2 2 2 2 2 2 2 2 2 2 10
left_child=1 3 12 -1 -3 11 -7 9 -6 10 26 27 13 -2 15 16 28 -18 19 24 21 -13 23 -23 -17 -5 56 46 29 -15 31 -30 -33 58 -35 38 37 -37 43 40 -40 -42 -43 44 51 -38 48 -10 49 -4 -51 -36 -48 -54 55 -55 -8 -57 60 -60 61 -28
right_child=2 4 5 25 8 6 7 -9 47 -11 -12 20 -14 14 -16 18 17 -19 -20 -21 -22 22 -24 -25 -26 -27 33 -29 30 -31 -32 32 -34 34 35 36 45 -39 39 -41 41 42 -44 -45 -46 -47 52 -49 -50 50 -52 -53 53 54 -56 57 -58 -59 59 -61 -62 -63
leaf_value=-0.0061420553985861489 0.012840877755594456 0.0051160706171867734 -0.048255253805073346 -0.0016782814707043132 -0.0082172544407040065 0.43551775234881962 -0.073184462542012441 -0.011541014033439928 0.039655112953348629 -0.017480530997908972 0.29113717373764403 0.034711415662509654 0.047127377231201896 0.023617881382290956 0.010278495852616695 0.22282285477660446 -0.0041200269894166421 0.22212673571792801 0.023851114638051629 0.30632991364175094 0.25416816371347611 0.34369753469557351 -0.01206382427929459 0.11586603577576964 0.057130467872791552 0.036472679184982676 0.17398346612244767 0.19500508124178104 0.072905767788157841 0.0405727617523041 0.044407248422982021 0.34434713674690631 0.072158857889943737 0.0046945306448909242 0.19671820193458336 0.066876649204933802 0.14562057156971964 -0.073067191136078041 0.05187283432241907 0.044223436550989016 0.11143820591522066 0.15591690871628597 0.35460472666485066 0.30261175677502433 0.29537301293805113 0.010320703712168672 0.14634561820788319 0.018161409103772095 0.077627022584709424 0.16224810644279175 0.0062230236447662172 0.030159815215291992 0.040792303598603051 0.28699422795709179 -0.027851999485250654 0.060894962800008577 0.064587827976575612 0.18903737658584976 0.2854643489621651 0.058450971069224068 0.05958183667494775 0.010363761956437992
leaf_weight=236062 3031 38538 273 133338 1358 32 63 240 1838 121 33 320 3820 6812 1775 45 34 59 129 33 30 34 52 234 115 578 113 34 196 4871 1405 30 30 105 42 172 197 55 64 169 80 52 52 45 35 52 65 8021 118 53 151 57 3417 30 59 140 77 56 31 34 1830 45
leaf_count=236062 3031 38538 273 133338 1358 32 63 240 1838 121 33 320 3820 6812 1775 45 34 59 129 33 30 34 52 234 115 578 113 34 196 4871 1405 30 30 105 42 172 197 55 64 169 80 52 52 45 35 52 65 8021 118 53 151 57 3417 30 59 140 77 56 31 34 1830 45
internal_value=1.63885e-06 -0.00297339 0.0399643 -0.00446675 0.00813122 0.0587862 0.0728998 0.069805 0.01849 0.0753457 0.0786471 0.0482092 0.0325127 0.0295052 0.0327565 0.0356561 0.0342891 0.139481 0.0926676 0.13862 0.0850327 0.0770636 0.119387 0.144893 0.103851 -0.00151358 0.0765573 0.0425948 0.0335548 0.0306873 0.0537203 0.10479 0.208624 0.0797635 0.0998894 0.109211 0.0771361 0.0329457 0.134808 0.111085 0.156606 0.192979 0.25552 0.189971 0.151936 0.117387 0.041402 0.022169 0.00932014 -0.00758717 0.0468259 0.100963 0.0464686 0.0447106 0.0916533 0.122857 0.00257161 0.0975925 0.0682201 0.167014 0.064981 0.127428
internal_weight=450980 419733 31247 369978 49755 8862 3796 3764 11217 3524 3403 5066 22385 18565 15534 13759 13437 93 322 193 670 640 320 268 160 133916 3370 4396 13344 11683 1661 256 60 3230 1177 1072 476 227 596 417 248 184 104 179 134 249 4362 9859 595 477 204 99 3767 3702 285 226 140 196 2053 65 1988 158
internal_count=450980 419733 31247 369978 49755 8862 3796 3764 11217 3524 3403 5066 22385 18565 15534 13759 13437 93 322 193 670 640 320 268 160 133916 3370 4396 13344 11683 1661 256 60 3230 1177 1072 476 227 596 417 248 184 104 179 134 249 4362 9859 595 477 204 99 3767 3702 285 226 140 196 2053 65 1988 158
is_linear=0
shrinkage=0.03


Tree=52
num_leaves=63
num_cat=0
split_feature=13 13 13 13 45 36 42 23 8 45 13 10 22 43 10 14 23 21 7 43 6 30 43 23 26 14 28 36 27 43 14 26 8 8 6 42 8 14 15 15 42 15 43 44 14 28 36 26 8 15 30 6 28 26 13 28 15 13 7 6 36 38
split_gain=56038.3 5650.2 5443.36 1496.09 1471.33 1571.47 1705.09 1606.15 3212.96 4950.32 1454.29 1075.78 1449.12 1047.78 1509.33 1032.78 1551.21 967.569 947.816 922.656 2861.54 890.28 1252.6 849.297 818.956 1246.01 816.474 781.858 762.212 752.029 729.907 1027.36 1583.92 862.107 725.943 2054.82 1390.35 699.911 917.601 930.27 915.275 1027.86 832.483 971.501 680.965 675.204 664.224 756.328 662.798 934.254 661.109 659.677 1033.89 1887.3 891.016 1254.69 905.18 682.895 1167.1 635.675 681.265 668.036
threshold=3.8125000000000004 0.99107143282890331 8.4553570747375506 2.1610023975372319 0.84294813871383678 -0.87837970256805409 33.500000000000007 0.43999999761581426 8.5000000000000018 1.389671862125397 5.3839285373687753 3.0714285373687749 0.33928571641445165 2.6250000000000004 14.500000000000002 6.6833618461714661e-07 0.62999999523162853 52.500000000000007 11.500000000000002 8.8392853736877459 8.5000000000000018 11.500000000000002 -1.5892856717109678 0.52000001072883617 1.0511984229087832 9.898292541503908 3.5000000000000004 1.0000000180025095e-35 4.5000000000000009 5.8750000000000009 1.7861406803131106 1.0398212075233462 8.5000000000000018 1.5000000000000002 37.500000000000007 284.50000000000006 2.5000000000000004 11.336833953857424 5.4037532806396493 5.6200675964355478 1594.5000000000002 12.990804195404055 0.12500000372529033 0.55813923478126537 5.0638771057128915 17.500000000000004 -0.87837970256805409 0.9866430163383485 2.5000000000000004 3.9404910802841191 1.5000000000000002 8.5000000000000018 22.500000000000004 0.96072828769683849 9.6160712242126483 13.500000000000002 11.184393882751467 8.8839287757873553 6.5000000000000009 5.5000000000000009 1.0000000180025095e-35 0.68301269412040722
decision_type=2 2 2 2 2 2 2 2 2 2 2 2 2 2 2 2 2 2 2 2 2 2 2 2 2 2 2 2 2 2 2 2 2 2 2 2 2 2 2 2 2 2 2 2 2 2 2 2 2 2 2 2 2 2 2 2 2 2 2 2 2 2
left_child=1 15 10 29 17 11 -7 8 9 -8 46 -6 13 14 51 -1 50 21 26 34 -21 48 -23 -15 25 -19 30 -5 -18 -3 -12 44 33 -33 37 -36 -37 38 -9 -40 -41 42 43 -42 -32 -27 47 -2 -4 -50 -17 57 53 -53 -55 56 -56 58 -13 -28 -61 -62
right_child=2 3 4 27 5 6 7 19 -10 -11 18 12 -14 23 -16 16 28 24 -20 20 -22 22 -24 -25 -26 45 59 -29 -30 -31 31 32 -34 -35 35 36 -38 -39 39 40 41 -43 -44 -45 -46 -47 -48 -49 49 -51 -52 52 -54 54 55 -57 -58 -59 -60 60 61 -63
leaf_value=-0.0078594035392297243 0.077831160002143962 0.0012658294559161197 0.02022419713081473 0.016076693146616208 -0.082961868440276532 -0.12855056262977291 0.038877766952555404 -0.0045087833655573489 -0.053729741497898928 0.55488422787078073 -0.032401811683185296 0.030659528216685397 0.2860902858212635 0.064193088024933717 0.30816936793740202 0.10368292476470282 -0.0052241430245423288 0.22619852537765905 0.050788647218375102 0.37272561775885543 -0.003463194085822447 0.2671329865381617 0.091887987451389291 -0.078575353144772625 0.27627230041877016 0.10310275369980296 0.022906033260377465 0.0036760100057553679 -0.0013890689810453249 0.098876573074970567 0.078320820396213561 0.1655560432608599 0.29165368895678617 0.0050499739625085027 0.26950176649412527 0.18622873794083922 -0.018661245159899687 0.022321330328599513 0.17652228590851782 0.04226228476212484 0.018677795754039366 -0.017657886446452182 0.034895889775230886 0.1740936379657467 0.028309153723011484 -0.062485331233444526 0.018088425754232144 0.028151970946762635 0.22583706582199964 0.067304109946038818 0.024123240793579571 0.37370389316683617 0.047205353617167267 0.036484558576895511 0.20957951571408692 0.30870925877531269 -0.021283497124239562 0.040227114254499666 0.28558271587885092 0.046183635570065572 0.033613133135753592 -0.0056946611643367527
leaf_weight=87261 349 80133 274 10705 33 52 35 296 40 32 81 35 33 113 30 155 162837 55 2828 30 46 45 199 56 33 67 6508 7993 65365 71 423 54 41 68 47 42 102 1715 52 2606 45 64 87 186 583 33 9896 1316 34 1852 239 32 107 66 30 40 31 268 30 3012 1572 517
leaf_count=87261 349 80133 274 10705 33 52 35 296 40 32 81 35 33 113 30 155 162837 55 2828 30 46 45 199 56 33 67 6508 7993 65365 71 423 54 41 68 47 42 102 1715 52 2606 45 64 87 186 583 33 9896 1316 34 1852 239 32 107 66 30 40 31 268 30 3012 1572 517
internal_value=1.63611e-06 -0.00312349 0.0357867 0.00313396 0.0560532 0.0483085 0.0422581 0.0438979 0.158934 0.285811 0.0291126 0.0849553 0.0913278 0.0836231 0.100482 -0.00508284 -0.00402295 0.075116 0.0350627 0.0415802 0.145307 0.0699834 0.12431 0.0168578 0.140668 0.111628 0.0316037 0.0107758 -0.00412565 0.00135238 0.0546426 0.0606775 0.130536 0.0761833 0.0400733 0.0974801 0.0411757 0.0379003 0.0459079 0.0508173 0.0486234 0.0919923 0.114064 0.143845 0.0493451 0.0484359 0.0210386 0.0385702 0.0638403 0.0701747 0.0554443 0.0906822 0.122487 0.162914 0.122315 0.178295 0.0923883 0.0614232 0.148597 0.0291224 0.0370524 0.0238844
internal_weight=450980 414759 36221 98902 8973 6381 5477 5425 107 67 27248 904 871 838 669 315857 228596 2592 15687 5318 76 2404 244 169 188 155 12859 18698 228202 80204 1250 1169 163 122 5242 191 144 5051 3336 3040 2988 382 318 231 1006 100 11561 1665 2160 1886 394 639 306 199 167 101 61 333 65 11609 5101 2089
internal_count=450980 414759 36221 98902 8973 6381 5477 5425 107 67 27248 904 871 838 669 315857 228596 2592 15687 5318 76 2404 244 169 188 155 12859 18698 228202 80204 1250 1169 163 122 5242 191 144 5051 3336 3040 2988 382 318 231 1006 100 11561 1665 2160 1886 394 639 306 199 167 101 61 333 65 11609 5101 2089
is_linear=0
shrinkage=0.03


Tree=53
num_leaves=63
num_cat=0
split_feature=12 12 13 13 36 13 12 23 9 28 7 38 28 27 6 44 18 20 7 12 6 9 7 43 8 21 0 12 13 6 43 12 7 7 14 9 10 28 26 8 20 10 44 45 28 7 39 30 28 26 45 28 21 26 26 43 32 7 36 41 21 28
split_gain=52867.6 6576.92 4279.86 2015.99 1726.94 1390.76 1314.66 1174.95 1107.06 1184.19 2605.12 1312.9 1555.57 1362.95 963.847 955.795 925.741 870.889 867.591 811.604 784.683 784.052 1114.74 777.53 777.024 1336.82 1261.29 1095.56 818.128 770.511 1802.52 1728.6 4779.53 1065.27 996.73 964.19 1112.16 1015.21 944.413 1243.34 1013.48 993.458 849.124 1095.15 826.366 796.615 1005.34 771.24 759.632 748.468 1487.52 1688.27 866.177 738.265 732.497 1036.55 831.042 873.297 704.723 689.895 687.018 683.031
threshold=4.3392858505249032 1.5892856717109682 9.8482141494750994 0.60749301314353954 -0.87837970256805409 5.9553573131561288 6.9821429252624521 0.76000002026557933 65.000000000000014 3.5000000000000004 9.5000000000000018 -0.25000000000000006 1.5000000000000002 2.5000000000000004 10.500000000000002 0.26666629314422613 2.5000000000000004 20.500000000000004 2.5000000000000004 12.053571224212648 15.500000000000002 48.500000000000007 4.5000000000000009 -2.946428537368774 28.500000000000004 41.500000000000007 259.50000000000006 9.7321429252624529 7.9910714626312265 35.500000000000007 6.4464285373687753 14.267857074737551 16.500000000000004 37.500000000000007 8.1766209602355975 12.500000000000002 21.071428298950199 27.500000000000004 1.0348548889160158 29.500000000000004 22.500000000000004 11.785714149475099 0.93127998709678661 0.9563976824283601 14.500000000000002 12.500000000000002 -0.68301269412040699 7.5000000000000009 3.5000000000000004 0.9855308234691621 1.5644172430038454 13.500000000000002 74.500000000000014 0.9823700785636903 0.99237549304962169 -4.4107141494750968 2012.5000000000002 27.500000000000004 1.0000000180025095e-35 1.0000000180025095e-35 51.500000000000007 15.500000000000002
decision_type=2 2 2 2 2 2 2 2 8 2 2 2 2 2 2 2 2 2 2 2 2 8 2 2 2 2 2 2 2 2 2 2 2 2 2 10 2 2 2 2 2 2 2 2 2 2 2 2 2 2 2 2 2 2 2 2 2 2 2 2 2 2
left_child=1 3 4 -1 21 16 -4 15 9 10 23 13 -13 -12 -14 -3 -6 -10 -7 24 -19 54 -23 -8 49 26 27 -26 -27 33 31 60 -33 34 38 -36 37 -37 -11 40 45 -42 43 -35 -44 -40 -47 -45 -18 50 53 -52 59 -20 55 -2 57 -56 -5 -51 61 -31
right_child=2 7 6 58 5 18 8 -9 17 29 11 12 14 -15 -16 -17 48 20 19 -21 -22 22 -24 -25 25 28 -28 -29 -30 30 -32 32 -34 42 35 36 -38 -39 39 -41 41 -43 44 47 -46 46 -48 -49 -50 52 51 -53 -54 -55 56 -57 -58 -59 -60 -61 -62 -63
leaf_value=-0.0057293080519746215 -0.074942156803064902 -0.012212577977764823 0.25118161646260956 0.00079899409584414298 0.017852668372175716 0.02414416979944177 0.17415362022523803 0.0048884468969929151 -0.093124360534062992 0.060407976588025658 -0.035313835015257311 0.098078231383592646 0.24161183838683767 0.20278673014212778 0.4619283540299291 0.017859219331561163 0.1509128665197049 0.086783980072807715 0.044011092553370199 -0.069291073337767559 -0.051332889579444513 0.2885367538267592 0.052484049475906694 0.027707641397924185 0.049493297423470028 0.10943997258839962 0.29173038361932307 0.24577847668590072 -0.05641554753423262 0.05115595914351595 -0.04417648085519929 0.54758706010255209 0.021084782391624861 0.33626436088370321 0.027423385948565079 0.045195908437170348 0.20171079021383381 0.14809075836622271 0.021392063228448714 0.30274850901575184 0.31029318992398741 0.088525314274735339 -0.064264649553833708 0.038802532026773258 0.13680957174391037 0.043462555870765779 0.27366612099087123 0.23508035424342108 0.043817732968106114 0.037881297077905156 0.31673717830395159 0.05406790837205476 -0.061036598395802832 0.10189851087886677 0.052356738844067378 0.069512033933815734 0.021907176767502114 0.18220668177217123 -0.0036599750163069465 -0.00025758319488005939 0.014120607144360784 0.24222034454667016
leaf_weight=244291 46 1031 33 74563 8644 4159 38 31318 68 1200 36 35 40 54 33 12277 66 99 2875 60 59 30 45 228 103 44 39 34 68 31 52 31 31 30 1570 671 52 99 132 30 35 38 32 43 43 38 31 31 611 5322 40 49 86 213 933 1491 1240 49 55752 464 57 37
leaf_count=244291 46 1031 33 74563 8644 4159 38 31318 68 1200 36 35 40 54 33 12277 66 99 2875 60 59 30 45 228 103 44 39 34 68 31 52 31 31 30 1570 671 52 99 132 30 35 38 32 43 43 38 31 31 611 5322 40 49 86 213 933 1491 1240 49 55752 464 57 37
internal_value=1.62835e-06 -0.002825 0.0373271 -0.00412192 0.0325436 0.0294204 0.0626926 0.00806174 0.0614443 0.0645131 0.110059 0.192428 0.262942 0.107596 0.341723 0.0155293 0.0204993 -0.00342879 0.0355542 0.0406036 0.0351994 0.0511776 0.147184 0.0486917 0.0413107 0.0898225 0.14136 0.0983611 0.0087681 0.0596116 0.111971 0.1554 0.284818 0.0565377 0.0532465 0.0412098 0.067533 0.0584447 0.072385 0.119622 0.0994635 0.195152 0.128093 0.183554 0.0510266 0.0646237 0.147155 0.121254 0.0542813 0.0397656 0.051497 0.172361 0.0334174 0.0480076 0.0492578 0.0651832 0.0382388 0.0588554 -0.00110865 0.0348226 0.0910201 0.155343
internal_weight=450980 419232 31748 374606 26711 22877 5037 44626 5004 4778 464 198 108 90 73 13308 9321 226 13556 9397 158 3834 75 266 9337 288 176 137 112 4314 239 187 62 4075 3896 2392 822 770 1504 304 274 73 179 104 75 201 69 74 677 9049 3177 89 5872 3088 3759 1537 2222 982 130315 5786 125 68
internal_count=450980 419232 31748 374606 26711 22877 5037 44626 5004 4778 464 198 108 90 73 13308 9321 226 13556 9397 158 3834 75 266 9337 288 176 137 112 4314 239 187 62 4075 3896 2392 822 770 1504 304 274 73 179 104 75 201 69 74 677 9049 3177 89 5872 3088 3759 1537 2222 982 130315 5786 125 68
is_linear=0
shrinkage=0.03


Tree=54
num_leaves=63
num_cat=0
split_feature=11 11 13 11 13 27 11 41 20 11 30 14 29 7 27 14 17 11 44 15 42 8 42 7 28 28 21 22 6 44 15 42 13 7 29 13 28 28 11 26 19 27 6 14 8 45 45 5 45 11 30 44 6 22 6 15 11 28 44 27 5 45
split_gain=49835.2 6474.54 4069.32 2258.09 1474.7 1314.17 4464.46 1742.87 1121.17 1490.09 1083.88 1326.64 1850.93 2938.09 1470.02 1011.82 1292.14 1007.16 1685.36 1448.7 1432.87 1257.71 935.894 1327.48 969.347 954.534 933.698 927.905 821.702 801.421 1015.78 1261.88 1025.62 891.272 1291.48 944.616 1110.97 785.323 784.316 760.251 747.67 735.496 734.24 811.121 832.612 1601.1 1212.54 1178.68 683.372 703.686 996.684 682.521 704.479 1228.49 681.193 680.13 670.435 666.501 847.848 1590.07 665.889 744.711
threshold=4.3214285373687753 1.8214285373687746 8.4553570747375506 0.60714286565780651 3.1471861600875859 3.5000000000000004 4.8928570747375497 1.0000000180025095e-35 66.500000000000014 22.214285850524906 11.500000000000002 8.0118951797485369 50.500000000000007 6.5000000000000009 1.5000000000000002 7.8148198127746591 7.0942060947418222 14.892857074737551 1.7142837047576907 12.51548480987549 895.50000000000011 11.500000000000002 357.50000000000006 21.500000000000004 13.500000000000002 29.500000000000004 68.500000000000014 0.73214286565780651 7.5000000000000009 0.46376807987689977 16.73582744598389 146.50000000000003 9.9727091789245623 10.500000000000002 4.5000000000000009 10.651785850524904 3.5000000000000004 3.5000000000000004 5.7500000000000009 1.0482040047645571 1.0000000180025095e-35 3.5000000000000004 44.500000000000007 10.092429637908937 28.500000000000004 1.2133972048759463 0.94954836368560802 8.5000000000000018 1.6918285489082339 7.1785714626312265 8.5000000000000018 0.70588147640228283 2.5000000000000004 0.12500000372529033 8.5000000000000018 5.136480467626826e-07 7.0357143878936776 28.500000000000004 0.69565156102180492 3.5000000000000004 1.0000000180025095e-35 1.2981449365615847
decision_type=2 2 2 2 2 2 2 2 2 2 2 2 2 2 2 2 2 2 2 2 2 2 2 2 2 2 2 2 2 2 2 2 2 2 2 2 2 2 2 2 2 2 2 2 2 2 2 2 2 2 2 2 2 2 2 2 2 2 2 2 2 2
left_child=1 3 15 55 -3 10 -7 8 9 29 17 12 13 -12 -14 16 28 38 19 20 -19 39 23 25 -25 -18 -13 56 -2 60 33 -32 -33 48 -35 40 -37 -24 -4 -21 -36 -5 43 44 -40 46 47 -46 49 50 51 -31 -53 -54 -41 -1 -17 58 59 -58 -8 -62
right_child=2 4 5 41 -6 6 7 -9 -10 -11 11 26 14 -15 -16 27 22 18 -20 21 -22 -23 37 24 -26 -27 -28 -29 -30 30 31 32 -34 34 35 36 -38 -39 42 54 -42 -43 -44 -45 45 -47 -48 -49 -50 -51 -52 52 53 -55 -56 -57 57 -59 -60 -61 61 -63
leaf_value=-0.0084744687435969277 0.023306838298343499 0.0056758957495143779 -0.031233530074530919 -0.002682795307152971 0.019218700500221255 0.41942990359301874 -0.071894247261733518 -0.014114155401407848 -0.020286625750627427 0.27297539065611687 0.46123879017922353 0.070973671829922466 0.19285302164812163 0.087605695327618471 -0.072651885817270445 0.0087865103247405929 0.054818138250517595 0.26455039334607949 0.2856595814682521 0.037920509729623596 0.017634808699930865 -0.042696785024795944 0.082437753606628097 0.29328401440435353 0.10336066099229543 0.21250425072505533 -0.093913461214456803 0.15711403158448989 0.041322374147445363 0.040003867916001842 0.31060154286035957 0.24373413712116487 0.059120242216246156 -0.0097351621914306928 0.063758732360913811 0.28442412062374217 0.11728818141734941 0.035641341659276085 0.041836383076670647 0.064787766710620059 0.16445671710495732 0.0017400989867679551 0.14340983587780423 0.018198261379745711 0.26240649864898891 0.30994893660180983 -0.037847479849575677 0.017373100411135625 -0.078807807519716805 0.051177262298436339 0.015623653409314067 0.29002116403911471 0.23464200727670739 0.016960705159072116 0.2578442462483459 -0.0047179627506904465 0.29237900095737246 -0.021571996713025447 0.029255854345447623 -0.013664561809099392 -0.030169308099737783 0.15634899708600539
leaf_weight=56228 8012 25469 155 78782 10109 32 63 240 121 33 36 259 36 40 39 3077 817 56 34 121 34 117 359 39 64 36 35 44 3185 42 33 36 109 108 576 39 434 3201 2360 32 75 59315 58 1463 38 30 56 33 33 1537 77 37 51 43 34 189830 31 229 3261 30 40 37
leaf_count=56228 8012 25469 155 78782 10109 32 63 240 121 33 36 259 36 40 39 3077 817 56 34 121 34 117 359 39 64 36 35 44 3185 42 33 36 109 108 576 39 434 3201 2360 32 75 59315 58 1463 38 30 56 33 33 1537 77 37 51 43 34 189830 31 229 3261 30 40 37
internal_value=1.62499e-06 -0.00271937 0.0365521 -0.00385328 0.00952398 0.0537588 0.0671064 0.0640996 0.069427 0.0726178 0.0437559 0.0884732 0.160731 0.264983 0.0548576 0.0297398 0.0338962 0.0394475 0.0832847 0.065749 0.171411 0.0344165 0.0474433 0.0738005 0.175503 0.061499 0.0513139 0.0199507 0.0284318 0.0706474 0.0736931 0.143362 0.105102 0.0696248 0.0893341 0.0988545 0.131129 0.040363 0.0349706 0.0826689 0.0753857 -0.000783077 0.0375129 0.0359658 0.0462914 0.113179 0.0664791 0.148723 0.0562781 0.0587778 0.105461 0.145405 0.17913 0.135204 0.164503 -0.00557639 0.0190375 0.0279193 0.031332 0.142065 0.000365678 0.0595235
internal_weight=450980 419733 31247 384155 35578 8862 3796 3764 3524 3403 5066 445 151 76 75 22385 15713 4621 428 394 90 304 4516 956 103 853 294 6672 11197 3370 3230 178 145 3052 1232 1124 473 3560 4193 187 651 138097 4038 3980 2517 157 127 71 1820 1787 250 173 131 94 66 246058 6628 3551 3322 61 140 77
internal_count=450980 419733 31247 384155 35578 8862 3796 3764 3524 3403 5066 445 151 76 75 22385 15713 4621 428 394 90 304 4516 956 103 853 294 6672 11197 3370 3230 178 145 3052 1232 1124 473 3560 4193 187 651 138097 4038 3980 2517 157 127 71 1820 1787 250 173 131 94 66 246058 6628 3551 3322 61 140 77
is_linear=0
shrinkage=0.03


Tree=55
num_leaves=63
num_cat=0
split_feature=11 13 13 13 11 27 11 41 44 20 11 30 14 9 43 6 5 5 17 11 17 13 21 14 6 44 11 41 42 44 15 8 13 7 29 13 28 20 6 18 43 43 42 15 8 9 11 6 44 36 8 5 6 27 10 0 6 8 5 44 28 7
split_gain=46891.5 6151.2 3829.32 1507.59 1495.76 1236.57 4201.52 1639.96 1099.44 1054.97 1402.34 1019.96 1248.56 1854.06 1228.11 2352.01 973.569 1460.98 1614.56 1157.17 1047.55 1059.17 878.619 871.038 1261.62 804.318 790.721 754.107 762.926 754.077 955.994 1201.33 1156.36 840.427 1137.61 870.906 1379.8 1080.46 1028.89 1679.6 848.047 1087.88 894.914 779.611 760.919 991.13 747.786 742.803 740.607 718.684 703.679 806.349 727.02 697.999 736.355 693.8 686.791 684.456 682.732 788.325 678.133 1035.43
threshold=4.3214285373687753 1.3763889074325564 8.4553570747375506 3.1471861600875859 0.46428571641445165 3.5000000000000004 4.8928570747375497 1.0000000180025095e-35 0.33333276212215429 66.500000000000014 22.214285850524906 11.500000000000002 8.0118951797485369 3.5000000000000004 8.8392853736877459 9.5000000000000018 2.5000000000000004 15.500000000000002 12.598823547363283 8.8214282989501971 6.2895889282226571 3.0446429252624516 68.500000000000014 6.7559494972229013 16.500000000000004 3.9999881982803349 5.7500000000000009 1.0000000180025095e-35 895.50000000000011 0.46376807987689977 16.73582744598389 17.500000000000004 10.128289699554445 11.500000000000002 4.5000000000000009 9.9727091789245623 3.5000000000000004 51.500000000000007 16.500000000000004 1.0000000180025095e-35 -2.4107142686843868 -2.946428537368774 171.50000000000003 3.9404910802841191 14.500000000000002 27.500000000000004 6.4642856121063241 19.500000000000004 2.2222170829772954 1.0000000180025095e-35 23.500000000000004 2.5000000000000004 18.500000000000004 4.5000000000000009 6.6428573131561288 252.50000000000003 5.5000000000000009 11.500000000000002 2.5000000000000004 0.66666609048843395 14.500000000000002 14.500000000000002
decision_type=2 2 2 2 2 2 2 2 2 2 2 2 2 10 2 2 2 2 2 2 2 2 2 2 2 2 2 2 2 2 2 2 2 2 2 2 2 2 2 2 2 2 2 2 2 10 2 2 2 2 2 2 2 2 2 2 2 2 2 2 2 2
left_child=1 4 16 49 -1 11 -7 9 -5 10 29 14 13 -13 26 -16 23 18 20 -20 21 -18 -14 24 53 -6 -4 28 47 -8 33 32 -32 43 -35 38 -37 40 56 -40 41 58 -42 -31 -45 50 -19 60 -48 -3 51 -46 -53 54 -2 -44 -36 -10 -38 -60 61 -22
right_child=2 3 5 8 25 6 7 -9 57 -11 -12 12 22 -15 15 -17 17 46 19 -21 27 -23 -24 -25 -26 -27 -28 -29 -30 30 31 -33 -34 34 35 36 37 -39 39 -41 42 -43 55 44 45 -47 48 -49 -50 -51 -52 52 -54 -55 -56 -57 -58 -59 59 -61 -62 -63
leaf_value=-0.0057236653091149066 0.014663615226898855 0.0073952681287688185 -0.030297127431780962 -0.0088925603945207363 -0.0019362434297321071 0.40688623291309745 0.00035522711066413487 -0.013690907280071361 0.01739110176436056 -0.019678529253387925 0.26481086645241586 0.31707970083156339 0.068845282833274152 0.087258965872143865 0.34772382030314186 0.0095028741002932283 0.078255376576199909 -0.014750840429220181 0.24014683691217575 0.02103305054549947 0.071478882549302042 0.02479457930361292 -0.091104085104078303 0.0082034076760966849 0.14834355632260576 0.041643446318213422 0.038627032804056959 0.0099570592813619969 0.038303645646523957 0.20237383235002229 0.23512060220608166 0.28369427416390014 0.042344342097940767 -0.0074349061264836116 0.092334759950774212 0.26601346126711078 0.001514698740128664 0.27865574917561364 0.047149575502101311 0.31261971760241941 -0.031304743863858175 0.31951584492905988 0.11638585357161049 0.042359035436164046 0.23821669573303303 -0.054851798558757249 0.018709747723604588 0.01264268128951096 0.13386940943824407 -0.00023886401803799716 0.054374318358425815 0.076910661667776062 0.22101623505420617 0.048032783061321985 0.060952230884420686 0.0039736618655891228 0.003060669396611529 0.044822961665562197 0.26337909241169288 0.067363856834864039 0.051198577853293521 0.15661591192306787
leaf_weight=209093 2844 25940 155 1358 153704 32 140 240 8958 121 33 45 259 106 33 42 353 706 60 34 868 6037 35 3206 78 382 4391 506 3149 32 39 40 99 101 131 54 33 31 53 36 62 30 244 1441 51 41 1431 263 52 19397 183 164 39 1037 347 62 190 901 37 37 1263 151
leaf_count=209093 2844 25940 155 1358 153704 32 140 240 8958 121 33 45 259 106 33 42 353 706 60 34 868 6037 35 3206 78 382 4391 506 3149 32 39 40 99 101 131 54 33 31 53 36 62 30 244 1441 51 41 1431 263 52 19397 183 164 39 1037 347 62 190 901 37 37 1263 151
internal_value=1.61969e-06 -0.00263779 0.0354561 0.00656548 -0.00407093 0.0521477 0.0650953 0.0621784 0.0164128 0.0673461 0.0704413 0.0424446 0.0858235 0.155923 0.0382652 0.158605 0.0288478 0.0332944 0.0372005 0.161015 0.0362747 0.0277493 0.0497741 0.0200435 0.0288582 -0.00182817 0.0362761 0.0450605 0.0481795 0.0685297 0.0714841 0.139072 0.0969663 0.0675373 0.0884989 0.0981895 0.121534 0.106928 0.0645712 0.154778 0.0963307 0.160048 0.0725687 0.0557034 0.0532465 0.0860493 0.0106594 0.0603965 0.0227575 0.00412905 0.0992818 0.131596 0.104699 0.0266501 0.0196994 0.0936232 0.0395155 0.0198986 0.115067 0.165615 0.0658987 0.0841105
internal_weight=450980 419733 31247 56554 363179 8862 3796 3764 11217 3524 3403 5066 445 151 4621 75 22385 14873 12684 94 12590 6390 294 7512 4306 154086 4546 6200 5694 3370 3230 178 138 3052 1101 1000 590 536 410 89 505 137 368 1951 1919 478 2189 2545 1483 45337 437 254 203 4228 3191 306 321 9859 107 74 2282 1019
internal_count=450980 419733 31247 56554 363179 8862 3796 3764 11217 3524 3403 5066 445 151 4621 75 22385 14873 12684 94 12590 6390 294 7512 4306 154086 4546 6200 5694 3370 3230 178 138 3052 1101 1000 590 536 410 89 505 137 368 1951 1919 478 2189 2545 1483 45337 437 254 203 4228 3191 306 321 9859 107 74 2282 1019
is_linear=0
shrinkage=0.03


Tree=56
num_leaves=63
num_cat=0
split_feature=11 13 11 17 10 13 14 17 14 9 10 28 16 45 5 5 22 14 5 28 45 43 7 13 44 5 38 44 13 26 26 42 45 11 7 45 9 9 44 44 9 22 44 22 44 22 26 9 37 42 7 14 17 28 26 42 17 10 29 27 22 14
split_gain=44121.6 5797.56 3654.96 1581.05 1281.24 1553.34 1254.23 1863.88 1238.04 1323.75 1575.28 1109.79 1145.63 1029.51 973.918 1288.28 1077.32 906.802 1081.78 1343.55 1488.9 1639.91 1103.33 869.818 1049.82 1038.34 835.687 798.32 786.023 1224.96 932.027 1175.09 777.978 840.278 772.996 757.944 936.8 846.887 804.294 977.334 763.664 750.64 739.538 701.059 695.38 690.03 689.142 681.1 664.099 1070.89 1163.04 1793.01 1039.45 926.874 726.207 723.394 671.271 651.077 624.827 624.327 610.092 609.088
threshold=4.3214285373687753 1.4830068945884707 9.1785717010498065 0.83125063776969921 0.21428572386503222 3.1471861600875859 6.7559494972229013 7.3275411128997812 8.8653955459594744 12.500000000000002 21.071428298950199 27.500000000000004 11.298938274383547 1.0132766366004946 1.5000000000000002 15.500000000000002 0.69642856717109691 3.5006512177915289e-07 4.5000000000000009 3.5000000000000004 1.7638289332389834 -2.0178571939468379 1.5000000000000002 15.34531879425049 0.38095200061798101 9.5000000000000018 0.93301269412040722 3.9999827146530156 10.312500000000002 1.0769085288047793 0.94639605283737194 723.50000000000011 1.0595946907997134 22.571428298950199 3.5000000000000004 1.1758874058723452 25.500000000000004 24.500000000000004 0.88235267996788036 1.1162784695625307 19.500000000000004 0.12500000372529033 1.4117629528045657 0.30357143282890325 0.74210983514785778 0.37500000000000006 0.94345536828041088 6.5000000000000009 1.0000000180025095e-35 454.50000000000006 5.5000000000000009 2.8826215267181401 8.3412408828735369 25.500000000000004 1.0042240619659426 1536.5000000000002 9.3548898696899432 13.500000000000002 40.500000000000007 4.5000000000000009 0.73214286565780651 11.635331630706789
decision_type=2 2 2 2 2 2 2 2 2 10 2 2 2 2 2 2 2 2 2 2 2 2 2 2 2 2 2 2 2 2 2 2 2 2 2 2 10 10 2 2 10 2 2 2 2 2 2 10 2 2 2 2 2 2 2 2 2 2 2 2 2 2
left_child=1 3 6 -1 -3 59 7 -2 23 32 11 35 -13 -12 46 16 28 -9 48 22 26 -22 -20 24 -4 -25 -21 -5 30 -30 31 -16 33 44 -24 36 38 -37 40 61 -11 -36 -41 -33 -10 -34 -8 -43 49 50 53 -52 -50 -19 -53 -51 -56 -39 -38 -6 -7 -40
right_child=2 4 8 27 5 60 14 17 9 10 13 12 -14 -15 15 -17 -18 18 19 20 21 -23 34 25 -26 -27 -28 -29 29 -31 -32 43 45 -35 41 37 58 57 39 42 -42 47 -44 -45 -46 -47 -48 -49 52 55 51 54 -54 -55 56 -57 -58 -59 -60 -61 -62 -63
leaf_value=-0.0053889476112235508 0.026881494605695704 -0.015579877540498237 0.20278375668733878 -0.0014741411289607128 0.002741146778738845 0.017733070393799729 -0.05955548078725454 0.16700629477573528 0.1518133252498742 0.22620310040855748 0.10069049422466041 0.071260770709658083 0.2552807714125353 0.31617374736516424 -0.005761872367792565 0.00219645138796612 0.1837803793796435 0.013186305136962079 0.00054121635594943276 0.056633503765709386 0.34775544087184923 0.076750979095236038 0.30101984466558313 0.028096455859366775 0.061474037546770978 0.22899260967825918 -0.015031531610746404 0.039699526575604951 0.05528068502684947 0.25040610530411106 0.026881042807646988 0.097454358029396337 0.013438713180623379 0.19210324234942083 0.21996595966323518 0.050535625301673798 -0.044383239726547077 0.22427149942456767 0.036122316190812638 0.10815985644142632 0.03610306867209806 0.0018717834594640921 -0.017666043752663233 0.2456875171724992 0.040521992433095726 0.089790660226676783 0.007702856495410716 0.18448150407510935 0.05728958675061583 0.013329293018031263 0.30951681729812358 -0.015602856363322488 -0.011883959703490266 0.18994545841158345 0.20042693848617857 0.076103640154415314 0.059544228188657532 0.077682498378529696 0.059452602511567823 0.011352864575863705 0.11359943339759219 -0.075822471162224556
leaf_weight=229161 10662 2153 48 140392 26522 10413 145 59 52 45 45 78 50 36 70 1503 43 189 43 1612 32 54 33 37 3022 62 161 425 147 36 3791 87 1609 35 58 178 176 59 101 189 33 45 54 43 1705 114 2488 31 306 682 43 42 541 31 60 218 62 51 74 10607 60 77
leaf_count=229161 10662 2153 48 140392 26522 10413 145 59 52 45 45 78 50 36 70 1503 43 189 43 1612 32 54 33 37 3022 62 161 425 147 36 3791 87 1609 35 58 178 176 59 101 189 33 45 54 43 1705 114 2488 31 306 682 43 42 541 31 60 218 62 51 74 10607 60 77
internal_value=1.61262e-06 -0.00255866 0.034393 -0.00385163 0.00705583 0.00807969 0.0284091 0.0336077 0.0519871 0.0423136 0.0688838 0.0599761 0.143298 0.196751 0.0190956 0.0260456 0.0345452 0.0502765 0.0486491 0.0641778 0.0560454 0.177894 0.136101 0.0665179 0.0636905 0.154029 0.0501245 -0.00134984 0.0330031 0.09379 0.0302132 0.0933208 0.0328929 0.0467325 0.170976 0.0496771 0.0337621 0.0910358 0.0575068 0.0410873 0.145945 0.138738 0.0801966 0.146648 0.0438251 0.0184962 0.00399623 0.0765216 0.0338674 0.0471141 0.0862374 0.137268 0.0131088 0.0381751 0.0919346 0.0285431 0.12895 0.156453 -0.0136304 0.0052014 0.0182835 -0.0123102
internal_weight=450980 419733 31247 369978 49755 47602 23317 14964 7930 4761 1246 1165 128 81 8353 5720 4217 4302 4243 2069 1859 86 210 3169 3070 99 1773 140817 4174 183 3991 200 3515 1792 167 1037 749 288 499 421 78 134 243 130 1757 1723 2633 76 2174 1327 427 207 847 220 164 900 122 110 250 37129 10473 178
internal_count=450980 419733 31247 369978 49755 47602 23317 14964 7930 4761 1246 1165 128 81 8353 5720 4217 4302 4243 2069 1859 86 210 3169 3070 99 1773 140817 4174 183 3991 200 3515 1792 167 1037 749 288 499 421 78 134 243 130 1757 1723 2633 76 2174 1327 427 207 847 220 164 900 122 110 250 37129 10473 178
is_linear=0
shrinkage=0.03


Tree=57
num_leaves=63
num_cat=0
split_feature=12 11 11 10 36 44 14 9 10 6 12 8 9 29 11 8 28 11 43 28 14 19 9 28 27 43 7 37 45 11 45 21 7 43 12 6 7 6 26 32 29 27 44 12 6 26 8 0 11 6 14 7 44 43 12 44 29 45 8 22 6 26
split_gain=41614.2 5260.75 3519.57 1562.88 1331.86 1249.76 1164.79 1245.75 1482.47 1237.79 1157.32 1227.28 1506.19 1419.82 1193.81 1104.57 1651.01 1050.57 1026.04 985.542 2153.39 927.77 856.962 843.062 814.482 812.516 779.242 835.895 732.022 790.79 697.695 677.555 2023.11 676.769 945.349 1177.49 919.4 679.935 674.32 709.001 668.912 664.703 654.384 653.936 1064.74 1174.34 794.446 1020.37 901.209 849.081 756.078 760.695 794.235 1001.23 691.882 947.914 664.222 769.34 652.49 649.288 712.642 634.991
threshold=4.3392858505249032 1.464285731315613 9.1785717010498065 0.21428572386503222 -0.87837970256805409 0.36363567411899572 8.8653955459594744 12.500000000000002 21.071428298950199 25.500000000000004 12.696428775787355 20.500000000000004 17.500000000000004 43.500000000000007 13.250000000000002 6.5000000000000009 26.500000000000004 2.6071428060531621 -0.69642856717109669 7.5000000000000009 1.0000000180025095e-35 1.0000000180025095e-35 52.500000000000007 23.500000000000004 4.5000000000000009 -2.6607142686843868 25.500000000000004 -0.56174489110708226 1.0595946907997134 22.571428298950199 1.4491112828254702 21.500000000000004 6.5000000000000009 -2.196428537368774 9.5178570747375506 8.5000000000000018 27.500000000000004 1.0000000180025095e-35 1.0404887795448305 2011.5000000000002 5.5000000000000009 4.5000000000000009 0.74210983514785778 9.1607146263122576 1.5000000000000002 1.0836695432662966 7.5000000000000009 64.500000000000014 8.3214282989501971 8.5000000000000018 7.9147241115570077 16.500000000000004 1.254901707172394 2.4107142686843877 10.160714626312258 0.85714235901832592 9.5000000000000018 1.018349349498749 20.500000000000004 0.37500000000000006 16.500000000000004 0.99237549304962169
decision_type=2 2 2 2 2 2 2 10 2 2 2 2 8 2 2 2 2 2 2 2 2 2 8 2 2 2 2 2 2 2 2 2 2 2 2 2 2 2 2 2 2 2 2 2 2 2 2 2 2 2 2 2 2 2 2 2 2 2 2 2 2 2
left_child=1 3 4 -1 5 -2 10 28 15 -10 31 13 14 23 -13 30 21 41 -18 20 -6 25 33 26 -5 -17 27 -12 29 42 38 32 -4 34 37 -36 61 -7 39 -9 -39 -3 -8 50 -45 46 56 48 -48 -50 -21 -52 -53 -54 55 58 57 -46 -49 -30 -61 -35
right_child=2 17 6 24 19 22 7 8 9 -11 11 12 -14 -15 -16 16 18 -19 -20 43 -22 -23 -24 -25 -26 -27 -28 -29 59 -31 -32 -33 -34 36 35 -37 -38 40 -40 -41 -42 -43 -44 44 45 -47 47 54 49 -51 51 52 53 -55 -56 -57 -58 -59 -60 60 -62 -63
leaf_value=-0.0062690910261034103 -0.038776562844368638 0.001095392114924039 0.32313256181263061 -0.0033837414595281985 0.24047585248171374 0.13340107911802601 0.14726767100565377 0.13871307870702287 0.29046213084725053 0.052693471637639135 0.16100939672735246 0.40945781349349225 0.056336868605868166 0.21189124530543377 0.16091849457359048 0.21176445427826809 0.33407901943675339 0.012884182432414126 0.12676407803371909 0.022973943500748467 0.034423555599732689 -0.014238460044445071 0.16188095978257921 -0.052974204079810586 0.00061219319276411015 0.070422450326150549 0.21721923794312728 -0.0042266910253399214 0.013035576867777629 0.18635656913312579 0.12178363432623637 0.054512948187260483 0.052889293850620626 0.056803040280207356 0.082128841148060586 0.32276293074173784 0.16960016271854367 0.17250858581640394 -0.05468690648211498 0.014081703720892288 0.023092748205395142 0.0098437641382565014 0.039306404154408975 -0.019463444160001384 0.0022736722963592935 0.22374705356728997 0.071069489158328294 0.093456870214661383 0.34267350288918641 0.12870791790053598 0.0030050094626909983 0.026121990239150416 0.27498126639084164 0.033767866995011532 -0.015354044749602804 0.0097449048068780717 0.00078112795678471087 0.21700365693070164 0.26233147168080273 0.13697719825353996 -0.025509006992364539 0.026925543311855284
leaf_weight=140983 154 27267 34 160292 46 89 52 48 47 34 40 34 43 57 36 40 33 15400 62 11203 4703 110 59 59 64332 426 30 88 1609 35 58 2655 93 1050 47 30 49 30 106 282 260 10958 1705 193 30 37 72 66 30 38 3192 178 30 32 104 87 307 30 30 79 35 1642
leaf_count=140983 154 27267 34 160292 46 89 52 48 47 34 40 34 43 57 36 40 33 15400 62 11203 4703 110 59 59 64332 426 30 88 1609 35 58 2655 93 1050 47 30 49 30 106 282 260 10958 1705 193 30 37 72 66 30 38 3192 178 30 32 104 87 307 30 30 79 35 1642
internal_value=1.6059e-06 -0.0025062 0.0331171 -0.00379325 0.0273532 0.0447087 0.0504285 0.0410455 0.066821 0.190865 0.0645229 0.113136 0.196311 0.0787691 0.282071 0.0581796 0.0832427 0.00626867 0.19907 0.024453 0.0364248 0.0641054 0.0486589 0.0437132 -0.0022393 0.0826009 0.0798381 0.0474833 0.0319065 0.0453312 0.0241234 0.0577561 0.125447 0.0465639 0.0804087 0.176199 0.0409302 0.0609021 0.0111036 0.032251 0.0386089 0.00360336 0.0425107 0.0208219 0.0439993 0.0587409 0.0510227 0.0788397 0.14522 0.223491 0.0191998 0.00687917 0.0583766 0.150763 0.0464145 0.0815153 0.0186411 0.109846 0.146464 0.0179415 0.0870993 0.0385813
internal_weight=450980 419232 31748 365607 23818 3410 7930 4761 1246 81 3169 387 113 274 70 1165 671 53625 95 20408 4749 576 3256 217 224624 466 158 128 3515 1792 494 2782 127 3197 456 77 2741 379 436 330 290 38225 1757 15659 1024 831 794 427 140 68 14635 3432 240 62 287 183 367 60 96 1723 114 2692
internal_count=450980 419232 31748 365607 23818 3410 7930 4761 1246 81 3169 387 113 274 70 1165 671 53625 95 20408 4749 576 3256 217 224624 466 158 128 3515 1792 494 2782 127 3197 456 77 2741 379 436 330 290 38225 1757 15659 1024 831 794 427 140 68 14635 3432 240 62 287 183 367 60 96 1723 114 2692
is_linear=0
shrinkage=0.03


Tree=58
num_leaves=63
num_cat=0
split_feature=11 11 11 11 23 36 41 29 20 11 28 7 15 10 5 21 7 33 10 9 5 26 28 5 22 41 11 5 32 0 15 5 9 7 10 21 8 9 10 12 26 0 29 26 28 10 5 9 23 10 32 29 28 12 26 15 9 37 26 23 5 0
split_gain=39159.8 5137.42 3220.55 1836.16 1308.88 1116.04 1108.99 1592.5 1367.07 1210.21 1060.46 1183.29 1284.33 1596.08 1059.43 993.458 2014.04 961.53 885.792 3526.56 1133.14 1382.04 1357.48 1119.57 1196.7 1002.82 934.844 858.849 870.779 1431.5 1385.14 1128.85 1237.79 1062.72 922.014 957.656 2219.54 1020.72 1357.21 1582.42 1239.26 895.655 850.984 835.434 997.808 832.842 823.622 802.649 753.591 792.621 1120.79 878.981 1086.22 800.194 746.277 797.441 713.969 700.998 693.324 674.02 694.997 672.842
threshold=4.3214285373687753 1.8214285373687746 9.1785717010498065 0.60714286565780651 0.62999999523162853 -0.87837970256805409 1.0000000180025095e-35 9.5000000000000018 28.500000000000004 25.642856597900394 3.5000000000000004 9.5000000000000018 7.3254411220550546 17.357143402099613 2.5000000000000004 21.500000000000004 6.5000000000000009 1.0000000180025095e-35 1.0000000180025095e-35 1.0000000180025095e-35 1.0000000180025095e-35 0.94345536828041088 3.5000000000000004 15.500000000000002 0.30357143282890325 1.0000000180025095e-35 7.0357143878936776 37.500000000000007 2011.5000000000002 247.50000000000003 10.044406890869142 21.500000000000004 25.500000000000004 19.500000000000004 21.785714149475101 77.500000000000014 3.5000000000000004 5.5000000000000009 13.785714149475099 12.339285373687746 1.0522643327713015 269.50000000000006 27.500000000000004 0.95467460155487072 14.500000000000002 5.5000000000000009 8.5000000000000018 22.500000000000004 0.55500000715255748 2.928571462631226 2013.5000000000002 26.500000000000004 10.500000000000002 9.5178570747375506 1.0446132421493532 4.5222282409667978 27.500000000000004 1.0000000180025095e-35 0.98953703045845043 0.48999999463558203 4.5000000000000009 252.50000000000003
decision_type=2 2 2 2 2 2 2 2 2 2 2 2 2 2 2 2 2 2 2 10 2 2 2 2 2 2 2 2 2 2 2 2 10 2 2 2 2 10 2 2 2 2 2 2 2 2 2 8 2 2 2 2 2 2 2 2 8 2 2 2 2 2
left_child=1 3 5 -1 14 48 9 8 -8 10 11 -4 -13 57 -3 16 -12 -6 19 -7 21 -20 25 24 26 54 -24 28 29 30 -17 32 34 41 35 37 -37 -31 39 -39 -41 -33 47 44 -26 -44 -34 -30 49 -2 51 52 -51 59 -22 -56 -45 -14 -29 60 -54 -53
right_child=2 4 6 -5 17 18 7 -9 -10 -11 15 12 13 -15 -16 27 -18 -19 20 -21 22 -23 23 -25 43 -27 -28 58 42 31 -32 33 46 -35 -36 36 -38 38 -40 40 -42 -43 45 56 -46 -47 -48 -49 -50 50 -52 61 53 -55 55 -57 -58 -59 -60 -61 -62 -63
leaf_value=-0.0049742788980580025 -0.028600601777028032 0.011717330848305323 0.049598861641188034 -0.00065191988504276807 0.0029854432863531954 0.34036353678876818 0.01219554561555111 -0.012667413057038272 0.21160823756365604 0.21870804465030461 0.3461466127376619 0.29302452876342561 0.12680476191162979 0.31340684716933193 0.041491171031262729 0.087786795386775293 0.059090096198621316 0.014676792299177824 -0.063664009441846733 -0.048978939034091208 0.051061884944901728 0.012977618313898657 0.017582246991258585 -0.00055732717327472447 0.21831535894443641 -0.026258661686094666 0.035583061116014322 -0.076146333037976188 0.023454883518558942 0.039770086744594847 0.014782337907725759 0.19831901098446603 -0.082164299396368157 0.30465076145395242 -0.025378611573243219 0.40804976640981871 0.071692151949353466 0.072006203923142165 0.052611450883333154 0.17847768462575547 0.45203358007427857 -0.0021335680066998991 0.18441408581981039 0.038540395759233625 0.062236625967094124 0.05264369180947906 0.090283283274134096 0.08076852617915288 0.030423685735187306 0.042162836990365708 0.040179510626592814 0.033367593119803862 0.10125856623963911 0.29744751334699804 0.017180124361884788 0.15077929520756944 0.12980161462599157 0.024990214731691083 0.02621822994076977 0.094228223751662149 0.28719815371393342 0.14081576161185025
leaf_weight=246058 87 2682 353 138097 22251 37 65 509 59 39 30 38 138 30 1796 388 82 8849 227 48 1379 3133 7894 1503 56 135 3870 86 2145 155 589 51 61 42 45 31 41 40 80 30 30 33 44 1291 108 2107 42 245 1910 90 749 229 31 35 56 143 82 109 193 112 44 68
leaf_count=246058 87 2682 353 138097 22251 37 65 509 59 39 30 38 138 30 1796 388 82 8849 227 48 1379 3133 7894 1503 56 135 3870 86 2145 155 589 51 61 42 45 31 41 40 80 30 30 33 44 1291 108 2107 42 245 1910 90 749 229 31 35 56 143 82 109 193 112 44 68
internal_value=1.60487e-06 -0.00241041 0.0324016 -0.00342047 0.00849567 0.0267845 0.048917 0.0108214 0.107184 0.0522213 0.0513235 0.0873452 0.129611 0.10709 0.0236598 0.0476707 0.136234 0.00631211 0.0240934 0.120683 0.0236797 0.00779756 0.0269104 0.0239843 0.0267576 0.0521941 0.0235043 0.0461372 0.0484545 0.0670653 0.0437824 0.100455 0.0820192 0.181517 0.103402 0.117647 0.216899 0.0962529 0.144834 0.21847 0.315805 0.119643 0.0416578 0.0516531 0.115642 0.0553483 -0.011812 0.0293339 0.0427949 0.0591428 0.0647669 0.0949925 0.13016 0.165792 0.058908 0.113219 0.044001 0.0819088 -0.00534561 0.140997 0.2106 0.0580127
internal_weight=450980 419733 31247 384155 35578 23317 7930 633 124 7297 7258 668 315 277 4478 6590 112 31100 19962 85 19877 3360 16517 14804 13301 1713 11764 6478 6199 1658 977 681 555 126 452 407 72 335 180 100 60 84 4541 1537 164 2151 103 2390 3355 1445 1358 609 312 222 1578 199 1373 247 279 187 75 297
internal_count=450980 419733 31247 384155 35578 23317 7930 633 124 7297 7258 668 315 277 4478 6590 112 31100 19962 85 19877 3360 16517 14804 13301 1713 11764 6478 6199 1658 977 681 555 126 452 407 72 335 180 100 60 84 4541 1537 164 2151 103 2390 3355 1445 1358 609 312 222 1578 199 1373 247 279 187 75 297
is_linear=0
shrinkage=0.03


Tree=59
num_leaves=63
num_cat=0
split_feature=13 11 13 5 23 21 22 14 41 10 29 10 45 5 8 17 14 11 29 45 5 23 5 13 11 42 15 21 17 28 29 43 17 28 10 38 45 45 28 11 41 29 8 44 29 43 15 22 42 13 13 5 0 45 23 37 35 13 28 0 8 15
split_gain=36902.8 3906.22 3895.83 1734.18 1795.06 1640.47 1075 1043.72 1121.8 1074.66 1182.92 1388.81 1763.28 1200.72 1069.45 1560.48 2107.12 1273.34 1088.52 1012.03 997.295 1295.97 987.304 983.794 998.952 956.436 955.869 937.757 1422.7 850.947 842.983 812.635 789.767 752.04 895.511 879.662 745.287 742.652 755.787 738.876 738.076 826.929 723.706 876.56 711.773 710.819 710.733 689.554 803.431 1046.95 681.814 680.547 644.067 731.394 614.348 753.027 788.526 780.51 713.724 670.488 1015.26 1146.09
threshold=3.8125000000000004 9.1785717010498065 0.99107143282890331 1.0000000180025095e-35 0.52000001072883617 71.500000000000014 0.23214285820722583 8.8653955459594744 1.0000000180025095e-35 17.500000000000004 15.500000000000002 26.571429252624515 1.4924727082252505 11.500000000000002 20.500000000000004 11.434213161468508 7.2094511985778817 11.321428298950197 47.500000000000007 2.1506221294403081 1.0000000180025095e-35 0.62999999523162853 7.5000000000000009 11.562500000000002 9.5357141494750994 133.50000000000003 9.0452160835266131 72.500000000000014 14.329426765441896 3.5000000000000004 22.500000000000004 5.1607141494750985 0.47132797539234167 4.5000000000000009 19.214285850524906 -0.68301269412040699 0.98147380352020275 1.4142020940780642 12.500000000000002 10.678571701049806 1.0000000180025095e-35 44.500000000000007 23.500000000000004 0.64864826202392589 42.500000000000007 1.053571403026581 9.2107501029968279 0.30357143282890325 847.50000000000011 7.8937969207763681 2.0089285373687749 57.500000000000007 30.500000000000004 1.707260847091675 0.55500000715255748 1.0000000180025095e-35 1.0000000180025095e-35 6.7232143878936776 2.5000000000000004 64.500000000000014 24.500000000000004 16.73582744598389
decision_type=2 2 2 2 2 2 2 2 2 2 2 2 2 2 2 2 2 2 2 2 2 2 2 2 2 2 2 2 2 2 2 2 2 2 2 2 2 2 2 2 2 2 2 2 2 2 2 2 2 2 2 2 2 2 2 2 2 2 2 2 2 2
left_child=2 3 32 6 5 19 25 8 14 31 11 12 22 -12 18 17 30 46 27 40 -4 52 -11 24 -20 -2 -19 28 -3 -6 -17 51 -1 -15 35 -35 -24 -33 -39 -40 47 -42 -27 -44 -10 -34 -16 -5 49 -49 -23 54 53 -22 55 56 57 -9 -56 -59 61 -61
right_child=1 7 20 4 29 -7 -8 9 44 10 13 -13 -14 33 15 16 -18 26 23 -21 21 50 36 -25 -26 42 -28 -29 -30 -31 -32 37 45 34 -36 -37 -38 38 39 -41 41 -43 43 -45 -46 -47 -48 48 -50 -51 -52 -53 -54 -55 58 -57 -58 59 -60 60 -62 -63
leaf_value=-0.0062812405792640963 -0.052076298403489596 0.05458501282030092 -0.0014074691593015673 0.036606364481445129 0.042981544137467895 0.19709269321055578 -0.0016041596885576538 0.15884298803725677 0.027301142937636386 0.26187269532791918 -0.02241779449070699 -0.050743503249123738 0.33431829972396576 0.21324499824872381 -0.024356368720016151 0.19803671598434447 0.037929446628304567 0.26978195031087593 0.21969723518529943 0.17145605784922896 0.025786365850065811 0.0023572662626340501 0.00011011724093541771 0.2430132347940159 0.050976661559463329 0.025486819268259377 0.049671789012222647 -0.029145481244889172 0.22867800097385302 0.01926536177871763 0.39888803471730444 -0.037187419982719058 -0.0032356674829042234 0.25984913179891822 0.013697255973079222 0.062511619258735135 0.14662826327284487 -0.020503467379162491 0.22832804401971135 0.027231261293984885 0.017180829919562809 -0.1010487498577476 0.0089981454031862265 0.1826440777092094 -0.094091764608806458 0.019275259811637364 0.11934031641199475 0.073285310799625011 0.02746588333482804 0.21014681903356536 0.0097061150621110485 -0.097881840274773341 0.025399943786635105 0.20518670983936474 0.12901750293703762 0.027401427280944163 0.17425144088886485 0.078976326817135414 0.0071928020721996732 0.035408219254825984 -0.044559684599857291 0.1392970355451934
leaf_weight=105396 138 2178 35017 5884 1514 59 3408 62 193 32 152 33 41 35 104 38 44 40 41 51 43 46955 61 48 137 2165 32 117 43 13540 38 261 209191 33 130 53 64 68 31 35 537 59 47 59 56 1270 44 492 320 56 14990 33 1858 39 46 1252 51 500 709 827 122 108
leaf_count=105396 138 2178 35017 5884 1514 59 3408 62 193 32 152 33 41 35 104 38 44 40 41 51 43 46955 61 48 137 2165 32 117 43 13540 38 261 209191 33 130 53 64 68 31 35 537 59 47 59 56 1270 44 492 320 56 14990 33 1858 39 46 1252 51 500 709 827 122 108
internal_value=1.59931e-06 0.0290411 -0.00253443 0.0238409 0.027614 0.0396499 0.0092384 0.0477069 0.0610837 0.0388055 0.0751579 0.129276 0.159297 0.0441095 0.0663234 0.116324 0.203318 0.0687943 0.0596882 0.0383916 0.00266152 0.00489186 0.113397 0.122558 0.0899492 0.0245774 0.172181 0.0536054 0.0579664 0.0216509 0.298874 0.0331889 -0.00416141 0.0843958 0.0634215 0.138465 0.0751966 -0.0077135 0.0496684 0.121911 0.0374656 0.00545939 0.0292381 0.105745 -2.08643e-05 -0.00309981 0.0184059 0.0402904 0.0652549 0.0873097 0.00413564 0.0375443 0.029036 0.111275 0.0387627 0.0449961 0.0581836 0.0545159 0.0146333 0.0503506 0.036802 0.0474234
internal_weight=450980 36221 414759 28329 22512 7458 5817 7892 3153 4739 634 231 198 403 2904 340 120 220 2564 7399 98902 63885 157 226 178 2409 72 2338 2221 15054 76 4105 315857 251 216 86 125 395 134 66 7348 596 2271 106 249 210461 148 6752 868 548 61945 3710 1940 82 3677 2922 1670 1619 755 1557 1057 935
internal_count=450980 36221 414759 28329 22512 7458 5817 7892 3153 4739 634 231 198 403 2904 340 120 220 2564 7399 98902 63885 157 226 178 2409 72 2338 2221 15054 76 4105 315857 251 216 86 125 395 134 66 7348 596 2271 106 249 210461 148 6752 868 548 61945 3710 1940 82 3677 2922 1670 1619 755 1557 1057 935
is_linear=0
shrinkage=0.03


Tree=60
num_leaves=63
num_cat=0
split_feature=12 12 13 22 36 5 11 11 14 28 7 14 28 27 13 42 28 41 23 32 29 27 0 7 5 0 16 9 38 8 28 21 21 42 9 42 44 45 28 6 8 42 7 7 28 21 5 11 8 12 14 45 14 36 29 14 11 38 42 0 35 39
split_gain=34781.8 4435.75 2921.61 1914.72 1421.04 1257.34 1248.61 1227.4 1218.67 1118.18 1824.07 1009.28 1008.49 1699.53 976.083 906.744 875.194 1028.79 873.629 796.827 776.341 759.489 753.42 751.874 993.24 858.252 1174.05 723.367 1218.87 1134.66 1162.88 1807.33 917.816 871.835 895.597 1792.95 1595 797.428 725.525 1516.34 2253.49 723.082 1059.01 1251.08 707.709 1206.74 771.693 683.333 883.536 849.101 1206.58 1028.81 780.828 683.185 665.279 820.479 690.958 642.824 881.371 659.897 636.656 932.345
threshold=4.3392858505249032 1.1607143282890322 9.8482141494750994 0.41071428358554846 -0.87837970256805409 1.0000000180025095e-35 2.6071428060531621 7.0357143878936776 6.7559494972229013 3.5000000000000004 9.5000000000000018 6.6833618461714661e-07 1.5000000000000002 2.5000000000000004 12.098214149475099 146.50000000000003 23.500000000000004 1.0000000180025095e-35 0.94999998807907116 2012.5000000000002 34.500000000000007 4.5000000000000009 259.50000000000006 47.500000000000007 60.500000000000007 269.50000000000006 14.150246620178224 12.500000000000002 0.93301269412040722 2.5000000000000004 26.500000000000004 56.500000000000007 38.500000000000007 1498.5000000000002 25.500000000000004 133.50000000000003 0.90322521328926098 1.0797728300094607 22.500000000000004 42.500000000000007 7.5000000000000009 216.50000000000003 1.0000000180025095e-35 23.500000000000004 2.5000000000000004 34.500000000000007 1.5000000000000002 8.4642858505249041 7.5000000000000009 12.339285373687746 6.8851096630096444 0.76345613598823558 8.645118713378908 1.0000000180025095e-35 11.500000000000002 13.875294685363771 14.178571701049806 0.93301269412040722 1725.5000000000002 259.50000000000006 1.0000000180025095e-35 0.25000000000000011
decision_type=2 2 2 2 2 2 2 2 2 2 2 2 2 2 2 2 2 2 2 2 2 2 2 2 2 2 2 10 2 2 2 2 2 2 10 2 2 2 2 2 2 2 2 2 2 2 2 2 2 2 2 2 2 2 2 2 2 2 2 2 2 2
left_child=1 11 4 5 41 15 -3 8 -6 10 -7 -1 14 -14 -12 -4 54 -18 22 -15 -19 -20 -13 24 27 26 -25 38 29 -29 33 -32 -30 34 35 36 -31 53 39 47 -41 42 -2 -44 45 46 -43 48 -11 57 51 -51 -50 -37 -9 56 -56 58 59 -49 61 -40
right_child=2 6 3 -5 7 9 -8 16 -10 23 12 18 13 19 -16 -17 17 20 21 -21 -22 -23 -24 25 -26 -27 -28 28 32 30 31 -33 -34 -35 -36 37 -38 -39 60 40 -42 44 43 -45 -46 -47 -48 49 52 50 -52 -53 -54 -55 55 -57 -58 -59 -60 -61 -62 -63
leaf_value=-0.0065164909205904318 0.20822178646035477 0.0022637377685451677 -0.063019031235261966 0.2321792939928809 0.022846392326012856 0.044683209253244892 0.011788493798859699 0.019623630000626717 0.0019321072857683811 0.028603790357759677 -0.053504604861833324 0.010015419325255809 0.081394265590348583 0.37837688425893456 0.18259524208001138 0.028176391667962618 0.021616602356705455 0.011524645604822215 -0.0040778796107754653 0.18095915732589668 -0.11489019285785249 -0.00040173130447913766 0.15165162192336676 0.19343213807103218 -0.11135451499213518 0.2588252510534268 -0.057419079138793253 -0.0066042199480953337 0.051950574870172295 0.37185635236088815 0.096430555067361354 0.34585707166484575 0.24496305199032214 0.11600477568618017 -0.0079096557818646336 0.09342641159658914 0.07167244212019129 -0.048624600710634056 0.033248853084070641 0.37168143754807587 0.021090391716999043 0.18109302226060103 0.043482182760965431 0.24355225444654557 0.035391776439517901 0.21724902594615764 0.019055907859619959 0.032600664388730195 0.098548444172096683 0.315038451391003 0.050262204605293063 0.088102808298662849 0.27310153002412907 -0.0024425141880237968 0.045623570921349763 0.01007216008067934 0.1853238285961343 -0.060383459687344591 0.14131469061370558 -0.038899409834542799 0.085959968092202785 -0.038012695351206466
leaf_weight=89189 52 63312 131 52 10576 237 15400 1489 3287 88 30 3887 51 49 33 390 1991 84 176514 30 91 70896 34 34 35 32 33 198 36 30 142 32 58 179 221 206 34 72 428 32 34 33 296 31 3238 52 132 680 68 30 504 45 35 99 4699 628 32 80 58 140 102 269
leaf_count=89189 52 63312 131 52 10576 237 15400 1489 3287 88 30 3887 51 49 33 390 1991 84 176514 30 91 70896 34 34 35 32 33 198 36 30 142 32 58 179 221 206 34 72 428 32 34 33 296 31 3238 52 132 680 68 30 504 45 35 99 4699 628 32 80 58 140 102 269
internal_value=1.58725e-06 -0.00229113 0.0302768 0.0512343 0.0263245 0.0493419 0.00412729 0.0234914 0.0178876 0.0544891 0.100481 -0.00377476 0.168932 0.21666 0.0702364 0.00523568 0.0321093 0.0154857 -0.0028018 0.303751 -0.0542306 -0.00302448 0.0112478 0.0495839 0.0475264 0.131219 0.0699548 0.0489555 0.0671568 0.0590799 0.071894 0.142483 0.171193 0.0572724 0.0413742 0.0660716 0.212768 0.0411145 0.0397783 0.0503687 0.191402 0.0432277 0.0825664 0.0625223 0.0389097 0.0913549 0.0515625 0.0449704 0.0984825 0.0383136 0.0669941 0.179196 0.158085 0.0623128 0.0373667 0.0422959 0.0465727 0.0209728 0.0283934 0.0203883 0.0159944 0.00574253
internal_weight=450980 419232 31748 5037 26711 4985 78712 22877 13863 4464 430 340520 193 130 63 521 9014 2166 251331 79 175 247410 3921 4034 3935 99 67 3900 1307 1213 1015 174 94 841 662 441 64 377 2593 1794 66 3834 379 327 3455 217 165 1728 191 1537 579 75 103 305 6848 5359 4731 958 878 820 799 697
internal_count=450980 419232 31748 5037 26711 4985 78712 22877 13863 4464 430 340520 193 130 63 521 9014 2166 251331 79 175 247410 3921 4034 3935 99 67 3900 1307 1213 1015 174 94 841 662 441 64 377 2593 1794 66 3834 379 327 3455 217 165 1728 191 1537 579 75 103 305 6848 5359 4731 958 878 820 799 697
is_linear=0
shrinkage=0.03


Tree=61
num_leaves=63
num_cat=0
split_feature=11 13 13 5 23 17 27 11 41 30 14 9 43 44 22 42 12 44 27 30 8 9 13 39 26 14 17 22 8 42 7 28 28 21 5 9 5 12 11 44 44 44 27 28 23 13 42 11 15 26 8 11 11 14 11 42 42 42 5 26 11 11
split_gain=32778.2 4368.32 2768.21 1156.52 1808.46 1133.6 1070.99 3951.85 1450.02 935.564 1127.52 1724.45 1035.42 985.182 921.3 1482.18 1648.88 927.89 1202.56 1648.31 2447.2 1669.1 2798.08 1002.53 956.846 847.598 1025.19 830.284 820.566 817.272 1199.86 908.609 879.645 813.289 807.282 716.24 998.461 1255.4 709.505 700.81 695.518 691.407 675.5 666.237 651.778 768.808 647.548 637.052 1179.9 1057.78 790.071 674.549 646.708 626.183 1163.62 743.457 793.157 882.898 706.735 816.882 668.753 617.836
threshold=4.3214285373687753 1.3763889074325564 8.4553570747375506 1.0000000180025095e-35 0.62999999523162853 0.75077390670776378 3.5000000000000004 4.8928570747375497 1.0000000180025095e-35 11.500000000000002 8.0118951797485369 3.5000000000000004 8.8392853736877459 1.8947347402572634 0.089285716414451613 512.50000000000011 7.8035714626312265 1.2857137918472292 5.5000000000000009 7.5000000000000009 25.500000000000004 10.500000000000002 9.8482141494750994 -0.25000000000000006 1.0412486195564272 7.8148198127746591 7.0942060947418222 0.73214286565780651 15.500000000000002 357.50000000000006 21.500000000000004 29.500000000000004 13.500000000000002 68.500000000000014 16.500000000000004 11.500000000000002 13.500000000000002 13.125000000000002 5.7500000000000009 0.73708456754684459 3.9999159574508671 0.26666629314422613 4.5000000000000009 3.5000000000000004 0.76000002026557933 6.0236344337463388 33.500000000000007 16.392857551574711 12.51548480987549 1.0482040047645571 11.500000000000002 15.392857074737551 14.892857074737551 25.99445724487305 17.678570747375492 39.500000000000007 58.500000000000007 277.50000000000006 36.500000000000007 1.0731454491615298 6.8214285373687753 8.0357141494750994
decision_type=2 2 2 2 2 2 2 2 2 2 2 10 2 2 2 2 2 2 2 2 2 10 2 2 2 2 2 2 2 2 2 2 2 2 2 10 2 2 2 2 2 2 2 2 2 2 2 2 2 2 2 2 2 2 2 2 2 2 2 2 2 2
left_child=1 5 25 41 28 -1 9 -8 14 12 11 -11 38 -14 15 17 -17 18 19 39 21 22 -21 34 -23 26 61 -27 -5 30 31 -28 -32 -12 -20 36 37 -18 -4 -9 -7 -3 -6 -31 45 -44 -40 51 -49 50 -50 52 -48 54 55 -16 -57 60 59 -59 -58 -2
right_child=2 3 6 4 42 40 7 8 -10 10 33 -13 13 -15 53 16 35 -19 23 20 -22 24 -24 -25 -26 27 29 -29 -30 43 32 -33 -34 -35 -36 -37 -38 -39 46 -41 -42 -43 44 -45 -46 -47 47 48 49 -51 -52 -53 -54 -55 -56 56 57 58 -60 -61 -62 -63
leaf_value=-0.0049055941191549672 0.021010972269809851 -0.014183499423149315 -0.034083073821992431 0.026614199587802954 0.0038935870862620067 -0.0016558855189637788 0.38736101534879092 0.1907175836431052 -0.018282352863007636 0.29837893114377745 0.060445383572099082 0.076752001110808418 0.27057012165474348 0.049779798351988494 -0.085886863139353481 0.25109599016132117 0.035885337380007147 0.015461940221254834 0.061073396548511835 0.15776409318513956 -0.013740048650492968 0.055141333457175389 0.53264707456104943 -0.011113712472502662 0.25814762630148563 0.014202420137193359 0.046314817588058735 0.14481200530010016 0.086265796970370012 0.072033007890740741 0.27340413576044387 0.20015154651987915 0.092503361491320796 -0.093438450199925999 0.24131547616078303 0.078360592783274993 -0.029596802723640084 0.21286379525190233 -0.087317144444389053 0.062411443210280138 0.029653854902956165 0.0018204449996486202 0.02642456141133313 0.028931557589268114 0.0095281855156362279 0.17022331749588862 0.029888527772938447 0.2188320313496494 0.056977098613434467 0.1531694642466129 -0.10120014538733921 -0.052462274266425919 0.12382252677661629 -0.051341724017733965 0.20335199357112391 0.17666688656903559 0.12008290002583689 0.050022212789403601 -0.072468445969935957 0.16342847353309242 -0.028575421934934616 0.048419448884395408
leaf_weight=202534 10400 2908 155 2670 25062 160004 32 50 240 45 259 106 31 44 40 36 468 86 62 32 35 36 41 94 50 6628 817 44 225 359 39 36 64 35 35 377 200 39 41 164 641 14763 1812 3201 9080 34 3973 45 74 57 46 88 67 62 41 40 31 1186 40 60 219 797
leaf_count=202534 10400 2908 155 2670 25062 160004 32 50 240 45 259 106 31 44 40 36 468 86 62 32 35 36 41 94 50 6628 817 44 225 359 39 36 64 35 35 377 200 39 41 164 641 14763 1812 3201 9080 34 3973 45 74 57 46 88 67 62 41 40 31 1186 40 60 219 797
internal_value=1.57833e-06 -0.00220517 0.0296442 0.0055505 0.00844262 -0.00341288 0.043836 0.0558852 0.0530566 0.0348062 0.0763502 0.142963 0.0308036 0.141299 0.0579159 0.0728873 0.0516168 0.107651 0.120879 0.149964 0.213295 0.263258 0.368776 0.0586972 0.173348 0.0240256 0.0278297 0.0150661 0.0312537 0.0398964 0.0645261 0.0528318 0.161213 0.0420952 0.126306 0.044968 0.0271512 0.0495413 0.0289773 0.0924716 -0.00153093 -0.000813199 0.0066075 0.0332803 0.0128324 0.029083 0.0312043 0.0323238 0.0818257 0.0468812 -0.0036788 0.0296593 0.0314497 0.0421912 0.0456947 0.0416815 0.0449254 0.0414824 0.0515103 0.0554971 -0.0100951 0.0229625
internal_weight=450980 419733 31247 56554 38883 363179 8862 3796 3764 5066 445 151 4621 75 3524 1805 1120 685 599 408 194 159 73 191 86 22385 15713 6672 2895 4516 956 853 103 294 97 1084 707 507 4546 214 160645 17671 35988 3560 10926 1846 4391 4350 222 177 120 4128 4040 1719 1657 1616 1576 1536 1286 1246 250 11197
internal_count=450980 419733 31247 56554 38883 363179 8862 3796 3764 5066 445 151 4621 75 3524 1805 1120 685 599 408 194 159 73 191 86 22385 15713 6672 2895 4516 956 853 103 294 97 1084 707 507 4546 214 160645 17671 35988 3560 10926 1846 4391 4350 222 177 120 4128 4040 1719 1657 1616 1576 1536 1286 1246 250 11197
is_linear=0
shrinkage=0.03


Tree=62
num_leaves=63
num_cat=0
split_feature=13 13 11 5 23 5 36 36 42 12 13 22 14 41 12 8 30 15 10 29 36 5 6 26 29 20 28 22 8 42 45 15 42 8 22 41 28 5 43 43 6 26 11 15 6 42 11 43 38 44 13 44 16 26 29 28 12 8 10 10 6 14
split_gain=30854.4 3948.03 2683.85 1424.24 1321.96 1258.69 1121.58 1028.86 1485.51 1005.81 1000.57 987.667 946.368 1022.7 1162.87 1546.12 1489.19 1378.87 927.96 1078.2 1362.93 1115.59 1606.07 1144.99 1316.04 967.945 901.645 1330.49 1082.11 1588.4 2523.54 884.846 1154.35 1078.44 857.442 853.402 849.08 833.888 832.62 801.425 846.847 2740.03 822.983 794.425 982.813 1000.39 1086.3 989.88 880.819 793.569 791.871 779.281 768.762 746.445 784.95 745.643 740.492 733.669 768.692 735.66 1446 1004.44
threshold=4.4122536182403573 1.2680749297142031 9.1785717010498065 1.0000000180025095e-35 0.71000000834465038 16.500000000000004 1.0000000180025095e-35 -0.87837970256805409 177.50000000000003 6.5892858505249032 0.32200460135936743 0.19642857462167743 8.8653955459594744 1.0000000180025095e-35 12.696428775787355 20.500000000000004 10.500000000000002 11.184393882751467 17.500000000000004 15.500000000000002 0.6078576147556306 11.500000000000002 25.500000000000004 1.0511984229087832 32.500000000000007 49.500000000000007 16.500000000000004 0.5892857313156129 11.500000000000002 152.50000000000003 1.2981449365615847 15.354063034057619 405.50000000000006 1.5000000000000002 0.30357143282890325 1.0000000180025095e-35 23.500000000000004 16.500000000000004 1.4821428656578066 5.1607141494750985 37.500000000000007 1.0398212075233462 12.035714149475099 8.5826621055603045 13.500000000000002 993.50000000000011 6.8928570747375497 -1.3749999999999998 -0.25000000000000006 0.69565156102180492 2.6464285850524907 0.59481781721115123 3.4974479675292973 1.0252742171287539 43.500000000000007 27.500000000000004 4.8750000000000009 6.5000000000000009 16.071428298950199 15.071428775787355 6.5000000000000009 13.875294685363771
decision_type=2 2 2 2 2 2 2 2 2 2 2 2 2 2 2 2 2 2 2 2 2 2 2 2 2 2 2 2 2 2 2 2 2 2 2 2 2 2 2 2 2 2 2 2 2 2 2 2 2 2 2 2 2 2 2 2 2 2 2 2 2 2
left_child=1 10 3 11 5 7 9 8 49 50 -1 35 13 14 -4 16 36 -17 39 20 31 -21 23 -23 -25 -24 28 52 34 30 -30 32 -20 -33 -9 55 -16 -22 -12 40 57 42 -42 44 45 46 56 -48 -46 -5 -3 -6 -28 54 -15 -2 -31 -14 59 -59 -61 -62
right_child=2 6 12 4 51 -7 -8 26 -10 -11 38 -13 18 53 15 17 -18 -19 19 21 37 22 25 24 -26 -27 27 -29 29 43 -32 33 -34 -35 -36 -37 -38 -39 -40 -41 41 -43 -44 -45 48 -47 47 -49 -50 -51 -52 -53 -54 -55 -56 -57 -58 58 -60 60 61 -63
leaf_value=-0.0051278263335378981 0.042501004295075938 0.0055074277279206166 0.054417137401455699 0.29262933561968246 -0.03101782282110585 0.0049880294034728529 9.4220526748455986e-05 0.028128403173934672 0.048668646344569882 0.13389088127690313 -0.0020501382873356734 -0.0012742786467535403 0.017407267870535495 0.062153956521640651 0.075386081343601544 0.31096752170652625 0.21810114713331022 0.086313705286201164 0.38494337001989126 -0.024690866433010536 0.11808901611059607 0.072377606921592341 0.074816290467890123 0.092108964535881119 0.37336846349148256 -0.14521643175384188 0.13584245079080795 0.20917487322060593 0.034474987129836487 0.20436764541852509 0.41180545866588419 0.22783420883309258 0.12555895777568937 0.032355229331963303 0.064664518161085136 -0.047514415385572314 -0.060069623421268502 -0.098571488437764448 0.030472293680892232 -0.010715976743941074 0.089822333702304732 0.29149685038412432 -0.069393574663265026 0.003502756867563463 0.06980002905688458 0.032659083710444264 0.33476570786122367 0.11570718449997559 0.27842531138915572 0.11302598564792535 0.015999198313573531 0.01682613743227146 0.020019747810035207 -0.092050217493720665 -0.084004981993522548 -0.019492657485868245 0.042568269471476981 0.044275305575569683 -0.026085016030373283 -0.025726063858605316 0.096651324852572024 0.29767756702183301
leaf_weight=162531 1284 28615 2537 30 329 1422 27692 4031 1675 57 191422 3065 1745 142 147 56 51 44 31 152 30 119 34 30 30 38 52 34 34 30 30 43 31 62 675 125 58 34 711 392 70 48 50 196 36 448 30 49 37 85 8368 4439 5208 62 43 202 166 1531 128 43 51 40
leaf_count=162531 1284 28615 2537 30 329 1422 27692 4031 1675 57 191422 3065 1745 142 147 56 51 44 31 152 30 119 34 30 30 38 52 34 34 30 30 43 31 62 675 125 58 34 711 392 70 48 50 196 36 448 30 49 37 85 8368 4439 5208 62 43 202 166 1531 128 43 51 40
internal_value=1.56846e-06 -0.00215182 0.0285959 0.0235568 0.0272008 0.031771 0.00466132 0.0347356 0.0558374 0.00807575 -0.00339534 0.00872131 0.0437739 0.0565446 0.0615472 0.112325 0.073191 0.21232 0.0352983 0.0690747 0.120741 0.0394333 0.0782658 0.126377 0.233151 -0.0413316 0.0313185 0.0223793 0.039531 0.0669775 0.211739 0.165829 0.255686 0.112563 0.0333705 0.0277382 0.0370441 0.00299051 -0.00192976 0.0300709 0.0343857 0.100184 0.0234673 0.0576162 0.0709366 0.060324 0.105359 0.199231 0.175798 0.160106 0.00788144 0.0135239 0.0211676 -0.00204312 0.0281467 0.0340721 0.0674327 0.0312581 0.0447356 0.0501822 0.117576 0.185261
internal_weight=450980 419396 31584 23712 19036 14268 64732 12846 1790 37040 354664 4676 7872 3140 2893 356 256 100 4732 634 231 403 251 179 60 72 11056 5294 5762 1056 64 167 62 105 4706 1611 205 64 192133 4098 3706 168 120 992 796 723 275 79 73 115 36983 4768 5260 247 185 1486 196 3538 1793 1665 134 91
internal_count=450980 419396 31584 23712 19036 14268 64732 12846 1790 37040 354664 4676 7872 3140 2893 356 256 100 4732 634 231 403 251 179 60 72 11056 5294 5762 1056 64 167 62 105 4706 1611 205 64 192133 4098 3706 168 120 992 796 723 275 79 73 115 36983 4768 5260 247 185 1486 196 3538 1793 1665 134 91
is_linear=0
shrinkage=0.03


Tree=63
num_leaves=63
num_cat=0
split_feature=11 13 13 13 10 23 27 11 27 22 42 44 29 8 9 13 42 10 17 26 30 14 29 9 27 14 10 11 9 42 23 45 8 26 28 5 5 17 28 11 26 22 17 42 21 42 8 23 44 44 45 14 6 42 27 8 5 6 8 14 23 5
split_gain=29116.4 3870.31 2456.01 1129.5 1058.67 1284.57 982.454 3730.75 924.198 936.888 1414.44 1327.54 1607.48 2311.56 1472.33 3248.86 936.771 1148.1 1671.77 928.02 878.79 1050.65 1689.98 1723.19 1302.79 860.676 918.903 1712.51 808.265 922.976 1097.08 1141.05 1017.24 952.23 872.286 794.299 1034.41 1316.52 1178.54 1072.04 1381.56 1001.67 983.947 955.151 757.329 744.562 743.95 743.211 904.098 1211.33 786.785 724.36 1180.42 709.089 691.758 687.675 671.309 661.453 1514.24 687.109 1047.69 1339.89
threshold=4.3214285373687753 1.4830068945884707 8.4553570747375506 0.60749301314353954 0.21428572386503222 0.76000002026557933 3.5000000000000004 4.8928570747375497 5.5000000000000009 0.089285716414451613 512.50000000000011 1.2857137918472292 30.500000000000004 25.500000000000004 10.500000000000002 10.651785850524904 944.50000000000011 8.6428570747375506 10.677921772003176 1.0412486195564272 11.500000000000002 8.0118951797485369 50.500000000000007 4.5000000000000009 1.5000000000000002 25.99445724487305 8.9285712242126483 7.9642856121063241 1.5000000000000002 89.500000000000014 0.55500000715255748 1.4726735949516299 11.500000000000002 0.94982609152793895 15.500000000000002 23.500000000000004 2.5000000000000004 12.598823547363283 3.5000000000000004 8.8214282989501971 1.0028712749481203 0.19642857462167743 8.6086163520813006 1584.5000000000002 68.500000000000014 1151.5000000000002 15.500000000000002 0.68999999761581432 1.7599987387657168 1.8666651844978335 1.0264638066291811 6.7559494972229013 16.500000000000004 33.500000000000007 3.5000000000000004 26.500000000000004 6.5000000000000009 43.500000000000007 4.5000000000000009 10.092429637908937 0.55500000715255748 1.5000000000000002
decision_type=2 2 2 2 2 2 2 2 2 2 2 2 2 2 10 2 2 2 2 2 2 2 2 10 2 2 2 2 10 2 2 2 2 2 2 2 2 2 2 2 2 2 2 2 2 2 2 2 2 2 2 2 2 2 2 2 2 2 2 2 2 2
left_child=1 3 35 -1 -3 46 20 -8 9 10 11 12 -9 14 15 -14 -12 18 -18 -16 47 22 23 -22 -24 26 -11 -28 -10 -30 33 32 -32 34 -31 36 51 38 42 40 -39 -40 -38 -44 -23 -37 54 48 53 -50 -49 52 -2 -4 -6 -35 -43 59 -59 60 -55 -62
right_child=2 4 6 -5 5 -7 7 8 28 25 16 -13 13 -15 19 -17 17 -19 -20 -21 21 44 24 -25 -26 -27 27 -29 29 30 31 -33 -34 55 -36 45 37 39 41 -41 -42 56 43 -45 -46 -47 -48 50 49 -51 -52 -53 -54 57 -56 -57 -58 58 -60 -61 61 -63
leaf_value=-0.004323665953926195 0.020787832814350239 -0.014798678884083441 -0.11194127080524849 -0.00082376530849328827 0.0071433027761266124 0.0036396759806387883 0.37491647501972231 0.082829216487422655 -0.020109633475061978 0.017926561402359268 -0.024729137091298207 -0.0091475336194605152 0.18438990486963358 -0.016777317652741958 0.050425702700557087 0.58774606614413849 0.086393097247149914 0.04190637389622081 0.30940544137093573 0.24875291964964949 0.39119282500070124 0.057563363547285556 0.16601129619368554 0.10439730023434995 -0.083925488857585745 -0.093000635939317136 0.24919286753676678 0.057453432741332897 0.20453910193173985 0.20744374834153115 0.18779207278574184 -0.071987272835649124 0.038215705619772104 0.0010197209311212966 0.011253610814180899 0.016627359373433414 0.044377831706020478 0.35066080191285809 0.018967932075229753 0.0097652981600992745 0.067148269700053512 0.050146173946246549 0.085178874100800689 0.26024330177877703 -0.090931092060019827 -0.037340514546774083 0.048030390909528549 0.018418814465733128 0.2676863567238329 0.042947988827065159 -0.065464291947442771 0.0040882185178931219 0.13849762621556294 0.034891704392628412 0.021309572227812833 0.1220864550531439 0.025700651772932633 0.2633632052250397 -0.0098701599169903828 0.014779619760048254 0.27760061686365006 0.068930934747902392
leaf_weight=244291 4228 2153 31 125687 7359 34305 32 221 242 544 116 63 45 36 37 30 165 472 37 50 35 259 36 41 39 41 45 599 30 44 103 30 68 663 38 608 1253 32 8305 37 30 1902 141 35 35 370 574 339 34 59 143 3206 78 2208 5364 45 2160 35 38 1567 35 132
leaf_count=244291 4228 2153 31 125687 7359 34305 32 221 242 544 116 63 45 36 37 30 165 472 37 50 35 259 36 41 39 41 45 599 30 44 103 30 68 663 38 608 1253 32 8305 37 30 1902 141 35 35 370 574 339 34 59 143 3206 78 2208 5364 45 2160 35 38 1567 35 132
internal_value=1.55833e-06 -0.00207828 0.0279394 -0.0031347 0.00577727 0.00670796 0.041307 0.0528475 0.0500991 0.0606637 0.0787143 0.119216 0.138518 0.200595 0.248889 0.34632 0.0539892 0.0675411 0.127382 0.164579 0.0326585 0.0729221 0.137224 0.236834 0.0360855 0.0419754 0.0466424 0.0708903 0.0291746 0.0408584 0.0358817 0.0984437 0.128377 0.0199517 0.116669 0.0226471 0.023855 0.028704 0.027921 0.137666 0.213831 0.0249398 0.0537164 0.120129 0.0398554 -0.00379013 0.0146237 0.0287793 0.0328849 0.125326 -0.00647297 0.0148853 0.0229236 0.0307567 0.013116 0.00873291 0.0371484 0.0318616 0.121293 0.0302021 0.040376 0.112813
internal_weight=450980 419733 31247 369978 49755 47602 8862 3796 3764 2501 1272 482 419 198 162 75 790 674 202 87 5066 445 151 76 75 1229 1188 644 1263 1021 991 201 171 790 82 22385 21407 13895 13796 99 62 12367 1429 176 294 978 13297 4621 4139 93 482 7512 4306 4046 12723 708 4062 4015 73 3942 2375 167
internal_count=450980 419733 31247 369978 49755 47602 8862 3796 3764 2501 1272 482 419 198 162 75 790 674 202 87 5066 445 151 76 75 1229 1188 644 1263 1021 991 201 171 790 82 22385 21407 13895 13796 99 62 12367 1429 176 294 978 13297 4621 4139 93 482 7512 4306 4046 12723 708 4062 4015 73 3942 2375 167
is_linear=0
shrinkage=0.03


Tree=64
num_leaves=63
num_cat=0
split_feature=11 12 13 13 22 5 28 42 6 42 11 6 44 36 42 26 44 42 26 27 23 20 23 44 27 22 45 42 0 5 44 5 5 11 11 18 15 26 9 28 42 42 8 12 26 6 45 42 8 13 42 15 22 21 45 5 29 45 9 42 23 13
split_gain=27418 4290.31 2268.77 1311.15 2506.73 1132.96 1199.45 1222.13 1145.7 1109.99 1592.3 1086.31 969.163 874.712 844.81 839.414 2425.76 1157.9 1112.64 822.059 893.788 789.821 796.914 758.353 673.215 660.728 1075.45 723.05 1044.15 1280.85 713.331 660.1 728.048 657.96 1331.38 1611.47 873.005 657.945 684.301 686.57 631.329 1394.16 650.027 1130.35 796.96 618.172 614.235 1437.6 780.566 966.598 607.597 897.69 864.177 780.035 607.762 607.475 747.042 1026.71 849.328 716.753 714.881 874.442
threshold=2.8214286565780644 6.0535714626312265 0.78647416830062877 9.8482141494750994 0.41071428358554846 2.5000000000000004 3.5000000000000004 579.50000000000011 47.500000000000007 209.50000000000003 12.392857074737551 18.500000000000004 0.90909004211425792 -0.87837970256805409 1584.5000000000002 1.0532710552215578 0.6153835952281953 315.50000000000006 1.063097417354584 3.5000000000000004 0.57499998807907116 1.0000000180025095e-35 0.88999998569488536 3.199986577033997 4.5000000000000009 0.26785714924335485 1.0740968585014345 524.50000000000011 172.50000000000003 12.500000000000002 0.47058790922164923 28.500000000000004 3.5000000000000004 9.6785717010498065 8.3928570747375506 1.0000000180025095e-35 10.293094635009767 0.94639605283737194 14.500000000000002 27.500000000000004 965.50000000000011 986.50000000000011 13.500000000000002 9.3750000000000018 0.96072828769683849 8.5000000000000018 0.96279034018516552 757.50000000000011 2.5000000000000004 8.2767858505249041 1517.5000000000002 6.9051659107208261 0.37500000000000006 30.500000000000004 0.78041836619377147 15.500000000000002 25.500000000000004 1.1758874058723452 24.500000000000004 1196.5000000000002 0.62999999523162853 9.0930299758911151
decision_type=2 2 2 2 2 2 2 2 2 2 2 2 2 2 2 2 2 2 2 2 2 2 2 2 2 2 2 2 2 2 2 2 2 2 2 2 2 2 10 2 2 2 2 2 2 2 2 2 2 2 2 2 2 2 2 2 2 2 10 2 2 2
left_child=2 19 -1 13 5 8 7 9 15 11 -11 -7 14 50 -9 17 -17 -5 -18 20 -2 -4 -23 -21 -24 26 30 28 -27 -30 -8 32 40 34 45 36 -36 38 39 46 -15 -42 -43 44 -44 -28 47 -34 -49 -50 52 53 -3 54 -52 56 58 -58 -39 -60 61 -59
right_child=1 3 21 4 -6 6 25 12 -10 10 -12 -13 -14 31 -16 16 18 -19 -20 23 -22 22 24 -25 -26 27 33 -29 29 -31 -32 -33 37 -35 35 -37 -38 55 -40 -41 41 42 43 -45 -46 -47 -48 48 49 -51 51 -53 -54 -55 -56 -57 57 60 59 -61 -62 -63
leaf_value=-0.0039230336916923833 0.022818874888370262 0.050523754255445794 -0.012010842700929246 -0.065001420308224922 0.27932876909518761 0.0031040849225708387 0.19090592973902146 0.029477783068643255 0.1949714359861478 0.34975863293477683 0.11548652631377204 0.21873864869648049 -0.00032145454188420568 0.0066447774550807909 0.25108013085951314 0.26671839978006134 0.17143580786535673 0.017873436990061827 -0.024640321952926779 0.019637827682993977 0.004692354127944825 0.0099088458478196854 -0.00079862610516844815 0.12009483776313751 0.0043350881732929485 0.026578375149989078 -0.059348008216878446 0.010491385539225861 0.36182642881260357 0.11274843199220304 0.050682119946224652 -0.011002534299597475 0.028479535426432979 -0.0027505499799488596 -0.065225690384465754 0.28950205230337422 0.14540235089035483 0.018232308806649816 -0.037550067859422921 -0.033186308850084723 0.22191147222799834 0.018515280986036022 0.15313100680037015 0.18860735349887342 0.020780242146308199 0.10011438764458477 0.059055294659700344 0.32950821972832411 0.034560450895790483 0.2624821557914922 0.092320663160137859 -0.019898564004655735 0.17955154196140422 0.17013971966480265 -0.036341464027144395 0.010466142640715253 0.034271645184456544 0.07711400607785511 0.045609790297275299 0.21196383584220452 0.022830663566001563 0.19268429889897476
leaf_weight=281443 3213 1659 4109 208 41 61 33 30 31 47 59 32 128 2431 32 42 32 560 138 10065 10286 9085 80260 68 32218 45 80 54 30 49 2530 434 72 612 33 38 38 2546 55 49 33 1870 48 54 276 30 303 31 34 33 67 268 48 48 65 1225 2731 489 63 37 184 67
leaf_count=281443 3213 1659 4109 208 41 61 33 30 31 47 59 32 128 2431 32 42 32 560 138 10065 10286 9085 80260 68 32218 45 80 54 30 49 2530 434 72 612 33 38 38 2546 55 49 33 1870 48 54 276 30 303 31 34 33 67 268 48 48 65 1225 2731 489 63 37 184 67
internal_value=1.54995e-06 0.0225366 -0.00242652 0.0326764 0.045984 0.0440539 0.051289 0.101315 0.015704 0.153262 0.219608 0.0774723 0.0468478 0.0282929 0.144097 0.0100125 0.0628435 -0.00457542 0.0123384 0.0138551 0.00900703 0.000924932 0.0013622 0.0203133 0.000671855 0.0458379 0.0428798 0.102177 0.142052 0.207692 0.0524955 0.0253714 0.0266214 0.013218 0.05783 0.132089 0.0475297 0.0321775 0.0630254 0.0736305 0.017283 0.0286193 0.0257714 0.0616495 0.0404336 -0.0157932 0.0847039 0.130348 0.20507 0.147067 0.0460024 0.0148991 0.0541631 0.0666997 0.0289734 0.0297522 0.033614 0.0427681 0.0216039 0.107326 0.0741139 0.0910755
internal_weight=450980 43865 407115 20233 5013 4972 3961 389 1011 199 106 93 190 15220 62 980 212 768 170 23632 13499 125672 121563 10133 112478 3572 3394 178 124 79 2563 13065 12631 831 219 109 71 7919 577 522 4712 2281 2248 378 324 110 473 170 98 67 2155 448 1707 180 132 7342 6117 3471 2646 100 740 556
internal_count=450980 43865 407115 20233 5013 4972 3961 389 1011 199 106 93 190 15220 62 980 212 768 170 23632 13499 125672 121563 10133 112478 3572 3394 178 124 79 2563 13065 12631 831 219 109 71 7919 577 522 4712 2281 2248 378 324 110 473 170 98 67 2155 448 1707 180 132 7342 6117 3471 2646 100 740 556
is_linear=0
shrinkage=0.03


Tree=65
num_leaves=63
num_cat=0
split_feature=13 12 7 5 23 0 22 13 20 9 28 5 15 36 5 23 13 37 42 27 23 22 21 14 14 9 10 10 26 20 12 9 5 23 5 20 18 0 38 16 13 10 28 27 14 23 5 13 21 0 7 26 7 22 16 28 15 13 21 28 22 16
split_gain=25859.2 3320.11 2249.21 1728.86 1753.7 1203.57 1271.53 1117.63 1239.59 1927.89 1318.59 1155.55 1172.26 1027.93 1027.1 1025.68 981.45 971.461 964.142 939.411 1096.3 905.657 879.418 831.066 818.677 796.021 933.218 1325.36 1090.54 1117.85 795.847 778.891 777.081 762.963 759.188 738.984 743.568 806.65 796.263 771.264 731.311 725.599 958.414 707.634 705.106 770.034 686.135 681.677 1149.65 632.599 1036.69 612.954 610.584 660.238 606.328 742.425 1304.82 704.599 589.04 587.556 760.063 830.811
threshold=4.4122536182403573 1.1250000000000002 11.500000000000002 1.0000000180025095e-35 0.68999999761581432 277.50000000000006 0.66071426868438732 9.2232141494750994 10.500000000000002 9.5000000000000018 3.5000000000000004 2.5000000000000004 7.9076051712036142 1.0000000180025095e-35 23.500000000000004 0.57499998807907116 2.6464285850524907 1.0000000180025095e-35 875.50000000000011 4.5000000000000009 0.88999998569488536 0.19642857462167743 55.500000000000007 6.6833618461714661e-07 11.482906341552736 7.5000000000000009 20.928571701049808 14.928571224212648 1.0463351011276247 47.500000000000007 6.5892858505249032 2.5000000000000004 8.5000000000000018 0.62999999523162853 1.0000000180025095e-35 12.500000000000002 1.0000000180025095e-35 259.50000000000006 -0.68301269412040699 16.103788375854496 6.0982143878936776 4.6428573131561288 2.5000000000000004 4.5000000000000009 15.141392230987551 0.46500000357627874 15.500000000000002 9.6160712242126483 32.500000000000007 247.50000000000003 1.5000000000000002 0.95645162463188182 15.500000000000002 0.053571430966258056 8.1337609291076678 28.500000000000004 7.4269335269927987 8.4553570747375506 27.500000000000004 19.500000000000004 0.33928571641445165 12.775431156158449
decision_type=2 2 2 2 2 2 2 2 2 10 2 2 2 2 2 2 2 2 2 2 2 2 2 2 2 10 2 2 2 2 2 10 2 2 2 2 2 2 2 2 2 2 2 2 2 2 2 2 2 2 2 2 2 2 2 2 2 2 2 2 2 2
left_child=1 23 3 21 5 6 14 -4 9 -9 11 -10 -13 16 59 -15 41 22 49 -6 40 24 -14 -1 54 26 27 47 29 31 -18 -29 -8 34 -25 -27 39 -38 -39 44 -21 -3 -43 -35 -37 -46 -42 48 -12 -16 -51 -36 -40 -54 57 56 -56 -2 -59 60 -5 -62
right_child=2 13 7 4 19 -7 32 8 10 -11 25 12 17 15 18 -17 30 -19 -20 20 -22 -23 -24 33 -26 35 -28 28 -30 -31 -32 -33 -34 43 51 36 37 38 52 -41 46 42 -44 -45 45 -47 -48 -49 -50 50 -52 -53 53 -55 55 -57 -58 58 -60 -61 61 -63
leaf_value=-0.0057837120365780946 0.013115380173374262 0.0038808344007000986 0.032437099416459649 0.040274186351128907 0.0077170362567359077 0.0078755106268820815 0.27608825768688477 0.29004603346664742 -0.034284312562045886 -9.5326711988856641e-05 0.18882185944605712 0.30199999762097679 0.10495181307435672 0.025622647723111645 0.012800297997033151 -0.0014523757015876798 0.014869029756319546 0.020676633918345882 -0.023033193240617679 0.028244818983669758 0.0059248206541457054 -0.0055485237617649624 0.30039246358900268 -0.0011955779327425164 -0.022135771012336915 0.21070096030583807 -0.1322495845545118 0.23303134096921935 0.23617783912894674 -0.049407688870934996 0.12726170186044716 0.044205094666492348 0.069661422300542508 -0.0034911566842289075 0.19575555215483184 0.022421237261483606 0.059489476611756631 0.23696373637788407 -0.018737982962733116 -0.091912113995812048 0.091923685581416018 0.18558682681730637 0.029193751958632261 6.3530727896691933e-05 0.23622188287917695 0.033963502544775565 0.005291374436681897 0.0026600029298857897 0.0052568762435610417 0.19338199702883405 0.033847784639893762 0.056217839392414287 0.052399135572746738 0.20828833042683001 0.18534000484973881 -0.052626457710335722 0.0450569710584331 0.17428413599207521 0.018671149698487162 0.028709253666430078 0.065617588025550913 0.19504492197254039
leaf_weight=89084 927 38991 4125 5929 5484 1592 31 50 35 35 51 38 56 1307 399 34405 8247 59 507 618 859 2744 33 215 302 30 32 37 44 49 57 42 35 175833 34 300 489 49 32 43 445 39 361 70654 32 36 101 638 77 52 124 169 48 50 82 41 219 47 41 3949 497 49
leaf_count=89084 927 38991 4125 5929 5484 1592 31 50 35 35 51 38 56 1307 399 34405 8247 59 507 618 859 2744 33 215 302 30 32 37 44 49 57 42 35 175833 34 300 489 49 32 43 445 39 361 70654 32 36 101 638 77 52 124 169 48 50 82 41 219 47 41 3949 497 49
internal_value=1.54292e-06 -0.00196984 0.026179 0.0220995 0.0257351 0.0323339 0.0356985 0.0418911 0.0582396 0.170699 0.0540756 0.123739 0.153485 0.00338745 0.0349443 -0.000461364 0.00626931 0.115164 0.00712104 0.0141633 0.031636 0.00503043 0.177691 -0.00329976 0.0225283 0.0466641 0.0268083 0.0322497 0.107481 0.0630802 0.0156422 0.132844 0.166913 -0.00240353 0.0380879 0.0640258 0.0599271 0.0794617 0.133951 0.0281623 0.0506067 0.00429334 0.0444884 -0.00247222 0.0422179 0.129373 0.0759049 0.0153432 0.0784981 0.0337112 0.0810745 0.079681 0.0949589 0.132081 0.0324703 0.0670139 0.0833275 0.020824 0.101903 0.0378321 0.0433951 0.0772692
internal_weight=450980 419396 31584 25074 20671 13164 11572 6510 2385 85 2300 221 186 83407 11506 35712 47695 148 1082 7507 2023 4403 89 335989 1659 2079 970 938 172 128 8304 79 66 246905 418 1109 1079 668 179 411 1164 39391 400 246487 368 68 546 766 128 575 176 203 130 98 1357 342 301 1015 88 10424 6475 546
internal_count=450980 419396 31584 25074 20671 13164 11572 6510 2385 85 2300 221 186 83407 11506 35712 47695 148 1082 7507 2023 4403 89 335989 1659 2079 970 938 172 128 8304 79 66 246905 418 1109 1079 668 179 411 1164 39391 400 246487 368 68 546 766 128 575 176 203 130 98 1357 342 301 1015 88 10424 6475 546
is_linear=0
shrinkage=0.03


Tree=66
num_leaves=63
num_cat=0
split_feature=13 13 11 36 12 41 29 20 14 10 12 8 9 30 22 44 10 6 23 44 42 42 27 14 14 12 44 10 6 43 23 42 9 9 43 12 8 11 15 43 9 6 11 36 8 8 43 29 32 14 7 45 6 39 45 9 7 8 20 13 42 12
split_gain=24331.6 3142.8 2221.57 951.186 923.313 873.378 1635.76 1248 1037.44 1105.46 1035.66 1428.45 1542.67 1378.84 859.776 841.84 983.133 800.231 792.773 962.876 850.974 1292.01 1768.02 1024.59 1063.86 1179.03 1311.15 989.077 855.015 784.538 1000.66 1056.94 767.703 1367.24 983.872 764.404 762.738 748.34 789.642 734.322 760.237 1175.57 723.439 711.379 865.858 909.255 1398.64 921.283 904.981 748.687 742.274 1140.89 1059.76 2300.39 707.514 796.909 699.939 699.196 710.27 876.262 1032.39 708.642
threshold=4.4122536182403573 1.107625484466553 9.1785717010498065 1.0000000180025095e-35 2.4464285373687749 1.0000000180025095e-35 9.5000000000000018 28.500000000000004 8.8653955459594744 17.500000000000004 12.696428775787355 20.500000000000004 17.500000000000004 10.500000000000002 0.23214285820722583 1.8666651844978335 21.642856597900394 46.500000000000007 0.71000000834465038 0.59481781721115123 33.500000000000007 58.500000000000007 4.5000000000000009 1.1232953071594241 6.9659023284912118 9.3750000000000018 0.49999926984310156 7.357142686843873 8.5000000000000018 1.053571403026581 0.52000001072883617 723.50000000000011 10.500000000000002 16.500000000000004 5.0178570747375497 6.5892858505249032 9.5000000000000018 8.6785717010498065 6.1835477352142343 5.1607141494750985 1.0000000180025095e-35 51.500000000000007 13.321428298950197 0.6078576147556306 6.5000000000000009 25.500000000000004 -2.4107142686843868 23.500000000000004 2013.5000000000002 11.82007932662964 15.500000000000002 0.76345613598823558 14.500000000000002 0.25000000000000011 1.4061244130134585 2.5000000000000004 1.0000000180025095e-35 14.500000000000002 28.500000000000004 8.9910712242126483 184.50000000000003 13.660714626312258
decision_type=2 2 2 2 2 2 2 2 2 2 2 2 8 2 2 2 2 2 2 2 2 2 2 2 2 2 2 2 2 2 2 2 10 10 2 2 2 2 2 2 10 2 2 2 2 2 2 2 2 2 2 2 2 2 2 10 2 2 2 2 2 2
left_child=1 29 18 4 -3 8 7 -7 10 39 -4 13 42 -12 17 -16 -17 32 20 -20 -2 22 56 -23 25 -25 -27 28 -28 -1 31 -31 -11 34 -34 -6 -35 -29 -39 40 -10 43 -13 44 -42 46 47 -46 -47 -50 -48 -52 -53 -54 -41 -56 -22 58 -45 -60 -61 -62
right_child=2 3 5 -5 35 6 -8 -9 9 14 11 12 -14 -15 15 16 -18 -19 19 -21 21 23 -24 24 -26 26 27 37 -30 30 -32 -33 33 36 -36 -37 -38 38 -40 54 41 -43 -44 57 45 48 50 -49 49 -51 51 52 53 -55 55 -57 -58 -59 59 60 61 -63
leaf_value=-0.0033094763487145334 -0.11602764297476814 0.0038636317584492107 0.049333363914205876 -0.00041844785031740217 0.013375839025429048 0.009670067487808312 -0.018314884795308236 0.20478419341544479 -0.00015517984616597144 0.035015250178492538 0.031588782427686264 0.39042143385543993 0.046109546091999971 0.20580385966951831 0.23221193421358441 0.18065568624004238 -0.05463469826699887 -0.053367273834618659 -0.0279565291119282 0.014848347890163474 0.11194477790504842 -0.018740568600115286 0.24796448479518432 0.027797668641270014 0.014674581253510819 -0.0084125531675762078 0.10337958814289412 0.012541264922863784 0.23362449602442326 0.024474278024240102 0.011032374053640584 0.20454876044564632 0.34314070968984439 0.13838590979595117 0.10928623497306041 0.12345053330429172 -0.031158237075308001 0.047271973642700256 0.2422228233947932 -0.045554373665297722 0.0244078543331455 0.20534964161822092 0.18595490186544089 -0.031395997015733111 0.082464315235775437 -0.044748718156121692 0.047143719980440021 0.2838270044456076 0.0030945157242553006 0.20048370229277959 -0.039963139591054013 0.08740531959983916 0.42831901856844828 0.062836520035550514 0.13580201321554752 -0.018690077413652299 -0.034736428427576842 -0.042894851026667645 0.10613404395157061 -0.14170772875543805 0.014714638461564579 0.13787600054578508
leaf_weight=333889 39 37759 2537 35836 10276 60 506 58 579 256 205 32 37 51 53 34 30 56 524 4846 60 507 54 10717 6338 138 146 143 66 69 1459 51 32 44 33 57 52 45 32 229 958 37 31 149 37 121 564 46 39 31 35 98 31 31 50 75 57 168 142 33 262 50
leaf_count=333889 39 37759 2537 35836 10276 60 506 58 579 256 205 32 37 51 53 34 30 56 524 4846 60 507 54 10717 6338 138 146 143 66 69 1459 51 32 44 33 57 52 45 32 229 958 37 31 149 37 121 564 46 39 31 35 98 31 31 50 75 57 168 142 33 262 50
internal_value=1.53005e-06 -0.00191074 0.0253941 0.00328131 0.00603822 0.0392032 0.00514336 0.105679 0.0421352 0.0328823 0.056062 0.103982 0.200094 0.0663684 0.0710633 0.143863 0.0704267 0.0530261 0.0208094 0.0106708 0.0237776 0.0240762 0.106133 0.0233017 0.0245113 0.0300345 0.0720769 0.0977883 0.144026 -0.0032097 0.0178861 0.101125 0.067327 0.118642 0.224788 0.0139844 0.046597 0.0531803 0.128519 0.026897 0.0311652 0.037569 0.290289 0.0353401 0.0449578 0.0640101 0.077414 0.194288 0.00490303 0.0906924 0.0646074 0.11506 0.148984 0.245997 -0.0142232 0.0431539 0.0405033 0.0115187 0.0258989 0.0434344 0.0176 0.0344947
internal_weight=450980 419396 31584 83928 48092 7872 624 118 7248 4355 2893 356 100 256 590 117 64 473 23712 5370 18342 18303 171 18132 17625 11287 570 432 212 335468 1579 120 417 161 65 10333 96 220 77 3765 3411 2832 63 2795 1991 1033 842 83 191 70 759 195 160 62 354 125 117 804 636 487 345 312
internal_count=450980 419396 31584 83928 48092 7872 624 118 7248 4355 2893 356 100 256 590 117 64 473 23712 5370 18342 18303 171 18132 17625 11287 570 432 212 335468 1579 120 417 161 65 10333 96 220 77 3765 3411 2832 63 2795 1991 1033 842 83 191 70 759 195 160 62 354 125 117 804 636 487 345 312
is_linear=0
shrinkage=0.03


Tree=67
num_leaves=63
num_cat=0
split_feature=11 13 11 14 5 23 21 10 23 12 12 14 9 9 43 14 44 11 13 41 30 43 11 6 21 28 16 45 26 43 43 6 9 45 43 26 29 11 32 28 36 42 11 30 16 0 14 11 11 0 15 43 15 12 42 13 28 29 45 27 29 42
split_gain=22937.2 3108.29 1999.58 1047.92 1047.37 1333.04 1016.55 906.442 1008.84 860.429 1540.28 858.73 3254.94 857.598 1157.42 1007.51 838.266 818.1 717.954 705.661 1030.2 1118.51 2334.51 956.146 833.431 688.617 2399.7 686.724 972.545 684.827 626.773 638.307 623.784 616.371 640.496 886.585 626.236 639.446 607.322 599.305 629.007 929.586 819.176 646.983 945.578 635.878 700.921 1029.81 896.849 840.239 829.39 1091.29 828.541 746.959 711.885 624.743 611.219 589.84 561.432 554.74 554.365 528.598
threshold=4.3214285373687753 1.5732142925262453 9.1785717010498065 6.7559494972229013 1.0000000180025095e-35 0.62999999523162853 88.500000000000014 0.21428572386503222 0.76000002026557933 6.3392858505249032 6.4821429252624521 3.5006512177915289e-07 1.0000000180025095e-35 12.500000000000002 8.8392853736877459 8.8653955459594744 0.57142806053161632 5.5357143878936776 1.0089285969734194 1.0000000180025095e-35 9.5000000000000018 -2.196428537368774 9.7500000000000018 6.5000000000000009 21.500000000000004 26.500000000000004 14.150246620178224 2.4029341936111455 1.0257975459098818 -3.9821428060531612 -1.696428596973419 16.500000000000004 44.500000000000007 1.0595946907997134 -2.4821428060531612 1.0436724424362185 2.5000000000000004 11.821428298950197 2011.5000000000002 23.500000000000004 -0.87837970256805409 89.500000000000014 7.0357143878936776 4.5000000000000009 11.298938274383547 28.500000000000004 7.4785406589508066 8.0357141494750994 7.8214285373687753 76.500000000000014 7.4269335269927987 0.98214286565780651 8.1799807548522967 5.7321429252624521 799.50000000000011 7.3660714626312265 21.500000000000004 2.5000000000000004 1.0797728300094607 2.5000000000000004 24.500000000000004 1070.5000000000002
decision_type=2 2 2 2 2 2 2 2 2 2 2 2 10 10 2 2 2 2 2 2 2 2 2 2 2 2 2 2 2 2 2 2 10 2 2 2 2 2 2 2 2 2 2 2 2 2 2 2 2 2 2 2 2 2 2 2 2 2 2 2 2 2
left_child=1 4 3 6 -1 18 11 -3 9 -9 -11 12 -2 15 25 19 59 -13 -6 20 24 22 -22 -24 -4 -15 -27 29 -29 -18 -23 38 -19 34 35 -17 37 -35 -32 40 41 -31 -42 61 45 -45 47 55 49 54 51 -51 -49 -52 -48 -47 -50 -26 -12 -5 -46 -44
right_child=2 7 13 16 5 -7 -8 8 -10 10 58 17 -14 14 -16 33 27 32 -20 -21 21 30 23 -25 57 26 -28 28 -30 39 31 -33 -34 36 -36 -37 -38 -39 -40 -41 42 -43 43 44 60 46 48 52 56 50 53 -53 -54 -55 -56 -57 -58 -59 -60 -61 -62 -63
leaf_value=-0.0038140734256754019 0.33387189112624299 -0.014191434552371098 0.13907017006987502 0.012689358307021571 0.084293825895536564 -0.00059219796546167256 0.19120608146097001 0.012517203103703032 0.0034906513910920194 0.26899861366802469 0.15508087384930758 0.016072262881994915 -0.050358192498992087 0.043773004481160643 0.20476919197983326 0.050669206185601202 0.14263699159521476 0.029754991925557705 0.0047575670221863178 -0.009221200678884045 0.39173758372233219 -0.062115921059403889 0.015756213012988192 0.19929843991466212 0.11938912173363644 0.058676686552695513 0.30307787231481553 0.22717685906686513 -0.010323792320499783 0.19570056159690785 0.14139994753235799 0.1589933806372815 0.14987654299734876 0.19851632836044214 0.029624671294387592 0.24354491091447805 0.0053591310954985722 0.011489695187053109 0.029962078029755725 -0.0032673581443509151 0.0010087155752353761 0.033588533877735596 0.027356687903545535 0.0054134903340341978 0.080297165883710178 0.10639724092498705 0.25635150412192742 0.11201473727490112 0.015796277404331757 0.28018584436542349 0.13083201663579769 0.026416097519009609 0.31409238430550723 -0.0020986430685917723 0.075862669344023456 -0.065228063297048902 0.12100803317705275 0.032130786739172357 0.014319028835284886 -0.11852806716545825 -0.049696290748932712 -0.017904598529444097
leaf_weight=256690 36 1988 74 48 256 117688 33 12845 29892 31 31 6344 44 1723 45 75 36 8468 170 184 31 33 59 45 73 257 42 32 30 33 56 65 39 31 1687 30 1657 35 205 1862 2794 840 456 308 36 47 41 47 612 31 50 30 30 158 38 32 54 1523 142 73 162 473
leaf_count=256690 36 1988 74 48 256 117688 33 12845 29892 31 31 6344 44 1723 45 75 36 8468 170 184 31 33 59 45 73 257 42 32 30 33 56 65 39 31 1687 30 1657 35 205 1862 2794 840 456 308 36 47 41 47 612 31 50 30 30 158 38 32 54 1523 142 73 162 473
internal_value=1.51775e-06 -0.00184448 0.0247983 0.0203722 -0.00273831 -0.000400416 0.025124 0.00561199 0.00652888 0.0134885 0.0746037 0.0247555 0.122728 0.0378118 0.054429 0.0319523 0.0118593 0.0242269 0.0525661 0.0471688 0.0519644 0.0900238 0.163624 0.0953031 0.0407005 0.0510725 0.0931022 0.013012 0.112401 0.0122562 0.0623049 0.0749194 0.0303076 0.0217863 0.0341045 0.10597 0.00897264 0.0995257 0.0539229 0.0116772 0.0161141 0.0397399 0.0122929 0.0243948 0.0355254 0.0437732 0.0538687 0.113063 0.0447502 0.0837768 0.0584663 0.155653 0.191071 0.0298961 0.169759 0.0368646 0.0243461 0.0361301 0.0396259 -0.066495 -0.0260249 0.00431086
internal_weight=450980 419733 31247 23317 374804 118114 14964 44929 42941 13049 204 14931 80 7930 2067 5863 8353 14851 426 2348 2164 494 135 104 1670 2022 299 8232 62 8170 359 326 8507 3515 1792 105 1723 66 261 8134 6272 873 5399 2605 1676 1478 1170 156 1014 348 269 61 77 208 79 79 666 1596 173 121 198 929
internal_count=450980 419733 31247 23317 374804 118114 14964 44929 42941 13049 204 14931 80 7930 2067 5863 8353 14851 426 2348 2164 494 135 104 1670 2022 299 8232 62 8170 359 326 8507 3515 1792 105 1723 66 261 8134 6272 873 5399 2605 1676 1478 1170 156 1014 348 269 61 77 208 79 79 666 1596 173 121 198 929
is_linear=0
shrinkage=0.03


Tree=68
num_leaves=63
num_cat=0
split_feature=13 13 7 5 22 13 44 28 8 38 12 27 36 13 6 43 5 12 22 29 16 45 20 45 22 43 6 14 11 13 28 14 8 44 44 12 10 14 20 42 5 27 5 5 9 43 41 13 29 28 42 16 11 15 27 43 10 9 8 10 10 36
split_gain=21582.9 2837.29 1997.09 1552.4 1238.05 963.197 1443.9 1100.78 1509.55 1076.66 1267.24 1236.22 943.731 971.713 916.692 1394.47 1320.43 1090.55 933.405 1298.43 1538.02 904.418 1874.08 866.661 818.322 793.023 1287.62 2017.42 891.379 1316.8 786.297 764.556 870.805 1253.98 731.29 720.257 683.102 682.812 925.259 664.198 723.74 657.965 636.864 636.307 625.406 1143.16 1078.38 990.275 795.649 673.836 725.333 684.352 1059.87 624.445 638.959 700.698 620.591 619.21 1056.8 908.863 1145.81 1044.4
threshold=4.4122536182403573 0.99107143282890331 11.500000000000002 1.0000000180025095e-35 0.66071426868438732 9.2232141494750994 0.26666629314422613 3.5000000000000004 19.500000000000004 -0.25000000000000006 11.339285373687746 2.5000000000000004 1.0000000180025095e-35 2.2910053730010991 10.500000000000002 8.8392853736877459 14.500000000000002 12.339285373687746 0.33928571641445165 28.500000000000004 11.894125938415529 1.2457916140556338 40.500000000000007 1.1086565852165224 0.19642857462167743 -1.7678571343421934 19.500000000000004 6.125666856765748 11.178571701049806 9.9727091789245623 24.500000000000004 11.482906341552736 23.500000000000004 0.62222191691398632 3.199986577033997 6.5892858505249032 4.2142856121063241 7.6360671520233163 45.500000000000007 993.50000000000011 5.5000000000000009 4.5000000000000009 5.5000000000000009 36.500000000000007 10.500000000000002 -4.6964285373687735 1.0000000180025095e-35 9.8482141494750994 46.500000000000007 3.5000000000000004 1673.5000000000002 9.3923869132995623 7.6071429252624521 5.136480467626826e-07 3.5000000000000004 1.8750000000000002 4.9285714626312265 7.5000000000000009 38.500000000000007 20.928571701049808 14.928571224212648 -0.87837970256805409
decision_type=2 2 2 2 2 2 2 2 2 2 2 2 2 2 2 2 2 2 2 2 2 2 2 2 2 2 2 2 2 2 2 2 2 2 2 2 2 2 2 2 2 2 2 2 10 2 2 2 2 2 2 2 2 2 2 2 2 10 2 2 2 2
left_child=1 53 3 24 14 -4 -7 8 9 11 -11 -8 13 34 15 16 17 18 44 20 41 23 -23 37 31 26 27 39 29 -29 -6 32 -2 -34 -3 -15 -21 -19 -39 40 -16 -20 -41 -27 46 47 49 -46 -48 50 51 -5 -53 -1 -55 -56 -38 59 -59 60 -9 -62
right_child=2 12 5 4 30 6 7 57 -10 10 -12 -13 -14 35 25 -17 -18 21 19 36 -22 22 -24 -25 -26 43 -28 28 -30 -31 -32 -33 33 -35 -36 -37 56 38 -40 42 -42 -43 -44 -45 45 -47 48 -49 -50 -51 -52 52 -54 54 55 -57 -58 58 -60 -61 61 -63
leaf_value=-0.0061228446983637762 0.024278009891535526 0.0029037660091469088 0.029945476095675942 0.041508471653418595 0.059493691020941236 0.23020350329197234 -0.070670348938858402 0.016521522289402176 -0.043845793187212781 0.12474984675619731 0.34074926926890547 0.16657994396332082 -0.00080227639739458077 0.012161681201641909 -0.056851161273246825 0.17776564945717771 -0.002049397229620286 0.18961234423213466 0.090684122077801493 -0.031171336431913617 0.2756288232813533 0.35167033337997233 0.016508672940374607 -0.07710139963570542 -0.006157758938833034 0.03271978136796961 -0.017739076254518985 0.28682483715163931 0.33533894088790023 0.01261246417170373 0.25425777502110358 -0.02263126352036144 -0.018042618181927792 0.22971075566704413 0.087983862150595421 0.11897251968681827 0.1698531168933361 0.002651354615987206 0.17385500006511082 0.16509435144026233 0.09520474131604667 0.0067596395578561471 0.013355623644189048 -0.05018799603230524 0.05933551872714924 0.029659039784112141 -0.0048143267297787512 0.28186191882009914 -0.09178222463444688 0.01664135276473826 -0.033965522324633776 0.22993149542694638 0.046778906766898755 -0.0038882462071571189 -0.00096824109819725003 0.070645324370659623 0.022099786454549838 0.053035893895227858 0.19537239653576169 -0.13032921915856474 0.25353846962088183 0.065907212785899755
leaf_weight=54826 1281 47323 4125 708 43 41 33 781 44 57 43 49 44292 11776 70 50 2254 40 329 185 35 30 30 38 2744 3971 104 31 36 32 33 302 31 45 91 57 33 104 39 66 47 113 40 85 45 2287 763 30 108 8563 97 47 72 148972 111936 123 113 1084 49 32 33 139
leaf_count=54826 1281 47323 4125 708 43 41 33 781 44 57 43 49 44292 11776 70 50 2254 40 329 185 35 30 30 38 2744 3971 104 31 36 32 33 302 31 45 91 57 33 104 39 66 47 113 40 85 45 2287 763 30 108 8563 97 47 72 148972 111936 123 113 1084 49 32 33 139
internal_value=1.51172e-06 -0.00179951 0.0239168 0.0200727 0.0235178 0.0387221 0.0538992 0.050805 0.113736 0.151845 0.217892 0.0711131 0.00251025 0.00498667 0.0230713 0.0197328 0.0192396 0.0227147 0.0214991 0.0527652 0.0844398 0.0812035 0.184421 0.0531032 0.00389816 0.0350725 0.0740105 0.103645 0.216285 0.147807 0.144305 0.020531 0.0301388 0.128743 0.00306727 0.0126773 0.00710302 0.0801758 0.0494426 0.0535575 0.00424745 0.0692381 0.107915 0.0309808 0.0195125 0.0334432 0.0163353 0.148623 -0.015609 0.0192684 0.043608 0.0527115 0.119261 -0.00321227 -0.00260093 -0.000889559 0.0555998 0.0440842 0.0592097 0.0266802 0.031967 0.102041
internal_weight=450980 419396 31584 25074 20671 6510 2385 2344 226 182 100 82 103539 59247 20595 16113 16063 13809 13528 808 477 281 60 221 4403 4482 426 322 99 63 76 1659 1357 76 47414 11833 331 183 143 223 117 442 106 4056 12720 2362 10358 75 871 9487 924 827 119 315857 261031 112059 146 2118 1133 985 953 172
internal_count=450980 419396 31584 25074 20671 6510 2385 2344 226 182 100 82 103539 59247 20595 16113 16063 13809 13528 808 477 281 60 221 4403 4482 426 322 99 63 76 1659 1357 76 47414 11833 331 183 143 223 117 442 106 4056 12720 2362 10358 75 871 9487 924 827 119 315857 261031 112059 146 2118 1133 985 953 172
is_linear=0
shrinkage=0.03


Tree=69
num_leaves=63
num_cat=0
split_feature=11 13 7 14 23 27 42 42 43 29 14 23 17 18 14 23 41 18 28 13 15 26 43 16 42 11 43 15 7 9 8 36 45 43 43 22 23 45 44 14 44 30 28 8 9 44 14 45 15 44 19 9 15 27 28 44 23 28 43 28 36 20
split_gain=20356.9 2771.16 1899.41 1624.72 1021.56 1304.03 1177.83 1083.09 1061.89 960.607 946.331 942.088 908.28 849.483 819.965 919.905 805.956 846.551 790.328 1252.04 1939.83 979.892 1149.39 1453.49 1068.64 1007.86 935.655 819.108 1484.39 1961.84 805.464 763.167 746.678 738.607 724.01 920.946 1128.77 1477.35 1114.59 1791.94 1647.45 748.405 1318.87 951.597 899.036 802.681 762.36 721.326 1040.36 1033.44 719.394 864.602 758.376 719.087 709.691 1050.3 701.918 686.853 678.851 676.947 879.956 673.517
threshold=4.3214285373687753 1.5545635223388674 11.500000000000002 6.6833618461714661e-07 0.68999999761581432 4.5000000000000009 33.500000000000007 77.500000000000014 3.1964285373687749 11.500000000000002 0.43295724689960485 0.62999999523162853 5.4031615257263192 1.5000000000000002 0.43295724689960485 0.76000002026557933 1.0000000180025095e-35 6.5000000000000009 3.5000000000000004 9.9727091789245623 9.823301315307619 1.0543479323387148 -1.1249999999999998 14.150246620178224 572.50000000000011 11.964285850524904 -2.4821428060531612 7.106914997100831 27.500000000000004 4.5000000000000009 45.500000000000007 0.6078576147556306 0.81157413125038158 0.37500000000000006 -2.3392857313156123 0.23214285820722583 0.52000001072883617 1.5746596455574038 0.57142806053161632 4.186141014099122 0.38095200061798101 10.500000000000002 10.500000000000002 6.5000000000000009 11.500000000000002 0.55813923478126537 6.4179797172546396 1.1673540472984316 8.042640686035158 0.66666609048843395 1.0000000180025095e-35 1.0000000180025095e-35 13.574479103088381 4.5000000000000009 22.500000000000004 3.199986577033997 3.3600000143051152 20.500000000000004 2.803571462631226 29.500000000000004 0.6078576147556306 45.500000000000007
decision_type=2 2 2 2 2 2 2 2 2 2 2 2 2 2 2 2 2 2 2 2 2 2 2 2 2 2 2 2 2 10 2 2 2 2 2 2 2 2 2 2 2 2 2 2 10 2 2 2 2 2 2 8 2 2 2 2 2 2 2 2 2 2
left_child=1 10 4 -4 6 56 -2 8 31 -10 -1 -12 -7 -14 -3 -16 17 18 19 58 -21 30 23 24 25 27 -22 -23 29 -29 50 -8 -9 -24 35 36 41 38 40 -40 -38 43 -43 -34 -45 -46 -47 -41 -49 -50 -20 -52 -53 -13 55 -36 -6 -35 -5 -56 -61 -19
right_child=2 14 3 16 5 12 7 32 9 -11 11 53 13 -15 15 -17 -18 61 21 20 26 22 33 -25 -26 -27 -28 28 -30 -31 -32 -33 34 57 54 -37 37 -39 39 47 -42 42 -44 44 45 46 -48 48 49 -51 51 52 -54 -55 59 -57 -58 -59 -60 60 -62 -63
leaf_value=-0.004539714657068681 -0.12113273788265837 -0.013376036369599617 0.24710690646733402 0.057650289667013577 -0.0024784806330872874 0.014259812751036074 0.079747592999683578 0.040766388707733872 0.060867087327560798 0.24730329143798954 0.033376161695710532 -0.0025817878766060086 0.039311055830556593 0.11209024661466147 0.012742743147706796 0.0032485581551542704 0.00065696916803632311 0.07185947691869779 0.023900694070178186 0.30977849279829772 -0.063784338760989268 0.025963267821532025 -0.018684960475291508 0.25693523731132728 -0.03534168601421684 -0.027260016793878666 0.13231800284100931 0.42995211730703425 0.047846770483136472 0.10681285644454933 0.14762474113714436 -0.037360202499923952 -0.012835089086046851 0.1007290816556364 0.021627547725806481 0.0038235256597845854 0.23879273588145808 -0.034831514319804281 0.35208862489280274 0.024657817136518177 0.02002194539995383 0.2587760278753643 0.048690013854682322 0.026004345594706667 0.23317755342749374 -0.012771682022944786 0.18221803510703913 0.3117416574432208 -0.031128663942936532 0.18912642788030429 -0.062399078916816113 0.062453946525283723 0.19510930286136965 0.0011052608372598318 -0.0012461335702623547 0.18847724108358629 0.018552927301477867 -0.0012629820749932403 -0.062379843004190236 0.062416957187111773 -0.030045533195480669 0.21716157752991938
leaf_weight=140193 50 2038 33 426 4376 1356 159 1942 47 53 698 166307 847 174 13108 30690 524 109 4222 45 31 35 147 52 54 35 74 36 40 32 51 73 412 171 8237 551 38 75 36 51 166 33 144 352 39 45 30 30 31 50 45 392 43 66699 2447 34 2120 91 47 349 126 39
leaf_count=140193 50 2038 33 426 4376 1356 159 1942 47 53 698 166307 847 174 13108 30690 524 109 4222 45 31 35 147 52 54 35 74 36 40 32 51 73 412 171 8237 551 38 75 36 51 166 33 144 352 39 45 30 30 31 50 45 392 43 66699 2447 34 2120 91 47 349 126 39
internal_value=1.50064e-06 -0.00173756 0.0233619 0.0374209 0.0194702 0.0113426 0.0240929 0.0245607 0.0781601 0.159842 -0.00259105 -0.00142208 0.0303547 0.0517254 0.00522449 0.00609006 0.0363906 0.0394021 0.0376716 0.0696819 0.145184 0.0340083 0.0673353 0.113694 0.0814848 0.116935 0.0744012 0.152232 0.193077 0.278289 0.0291475 0.0428923 0.0233908 0.0351213 0.0208487 0.0370894 0.0490518 0.087347 0.110148 0.160848 0.0608777 0.0317292 0.0879911 0.0203767 0.0497396 0.122927 0.065343 0.11815 0.161031 0.104878 0.027859 0.0626603 0.0756123 -0.00152635 0.0178259 0.0223159 0.00438517 0.0653117 0.0457096 0.00511571 0.0378857 0.110279
internal_weight=450980 419733 31247 6774 24473 8873 15600 15550 332 100 373897 233704 2377 1021 45836 43798 6741 6217 6069 623 150 5446 693 284 232 178 105 143 108 68 4753 232 15218 409 13276 2083 1532 477 402 198 204 1055 177 878 466 114 75 162 111 81 4702 480 435 233006 11193 8271 6496 262 473 2922 475 148
internal_count=450980 419733 31247 6774 24473 8873 15600 15550 332 100 373897 233704 2377 1021 45836 43798 6741 6217 6069 623 150 5446 693 284 232 178 105 143 108 68 4753 232 15218 409 13276 2083 1532 477 402 198 204 1055 177 878 466 114 75 162 111 81 4702 480 435 233006 11193 8271 6496 262 473 2922 475 148
is_linear=0
shrinkage=0.03


Tree=70
num_leaves=63
num_cat=0
split_feature=13 12 13 7 10 5 5 17 22 6 6 35 27 10 44 6 14 12 36 5 22 26 43 26 41 29 16 6 7 10 17 6 17 43 26 5 12 7 5 14 13 5 22 14 20 21 30 29 43 6 16 10 29 8 43 21 20 8 6 9 29 30
split_gain=19155.5 2264.17 2065.35 1335.42 1003.26 864.95 876.805 936.143 1197.73 2089.41 2230.29 965.306 941.923 964.101 1554.96 879.938 1026.55 950.676 801.509 797.514 1116.1 789.261 759.313 747.684 724.879 811.133 858.708 711.808 789.652 668.498 804.877 660.635 939.678 950.219 918.728 774.193 1020.23 660.498 645.61 632.784 791.756 628.364 673.128 623.188 619.72 932.636 1166.35 1459.24 1083.22 1062.04 1197.68 971.438 804.042 772.145 731.162 707.923 680.054 667.224 869.636 744.88 650.463 604.45
threshold=3.575714230537415 6.2678570747375497 0.78647416830062877 11.500000000000002 1.0000000180025095e-35 36.500000000000007 1.0000000180025095e-35 11.434213161468508 0.33928571641445165 10.500000000000002 1.5000000000000002 1.0000000180025095e-35 5.5000000000000009 4.357142686843873 0.36363567411899572 12.500000000000002 9.394780635833742 9.4464287757873553 1.0000000180025095e-35 1.0000000180025095e-35 0.73214286565780651 1.1277077198028567 -6.0892858505249015 0.94345536828041088 1.0000000180025095e-35 9.5000000000000018 9.6827311515808123 37.500000000000007 6.5000000000000009 8.2142858505249041 5.8466053009033212 10.500000000000002 10.677921772003176 -3.6607142686843868 0.94639605283737194 12.500000000000002 12.339285373687746 2.5000000000000004 22.500000000000004 11.635331630706789 13.526785850524904 19.500000000000004 0.44642856717109686 10.75705671310425 66.500000000000014 52.500000000000007 7.5000000000000009 35.500000000000007 -4.1607141494750968 6.5000000000000009 16.103788375854496 18.500000000000004 13.500000000000002 3.5000000000000004 -1.0178571343421934 63.500000000000007 18.500000000000004 33.500000000000007 3.5000000000000004 29.500000000000004 19.500000000000004 9.5000000000000018
decision_type=2 2 2 2 2 2 2 2 2 2 2 2 2 2 2 2 2 2 2 2 2 2 2 2 2 2 2 2 2 2 2 2 2 2 2 2 2 2 2 2 2 2 2 2 2 2 2 2 2 2 2 2 2 2 2 2 2 2 2 8 2 2
left_child=2 19 -1 5 -5 6 22 31 11 10 -10 12 13 14 -9 -15 17 -17 29 -2 41 24 -3 -24 44 26 -26 -18 -29 -4 -31 34 33 -33 -8 36 61 -37 -27 -25 -41 42 -21 -23 45 57 49 54 -49 -47 51 56 -52 -50 -48 -55 -51 59 -59 -6 -60 -36
right_child=1 3 18 4 21 -7 7 8 9 -11 -12 -13 -14 15 -16 16 27 -19 -20 20 -22 43 23 39 25 38 -28 28 -30 30 -32 32 -34 -35 35 37 -38 -39 -40 40 -42 -43 -44 -45 -46 46 47 48 53 50 52 -53 -54 55 -56 -57 -58 58 60 -61 -62 -63
leaf_value=-0.0033236376859407473 0.0019728085833007232 -0.063786542044923344 0.0031379848066548153 0.21060103255836141 0.038436091362393586 -0.027536565922424119 0.062062657632964924 -0.00027415177760980065 0.097016869080785384 -0.038636504787756612 0.4203810244631544 0.1604980442753757 -0.016586221730822231 0.022806996862527778 0.26885656773352562 0.0013654119197118321 0.013755958899919186 0.19561235853699943 -0.0014780583943137004 0.015778291076144313 0.16548158985151684 0.24057371975907937 -0.068938726915450041 0.026507484030216785 -0.0068040405597598243 -0.039944013171558421 0.19159541120840404 0.052135616994467206 0.23415470570047323 0.14236000492413928 -0.007647066491178911 0.18579822684556913 -0.025866281666399239 0.038564793658450933 0.014276003488254051 -0.029365753505001726 0.14751301941757078 0.011827583886056196 0.10057539233268208 -0.027363214040297283 0.11065719301465653 -0.016866274572506182 0.047905633424531122 0.054468985012899047 -0.037278032015996408 -0.011371679979809321 0.34603570724828775 0.22597113914377104 0.16276227773462149 0.21698507816292514 0.093267741197737578 0.2694025519159105 -0.10933869417975929 0.081776254038236407 0.15297979682256602 -0.061486259583024068 0.054577141849909715 0.23300945916173293 -0.056596891678052881 -0.019547251171407289 0.11922186067018023 0.038650660882327305
leaf_weight=281473 4471 134 75125 31 3599 300 411 35 48 40 32 58 258 893 43 30 205 93 56275 13309 45 31 101 1203 43 265 36 65 32 68 61 40 205 2488 3908 546 57 977 33 416 41 505 614 34 88 180 32 38 40 30 32 35 39 63 40 61 102 35 30 211 51 1196
leaf_count=281473 4471 134 75125 31 3599 300 411 35 48 40 32 58 258 893 43 30 205 93 56275 13309 45 31 101 1203 43 265 36 65 32 68 61 40 205 2488 3908 546 57 977 33 416 41 505 614 34 88 180 32 38 40 30 32 35 39 63 40 61 102 35 30 211 51 1196
internal_value=1.48915e-06 0.0203906 -0.00187341 0.0276984 0.0406959 0.0228395 0.0239548 0.0270307 0.0467201 0.138313 0.226745 0.0402914 0.0360658 0.0457982 0.148228 0.0397244 0.0752537 0.148287 0.00123007 0.0130479 0.0164691 0.0396684 0.0050271 0.0102675 0.0383378 -0.00168463 0.0837148 0.0454642 0.112378 0.00325522 0.0714638 0.0233599 0.0358927 0.0409023 0.0185316 0.0158538 0.0214001 -0.00294032 -0.0243496 0.0150915 -0.0149559 0.0160031 0.0171955 0.143483 0.0415443 0.0430474 0.075162 0.123263 0.0818458 0.0436064 0.08518 0.12904 -0.0179993 0.0483244 0.239164 0.0112955 0.0916357 0.0373847 0.108246 0.0352241 0.0540958 0.0199886
internal_weight=450980 37978 413002 19034 5179 13855 13555 11660 1832 120 80 1712 1654 1396 78 1318 425 123 131529 18944 14473 5148 1895 1761 5083 377 79 302 97 75254 129 9828 2733 2528 7095 6684 5161 1523 298 1660 457 14428 13923 65 4706 4618 692 274 202 418 238 167 71 164 72 124 132 3926 116 3810 81 5104
internal_count=450980 37978 413002 19034 5179 13855 13555 11660 1832 120 80 1712 1654 1396 78 1318 425 123 131529 18944 14473 5148 1895 1761 5083 377 79 302 97 75254 129 9828 2733 2528 7095 6684 5161 1523 298 1660 457 14428 13923 65 4706 4618 692 274 202 418 238 167 71 164 72 124 132 3926 116 3810 81 5104
is_linear=0
shrinkage=0.03


Tree=71
num_leaves=63
num_cat=0
split_feature=11 13 5 23 22 7 14 17 42 5 28 13 15 44 5 26 26 37 5 11 36 26 15 11 13 17 23 5 23 28 42 22 20 6 43 5 22 15 45 29 26 30 21 37 26 29 13 11 11 45 14 28 13 38 44 11 42 45 44 8 18 9
split_gain=18113.6 2876.67 1704.68 1631.46 1155.46 989.178 1252.89 858.914 845.606 839.509 1020.97 1380.45 1429.45 1083.33 1843.47 952.272 1135.74 853.077 827.87 1001.48 775.994 794.275 688.41 668.363 661.807 1732.83 657.15 644.267 1074.87 1226.76 673.089 704.59 1078.82 637.816 1105.82 893.116 934.666 1599.51 1152.79 817.562 800.698 712.083 1109.23 1312.93 1371.16 854.653 883.108 674.713 674.476 635.502 746.862 846.593 728.453 902.079 1096.48 806.597 789.55 632.779 609.942 994.966 609.101 605.059
threshold=2.8214286565780644 6.2410714626312265 1.0000000180025095e-35 0.62999999523162853 0.73214286565780651 11.500000000000002 3.5006512177915289e-07 1.2078976035118105 33.500000000000007 2.5000000000000004 3.5000000000000004 10.128289699554445 9.3897585868835467 0.42857110500335699 5.5000000000000009 0.98163008689880382 0.98426896333694469 1.0000000180025095e-35 36.500000000000007 21.678571701049808 -0.87837970256805409 0.94639605283737194 6.3794827461242685 5.3214285373687753 15.34531879425049 14.329426765441896 0.35999999940395361 1.0000000180025095e-35 0.43999999761581426 17.500000000000004 133.50000000000003 0.19642857462167743 8.5000000000000018 10.500000000000002 8.8392853736877459 14.500000000000002 0.33928571641445165 11.184393882751467 1.2851356267929079 2.5000000000000004 0.95920950174331676 4.5000000000000009 41.500000000000007 1.0000000180025095e-35 1.0316393375396731 18.500000000000004 7.9910714626312265 11.321428298950197 7.2500000000000009 1.610149681568146 5.3206689357757577 14.500000000000002 11.562500000000002 -0.25000000000000006 0.90909004211425792 9.6071429252624529 247.50000000000003 1.1673540472984316 0.74999901652336132 1.5000000000000002 2.5000000000000004 65.000000000000014
decision_type=2 2 2 2 2 2 2 2 2 2 2 2 2 2 2 2 2 2 2 2 2 2 2 2 2 2 2 2 2 2 2 2 2 2 2 2 2 2 2 2 2 2 2 2 2 2 2 2 2 2 2 2 2 2 2 2 2 2 2 2 2 8
left_child=2 20 -1 4 -4 8 -7 -5 -3 15 11 -11 -13 14 -12 22 -17 -14 19 27 21 58 -8 -18 25 -25 -6 30 29 -29 -10 32 -32 34 35 36 41 38 -38 -35 47 42 -30 44 48 46 -43 57 -44 52 51 -51 -47 55 -55 -54 -57 -37 -2 -60 -22 -41
right_child=1 5 3 7 26 6 9 -9 18 10 13 12 17 -15 -16 16 23 -19 -20 -21 60 -23 -24 24 -26 -27 -28 28 33 -31 31 -33 -34 39 -36 40 37 -39 -40 61 -42 45 43 -45 -46 49 -48 -49 -50 50 -52 -53 53 54 -56 56 -58 -59 59 -61 -62 -63
leaf_value=-0.0033760497381228674 -0.031402814051258235 -0.090324149729334141 0.021149788968130096 -0.0012740816952649171 -0.025609797081552293 0.22518408108815965 0.065014559787951301 0.0037424668561379451 -0.04811581592807853 0.049799088653059646 0.30139611184034704 0.31609321940119245 0.17024279792599264 0.03648654451723117 -0.0020748221568572213 0.19104152568161029 -0.061077827236394711 -0.0219677989560867 -0.027036795375971829 0.18926070240869261 0.0081793043043051055 0.021308904207261191 -0.042203573156868027 0.028492407437140696 -0.097699228002945809 0.22644919329718849 0.11748837102831158 0.01783537904465542 -0.0013523425437745032 0.23810963398722398 0.15297666213126113 -0.0065909142916668554 0.022777676648208151 0.11334851015404929 0.19208394466607101 4.5107609048760825e-06 0.19906992143697813 0.27968165762114738 0.0096140835845088517 0.03552763519156063 -0.010463965269847478 0.038447659224450231 0.16459634146476329 -0.0015255563434945988 0.27724123016677116 0.027904394617937912 0.22891017580581136 0.16041631706004594 0.037668266127462505 0.17211758465861957 -0.072324033100962332 -0.027736251585028224 -0.090611402805999053 0.31005465543943383 0.068741699856565433 0.19065441887913726 0.021300069797894124 0.13630395053878541 0.24241683709842465 0.064762181434619315 0.03215831095844246 -0.097459061124700444
leaf_weight=267299 32 59 1124 92472 34 32 65 45996 174 257 37 41 59 3294 35 39 73 32 287 33 20032 3311 313 730 33 42 190 45 1757 46 61 836 918 122 34 157 37 33 131 3107 1209 50 51 215 34 4165 39 41 144 30 118 52 32 30 39 38 71 38 39 104 1001 31
leaf_count=267299 32 59 1124 92472 34 32 65 45996 174 257 37 41 59 3294 35 39 73 32 287 33 20032 3311 313 730 33 42 190 45 1757 46 61 836 918 122 34 157 37 33 131 3107 1209 50 51 215 34 4165 39 41 144 30 118 52 32 30 39 38 71 38 39 104 1001 31
internal_value=1.47708e-06 0.0183181 -0.00197206 0.000712061 0.0335552 0.026967 0.0383326 0.000392295 0.0229174 0.0371439 0.0443272 0.090343 0.169172 0.0390064 0.154056 0.0163118 0.0328284 0.102686 0.0233884 0.0244285 0.0114937 0.0246033 -0.0237503 0.025778 0.0336629 0.039292 0.0957597 0.0240353 0.0266778 0.129338 0.00822982 0.0136347 0.0309065 0.0258852 0.0215772 0.0208936 0.0252883 0.0890421 0.051442 0.0371758 -0.000595447 0.0234201 0.00935371 0.0517139 0.101684 0.0300576 0.122089 0.0499365 0.0709399 0.0282643 -0.0240169 0.0454833 0.0306551 0.0851651 0.173979 0.0415999 0.0804754 0.0266294 0.0868773 0.113359 0.00932073 0.0342103
internal_weight=450980 43865 407115 139816 1348 19346 5082 138468 14264 5050 3755 389 132 3366 72 1295 917 91 14205 13918 24519 3486 378 878 805 772 224 13885 11896 91 1989 1815 979 11805 8545 8511 7066 201 168 3260 1445 6865 2201 444 229 4664 89 236 195 4575 200 82 4375 210 69 141 109 195 175 143 21033 3138
internal_count=450980 43865 407115 139816 1348 19346 5082 138468 14264 5050 3755 389 132 3366 72 1295 917 91 14205 13918 24519 3486 378 878 805 772 224 13885 11896 91 1989 1815 979 11805 8545 8511 7066 201 168 3260 1445 6865 2201 444 229 4664 89 236 195 4575 200 82 4375 210 69 141 109 195 175 143 21033 3138
is_linear=0
shrinkage=0.03


Tree=72
num_leaves=63
num_cat=0
split_feature=11 12 5 23 7 22 5 5 28 22 29 17 22 6 6 10 42 45 23 44 0 5 44 5 8 7 6 17 45 44 42 42 27 23 20 0 23 11 27 5 42 26 42 22 7 28 26 26 8 11 6 28 17 15 5 11 45 9 26 43 43 37
split_gain=17043.7 2709.87 1603.93 1535.06 1140.53 1087.2 993.286 929.693 927.038 1019.66 1326.04 841.098 936.235 1787.75 2740 846.171 2149.3 1078.71 1059.79 930.757 1530.33 2486.33 1541.84 1324.87 1522.81 985.636 890.344 808.153 792.094 737.626 702.976 698.066 651.386 689.93 646.722 646.381 680.827 692.598 678.432 840.519 643.99 1270.45 1125.94 760.995 1070.78 642.206 1513.96 636.061 814.263 1453.09 978.449 973.181 1195.12 1486.45 926.491 917.738 905.753 836.978 830.899 1596.99 976.964 779.227
threshold=2.8214286565780644 6.0535714626312265 1.0000000180025095e-35 0.62999999523162853 11.500000000000002 0.73214286565780651 1.0000000180025095e-35 36.500000000000007 23.500000000000004 0.41071428358554846 13.500000000000002 11.434213161468508 0.33928571641445165 10.500000000000002 2.5000000000000004 4.357142686843873 480.50000000000006 1.4726735949516299 0.52000001072883617 0.90909004211425792 269.50000000000006 4.5000000000000009 0.86486437916755687 8.5000000000000018 14.500000000000002 3.5000000000000004 43.500000000000007 1.2078976035118105 1.3877750635147097 1.555555045604706 39.500000000000007 277.50000000000006 3.5000000000000004 0.57499998807907116 30.500000000000004 277.50000000000006 0.52000001072883617 4.2500000000000009 4.5000000000000009 16.500000000000004 958.50000000000011 1.0279641747474673 1000.5000000000001 0.16071429103612903 2.5000000000000004 2.5000000000000004 0.94026881456375133 0.98063942790031444 32.500000000000007 12.392857074737551 41.500000000000007 3.5000000000000004 7.3275411128997812 7.5440099239349374 25.500000000000004 13.892857074737551 0.89812418818473827 29.500000000000004 1.0428663492202761 -1.0535714030265806 1.6607143282890322 1.0000000180025095e-35
decision_type=2 2 2 2 2 2 2 2 2 2 2 2 2 2 2 2 2 2 2 2 2 2 2 2 2 2 2 2 2 2 2 2 2 2 2 2 2 2 2 2 2 2 2 2 2 2 2 2 2 2 2 2 2 2 2 2 2 10 2 2 2 2
left_child=2 32 -1 5 6 -4 40 11 9 29 -11 35 15 14 -14 16 -13 19 -19 20 22 -22 23 28 -25 -23 34 -5 -17 30 -6 -31 33 -2 -21 36 37 -8 -38 -40 41 -3 -42 44 -43 46 -34 -32 50 -50 51 52 -49 -54 56 57 -55 61 -57 -60 -61 -53
right_child=1 4 3 27 8 -7 7 -9 -10 10 -12 12 13 -15 -16 17 -18 18 -20 26 21 25 -24 24 -26 -27 -28 -29 -30 31 47 -33 45 -35 -36 -37 38 -39 39 -41 42 43 -44 -45 -46 -47 -48 48 49 -51 -52 55 53 54 -56 58 -58 -59 59 60 -62 -63
leaf_value=-0.0032747682662051234 0.018688538762010248 -0.04151634055265678 0.020515351793155862 -0.0012358592891013262 -0.076395911984942014 0.09288792315072604 0.13770025858185683 -0.027025502619681327 0.016040832029936624 0.30822146165311531 0.026232891136972213 0.29577048177914239 0.073008067469450419 -0.039415040279267136 0.43288466822665389 -0.042207003873362424 0.00010356083628949354 0.068729834624609867 -0.047322165815060421 0.059556645147328807 0.36995802580548065 0.17216541136692795 0.21415622902278525 0.03466855845409101 0.25220495157103073 -0.058912806784814573 0.15889888258482351 0.0036301931001656886 0.12418343001599128 0.081300723754467757 0.02820150095018353 -0.064715569562114966 0.23377180821324212 0.0027628368571317985 -0.0004456853547826911 -0.0028717957710675951 0.0088495218871877789 0.030782191489169195 0.045961607009927768 -0.025247387715803083 0.20125662626469648 0.19349254300548499 0.014642426827131407 -0.0025821228957707727 0.024475534253932063 0.01458384016176084 0.034139797875875476 0.0011121169581353736 0.23703698744174792 0.025588244246944093 0.2214466987376989 0.053886573981109853 0.29939046103163547 0.23236672260173377 -0.04874547737084816 0.054916387838401796 0.079783094578508185 -0.071411105625091065 0.34367479613849089 -0.018709552583029809 0.20105699393581433 0.013465391173385534
leaf_weight=267299 3213 627 1124 92472 42 224 55 306 1338 30 30 39 52 40 30 178 51 100 242 237 39 37 46 93 42 30 43 45996 30 41 1145 104 36 10286 508 823 3212 5420 1008 175 30 49 877 338 108 9448 649 84 59 58 30 1098 40 51 32 201 112 65 30 39 34 705
leaf_count=267299 3213 627 1124 92472 42 224 55 306 1338 30 30 39 52 40 30 178 51 100 242 237 39 37 46 93 42 30 43 45996 30 41 1145 104 36 10286 508 823 3212 5420 1008 175 30 49 877 338 108 9448 649 84 59 58 30 1098 40 51 32 201 112 65 30 39 34 705
internal_value=1.46587e-06 0.0177689 -0.0019129 0.000690702 0.0258274 0.0325488 0.0215467 0.0246299 0.0376807 0.0448645 0.16753 0.0258917 0.0446453 0.124922 0.205055 0.0389268 0.128429 0.0339613 -0.0133743 0.0465804 0.0788181 0.179825 0.0512514 0.0293437 0.102494 0.0687416 0.0263202 0.000380526 -0.018153 0.043006 0.0455239 -0.0233903 0.0108692 0.00655366 0.0186457 0.0226694 0.0247993 0.031859 0.0160039 0.0354252 0.0020406 -0.013154 0.0208381 0.0227697 0.0773252 0.016618 0.0446662 0.0468799 0.0549851 0.13234 0.0513894 0.0493319 0.0982607 0.132964 0.0986822 0.0421409 0.127646 0.0342693 0.0904778 0.159739 0.083762 0.0380837
internal_weight=450980 43865 407115 139816 20233 1348 14865 12836 5368 4030 60 12530 1837 122 82 1715 90 1625 342 1283 495 106 389 343 135 67 788 138468 208 3970 3825 145 23632 13499 745 10693 9870 5475 4395 1183 2029 1122 907 495 157 10133 685 3783 2638 117 2521 2491 319 235 195 2172 163 1868 304 103 73 1803
internal_count=450980 43865 407115 139816 20233 1348 14865 12836 5368 4030 60 12530 1837 122 82 1715 90 1625 342 1283 495 106 389 343 135 67 788 138468 208 3970 3825 145 23632 13499 745 10693 9870 5475 4395 1183 2029 1122 907 495 157 10133 685 3783 2638 117 2521 2491 319 235 195 2172 163 1868 304 103 73 1803
is_linear=0
shrinkage=0.03


Tree=73
num_leaves=63
num_cat=0
split_feature=13 11 5 23 22 12 27 28 22 27 0 10 7 44 5 45 20 13 38 23 17 15 9 19 8 0 39 12 8 42 44 26 15 45 41 9 9 44 5 44 28 21 0 13 44 7 5 43 17 7 9 7 8 8 27 26 5 23 10 42 22 29
split_gain=16066.6 2202.51 1529.37 1557.99 1206.09 1087.61 1251.54 1383.36 1007.27 923.948 862.292 947.719 843.083 841.605 836.025 827.208 895.469 811.102 827.275 798.712 793 761.01 793.537 1178.56 1213.41 1164.82 1085.18 915.973 805.045 1081.65 759.256 743.194 888.203 1016.59 714.765 797.971 803.213 912.909 697.759 748.79 696.311 695.273 779.355 673.934 1109.58 894.788 813.76 648.643 996.347 647.498 612.958 799.691 640.216 879.798 647.016 707.484 603.149 719.916 717.789 813.404 1519.34 1897.2
threshold=4.4122536182403573 0.89285713434219371 2.5000000000000004 0.52000001072883617 0.30357143282890325 11.803571224212648 5.5000000000000009 1.5000000000000002 0.19642857462167743 3.5000000000000004 182.50000000000003 10.214285850524904 14.500000000000002 2.1384688615798955 35.500000000000007 0.86996445059776317 35.500000000000007 7.2232143878936776 -0.93301269412040699 0.57499998807907116 2.3056606054306035 11.582124233245851 9.5000000000000018 1.0000000180025095e-35 7.5000000000000009 259.50000000000006 -0.68301269412040699 12.339285373687746 7.5000000000000009 351.50000000000006 0.26666629314422613 1.0492367744445803 14.361502170562746 0.97158116102218639 1.0000000180025095e-35 28.500000000000004 1.0000000180025095e-35 0.70588147640228283 28.500000000000004 0.93506470322608959 3.5000000000000004 33.500000000000007 46.500000000000007 6.5982143878936776 1.1999995112419131 4.5000000000000009 4.5000000000000009 4.2678570747375497 10.677921772003176 8.5000000000000018 1.5000000000000002 14.500000000000002 39.500000000000007 13.500000000000002 3.5000000000000004 1.0083283782005312 11.500000000000002 0.71000000834465038 17.214285850524906 610.50000000000011 0.33928571641445165 24.500000000000004
decision_type=2 2 2 2 2 2 2 2 2 2 2 2 2 2 2 2 2 2 2 2 2 2 10 2 2 2 2 2 2 2 2 2 2 2 2 10 10 2 2 2 2 2 2 2 2 2 2 2 2 2 10 2 2 2 2 2 2 2 2 2 2 2
left_child=1 -1 8 4 5 10 7 -7 30 19 11 17 -13 -10 -12 16 -8 43 -19 -3 -11 22 26 24 -24 27 -9 -26 -28 -30 -2 50 -33 -34 35 36 37 -6 39 -39 -5 42 -20 46 45 -45 -4 48 -41 -25 51 -23 53 54 -52 -56 57 58 59 60 -42 -62
right_child=2 9 3 40 34 6 15 21 13 20 14 12 -14 -15 -16 -17 -18 18 41 -21 -22 31 23 49 25 -27 28 -29 29 -31 -32 32 33 -35 -36 -37 -38 38 -40 47 56 -43 -44 44 -46 -47 -48 -49 -50 -51 52 -53 -54 -55 55 -57 -58 -59 -60 -61 61 -63
leaf_value=-0.0029126247271633321 0.16114002437535616 0.019662813145830276 0.16903757104645714 0.040012642444295504 0.22590536563920877 0.23676706018239041 -0.015085102905308555 -0.081469259485137668 0.00013765737928191755 0.0031566870605917192 0.020072894542616591 0.0013188083810167434 0.068804856206173839 0.14357152833610851 -0.072629864492801705 -0.063345736165195829 0.15126774375195617 -0.0362418724531769 0.0037065073095159749 -0.00091897696701383007 0.012699919831255487 0.19182224450142255 0.041478496605229231 -0.031037457453675716 0.2867095022974126 0.36633759429115698 0.14867790726846308 0.092825703278255914 0.15252884551218357 -0.020734681442637608 0.019125149724986277 0.0082436904645334513 0.25827396615224629 0.05753186741834921 -0.012090340477635138 0.22688965505539774 0.045312316924720618 -0.024883486175129553 -0.048666538271298361 0.11519024838294789 0.036986444979428011 0.07076067720500713 0.064122558874125074 0.18257567711868716 0.26746464825024568 0.034596109926371542 0.021328453107690465 0.036029262721201792 0.30341510953859974 0.10711966670613826 -0.0039868096304050259 -0.012117302036362059 0.13918423485023237 -0.066426700336967542 0.20495091627821818 0.024566255774418681 0.001652812389610043 0.0080353044525906248 -0.10603605266773963 0.018215612941425138 0.27150539412376395 0.033733519703716554
leaf_weight=301414 34 1742 42 1082 49 41 79 48 4828 41099 5038 805 210 37 89 123 46 115 466 65458 9683 39 50 54 34 34 85 62 47 104 5412 63 44 47 94 30 485 35 31 109 1373 635 327 60 41 95 166 53 33 70 178 31 30 135 33 48 2416 3102 36 2610 58 63
leaf_count=301414 34 1742 42 1082 49 41 79 48 4828 41099 5038 805 210 37 89 123 46 115 466 65458 9683 39 50 54 34 34 85 62 47 104 5412 63 44 47 94 30 485 35 31 109 1373 635 327 60 41 95 166 53 33 70 178 31 30 135 33 48 2416 3102 36 2610 58 63
internal_value=1.45785e-06 -0.00155245 0.0206354 0.0252315 0.0334298 0.0302902 0.0535301 0.0655061 0.0111528 0.00192244 0.0259081 0.0387952 0.0152883 0.00123176 0.018462 -0.0081324 0.0461927 0.0510475 0.041133 -0.000385392 0.00497642 0.0598052 0.0845186 0.118204 0.167218 0.215499 0.0484264 0.161735 0.0748756 0.0332504 0.020015 0.0373683 0.0948917 0.154787 0.066265 0.0751949 0.0694409 0.107159 0.0847817 0.102788 0.0171908 0.0473673 0.0286264 0.0888909 0.128805 0.091969 0.0512284 0.125712 0.159126 0.0469659 0.0194172 0.101596 0.00582565 -0.00435749 0.0280026 0.0982369 0.0146335 0.0189636 0.0271512 0.0283225 0.0459756 0.147849
internal_weight=450980 419396 31584 21273 10533 9614 1525 1277 10311 117982 8089 2962 1015 4865 5127 248 125 1947 1543 67200 50782 1236 588 304 180 130 284 96 236 151 5446 648 154 91 919 825 795 310 261 230 10740 1428 793 404 196 155 208 195 142 124 494 70 424 394 259 81 9658 7242 4140 4104 1494 121
internal_count=450980 419396 31584 21273 10533 9614 1525 1277 10311 117982 8089 2962 1015 4865 5127 248 125 1947 1543 67200 50782 1236 588 304 180 130 284 96 236 151 5446 648 154 91 919 825 795 310 261 230 10740 1428 793 404 196 155 208 195 142 124 494 70 424 394 259 81 9658 7242 4140 4104 1494 121
is_linear=0
shrinkage=0.03


Tree=74
num_leaves=63
num_cat=0
split_feature=11 13 11 14 17 5 8 17 44 0 14 38 5 28 45 43 44 42 41 29 20 28 21 11 10 23 42 0 8 14 6 22 45 16 29 43 21 29 21 10 44 5 42 32 11 27 28 43 23 17 27 14 13 8 14 21 43 14 42 28 12 12
split_gain=15161.4 2126.48 1402.34 963.078 1104.4 852.454 1111.36 902.239 801.709 797.358 777.77 915.469 1035.48 1063.25 1148.05 1398.16 771.403 1036.79 767.711 1417.8 1135.38 879.742 901.404 950.138 734.433 773.938 722.502 1245.01 980.563 2112.72 1461.83 878.354 1436.77 861.469 780.766 707.83 997.682 1635.87 707.751 1295.94 1040.36 846.306 960.421 2000.04 1222.63 688.5 687.862 679.328 678.803 658.367 837.645 652.004 640.842 640.815 683.053 923.154 786.326 641.361 834.014 975.192 716.995 617.634
threshold=4.3214285373687753 1.3763889074325564 9.1785717010498065 6.7559494972229013 7.3275411128997812 1.0000000180025095e-35 16.500000000000004 7.8317432403564462 0.57142806053161632 86.500000000000014 3.5006512177915289e-07 0.93301269412040722 4.5000000000000009 3.5000000000000004 1.7638289332389834 -2.0178571939468379 0.38095200061798101 265.50000000000006 1.0000000180025095e-35 9.5000000000000018 28.500000000000004 3.5000000000000004 21.500000000000004 9.6785717010498065 1.0000000180025095e-35 0.62999999523162853 357.50000000000006 247.50000000000003 24.500000000000004 9.0039663314819354 42.500000000000007 0.30357143282890325 1.3400946855545046 14.150246620178224 27.500000000000004 -2.3392857313156123 54.500000000000007 45.500000000000007 82.500000000000014 17.357143402099613 1.2727260589599612 27.500000000000004 216.50000000000003 2012.5000000000002 10.535714149475099 4.5000000000000009 25.500000000000004 0.37500000000000006 0.62999999523162853 8.6086163520813006 3.5000000000000004 2.7429425716400151 3.0446429252624516 1.0000000180025095e-35 6.1856205463409433 28.500000000000004 -0.37499999999999994 4.3806900978088388 197.50000000000003 7.5000000000000009 9.3750000000000018 9.8750000000000018
decision_type=2 2 2 2 2 2 2 2 2 2 2 2 2 2 2 2 2 2 2 2 2 2 2 2 2 2 2 2 2 2 2 2 2 2 2 2 2 2 2 2 2 2 2 2 2 2 2 2 2 2 2 2 2 2 2 2 2 2 2 2 2 2
left_child=1 24 3 4 52 -3 48 9 -5 51 -6 12 53 49 -15 -16 17 -4 21 20 -20 38 23 -23 -1 -26 27 33 30 -30 31 32 -29 -24 -28 36 37 46 39 40 41 42 -18 44 -44 -27 -36 -31 -7 -14 -51 -8 -2 -12 57 56 -56 58 59 -55 -60 -62
right_child=2 5 16 8 10 6 7 -9 -10 -11 11 -13 13 14 15 -17 18 -19 19 -21 -22 22 26 -25 25 45 34 28 29 47 -32 -33 -34 -35 35 -37 -38 -39 -40 -41 -42 -43 43 -45 -46 -47 -48 -49 -50 50 -52 -53 -54 54 55 -57 -58 -59 60 -61 61 -63
leaf_value=-0.0047214182077939442 0.05099013330083689 -0.0015516469559334288 0.013519204690142075 -0.06833277227487769 0.14193768218613517 0.020418111013261027 0.18229246581076516 0.13713624801211499 0.0094213372286749905 -0.0084329825364662797 -0.012775268770260933 -0.0093187635983496345 0.066004670365229168 0.03949746009949117 0.30899788746766949 0.056076322109265338 0.00023248819989453028 0.25878020721616468 0.0019880590217068866 -0.024042353542238545 0.18437821587330194 0.21661627526875513 0.034223625047862319 0.039553984148505104 0.030941916401063609 -0.0026078126637772642 0.0093073005134298396 0.078910498573570673 0.21229337145506111 -0.11162922305616772 0.26552165465396077 0.18443068154802492 -0.095891050526997507 -0.038342403911561247 0.017364175111843488 0.027819454587619856 -0.0092806165266995314 0.2412966298128931 -0.076407810478313423 0.2239623583964766 -0.012738925481530846 -0.039868759463769499 0.095602661066905251 0.073686349968348414 0.32696447716001592 0.00071704072682490956 0.17304718987726744 0.034098338238942393 0.0048030862005223546 0.26375727325244158 0.084368070865983288 0.02952850196490981 0.014293706355088153 0.26866488087612922 0.28981688162417102 0.035612751010017769 0.072383465634727001 0.0013506417143513561 0.019616233170404302 0.053145041319372137 0.21275716760640967 0.037783635677888873
leaf_weight=88349 447 17671 31 121 59 2694 45 96 8232 175 391 427 102 1612 32 51 77 31 64 502 59 47 954 65 657 195606 2292 517 34 74 39 61 46 174 102 1944 82 63 30 47 135 46 33 245 55 78567 34 47 35816 48 46 57 10215 30 30 112 30 643 565 51 34 39
leaf_count=88349 447 17671 31 121 59 2694 45 96 8232 175 391 427 102 1612 32 51 77 31 64 502 59 47 954 65 657 195606 2292 517 34 74 39 61 46 174 102 1944 82 63 30 47 135 46 33 245 55 78567 34 47 35816 48 46 57 10215 30 30 112 30 643 565 51 34 39
internal_value=1.44702e-06 -0.00149937 0.0201616 0.016455 0.0210103 0.00391182 0.00639482 0.0579232 0.00829402 0.0304253 0.0338411 0.0323344 0.0369958 0.0527634 0.0451072 0.153861 0.0310597 0.136393 0.0302278 -0.0016709 0.0895669 0.0329805 0.0296467 0.113997 -0.00234201 -0.0015771 0.028183 0.0434657 0.071643 0.00369768 0.0875225 0.0763544 0.0646112 0.0230262 0.0215978 0.0342566 0.0787591 0.115031 0.0657834 0.0724828 0.0603978 0.0820515 0.0957404 0.117814 0.240428 -0.00165504 0.0563945 -0.0550305 0.00589554 0.11891 0.17617 0.0970516 0.0158328 0.0215039 0.0302425 0.0865626 0.181426 0.0231232 0.0425894 0.133219 0.0310617 0.119478
internal_weight=450980 419733 31247 23317 14964 56554 38883 373 8353 277 4302 4243 3816 1891 1695 83 7930 62 7868 625 123 7243 6575 112 363179 274830 6463 1946 818 155 663 624 563 1128 4517 2225 281 199 668 638 591 456 410 333 88 274173 136 121 38510 196 94 102 10662 1925 1534 172 60 1362 719 81 638 73
internal_count=450980 419733 31247 23317 14964 56554 38883 373 8353 277 4302 4243 3816 1891 1695 83 7930 62 7868 625 123 7243 6575 112 363179 274830 6463 1946 818 155 663 624 563 1128 4517 2225 281 199 668 638 591 456 410 333 88 274173 136 121 38510 196 94 102 10662 1925 1534 172 60 1362 719 81 638 73
is_linear=0
shrinkage=0.03


Tree=75
num_leaves=63
num_cat=0
split_feature=11 13 5 23 22 41 29 27 14 23 42 28 5 16 10 11 9 9 28 26 28 10 20 11 6 20 42 9 17 36 26 20 6 28 17 29 29 8 16 42 6 29 28 27 29 42 20 13 14 8 13 0 45 23 5 0 9 8 12 8 8 14
split_gain=14267.8 2303.03 1410.21 1333.38 1024.52 1008.69 2123.14 1059 1247.9 1015.73 868.46 999.277 1882.03 1767.05 1278.05 1075.63 1304.33 866.967 1096.42 802.338 772.739 768.988 763.33 961.766 942.141 882.125 835.321 1173.98 1014.3 713.589 804.982 766.046 1286.95 703.248 700.187 692.824 778.216 734.286 691.124 637.128 874.158 626.183 617.082 612.561 763.23 1102.69 902.972 1266.4 695.08 1090.94 692.241 635.458 622.86 874.913 610.165 630.158 701.487 608.036 593.874 708.257 810.52 638.985
threshold=2.8214286565780644 5.8819444179534921 1.0000000180025095e-35 0.62999999523162853 0.73214286565780651 1.0000000180025095e-35 46.500000000000007 3.5000000000000004 3.5006512177915289e-07 0.68999999761581432 33.500000000000007 4.5000000000000009 1.0000000180025095e-35 16.103788375854496 6.2142856121063241 6.8928570747375497 2.5000000000000004 25.500000000000004 17.500000000000004 1.0428663492202761 21.500000000000004 17.071428298950199 66.500000000000014 10.321428298950197 37.500000000000007 46.500000000000007 39.500000000000007 52.500000000000007 11.434213161468508 -0.87837970256805409 0.95645162463188182 14.500000000000002 13.500000000000002 2.5000000000000004 1.2078976035118105 2.5000000000000004 20.500000000000004 15.500000000000002 10.348043918609621 58.500000000000007 1.0000000180025095e-35 26.500000000000004 9.5000000000000018 5.5000000000000009 30.500000000000004 229.50000000000003 32.500000000000007 12.098214149475099 17.605464935302738 10.500000000000002 9.4865255355834979 269.50000000000006 0.86996445059776317 0.52000001072883617 18.500000000000004 182.50000000000003 15.500000000000002 14.500000000000002 14.982142925262453 2.5000000000000004 14.500000000000002 15.141392230987551
decision_type=2 2 2 2 2 2 2 2 2 2 2 2 2 2 2 2 10 10 2 2 2 2 2 2 2 2 2 8 2 2 2 2 2 2 2 2 2 2 2 2 2 2 2 2 2 2 2 2 2 2 2 2 2 2 2 2 10 2 2 2 2 2
left_child=2 29 -1 4 -4 7 17 9 -9 10 -3 12 -12 14 15 16 -14 19 -19 -7 -8 54 23 26 43 -26 -10 33 -29 30 31 -2 -33 -28 -5 37 39 42 -35 40 -37 -6 -13 44 48 -46 47 50 -25 -50 -47 52 53 -45 55 -16 -57 -49 59 -48 61 -61
right_child=1 5 3 34 41 6 20 8 22 -11 11 35 13 -15 21 -17 -18 18 -20 -21 -22 -23 -24 24 25 -27 27 28 -30 -31 -32 32 -34 38 -36 36 -38 -39 -40 -41 -42 -43 -44 51 45 46 58 57 49 -51 -52 -53 -54 -55 -56 56 -58 -59 -60 60 -62 -63
leaf_value=-0.0030270877351101871 0.032503351360962753 -0.11016896575343579 0.018701470390077527 -0.0011024262805597598 0.12742248822618765 0.017725652117557521 -0.00086732332224530003 0.19813386468121605 -0.12019739564125838 0.0026024328159347724 -0.036212789147587694 -0.018354008475295933 0.2203726780327567 0.27491483582849313 0.08364755477516983 0.23464450802561049 0.015632428250674089 0.015242412793398429 0.2448156719564277 -0.042309967891148194 -0.13517913006171065 0.18746223946763768 -0.039140477701683191 0.029704465960682287 0.26596287212064185 0.076291182276847419 0.06643837555074375 0.055798432759645966 0.26573520121161881 0.0074334913663920256 0.018458045163489152 0.24192540087134731 0.017157859162692603 0.028935625114878068 0.0034269365439029125 -0.032704090133831507 0.026572707254125923 0.18977242171021172 0.00026297397610677451 0.0027630296895180548 0.15313580668744095 0.023518331928804034 0.095860845791948188 0.022189508449188131 0.22171286261722048 0.13046684293826769 -0.074045952647654317 0.30706943610979015 0.033843732016188191 0.26206231199851754 0.022916524061068814 0.11834568123419358 -0.017107916222128608 0.18002060155230243 -0.024269120047450726 -0.00050522887369013286 0.13954326117074872 0.13842274093943555 -0.086302771141209933 0.058071177254270571 -0.017936682709605561 0.2463720651124125
leaf_weight=267299 144 43 1124 92472 141 1185 55 41 34 2567 183 74 41 36 249 60 88 45 32 241 129 31 132 687 34 63 385 53 34 19422 2974 52 41 4988 45996 37 4589 40 892 2410 59 83 100 186 49 91 33 32 48 31 132 55 299 38 127 243 37 49 38 33 42 32
leaf_count=267299 144 43 1124 92472 141 1185 55 41 34 2567 183 74 41 36 249 60 88 45 32 241 129 31 132 687 34 63 385 53 34 19422 2974 52 41 4988 45996 37 4589 40 892 2410 59 83 100 186 49 91 33 32 48 31 132 55 299 38 127 243 37 49 38 33 42 32
internal_value=1.4376e-06 0.0162577 -0.00175011 0.000691201 0.0303828 0.0233549 0.00109705 0.025276 0.0332109 0.0191295 0.0241518 0.0248405 0.0515673 0.0691847 0.060698 0.129771 0.0808368 0.0128756 0.110863 0.00757607 -0.095062 0.0416771 0.032412 0.0335427 0.051857 0.142995 0.0278862 0.028681 0.138071 0.00959963 0.0227006 0.0759015 0.142975 0.0271595 0.000402118 0.0208356 0.0192305 0.0740099 0.0245863 0.00578436 0.0815349 0.0889567 0.0472955 0.047134 0.0585813 0.0862237 0.0724036 0.103817 0.0394086 0.123635 0.0668503 0.0214385 0.011224 0.0490395 0.034758 0.0489337 0.018039 0.205364 0.0187171 0.0472744 0.0847392 0.151032
internal_weight=450980 43865 407115 139816 1348 21232 1687 19545 8531 11014 8447 8404 1095 912 876 189 129 1503 77 1426 184 687 8490 8358 1972 97 6386 6352 87 22633 3211 237 93 6265 138468 7309 7095 214 5880 2506 96 224 174 1875 1297 531 482 304 766 79 223 578 523 224 656 529 280 81 178 140 107 65
internal_count=450980 43865 407115 139816 1348 21232 1687 19545 8531 11014 8447 8404 1095 912 876 189 129 1503 77 1426 184 687 8490 8358 1972 97 6386 6352 87 22633 3211 237 93 6265 138468 7309 7095 214 5880 2506 96 224 174 1875 1297 531 482 304 766 79 223 578 523 224 656 529 280 81 178 140 107 65
is_linear=0
shrinkage=0.03


Tree=76
num_leaves=63
num_cat=0
split_feature=11 11 7 14 9 23 27 42 42 43 44 23 18 41 18 43 41 29 9 28 44 28 14 12 9 28 45 23 44 29 38 6 11 23 10 9 27 42 42 11 20 29 19 43 7 27 6 28 11 11 11 10 37 27 22 11 14 45 23 10 21 28
split_gain=13464.4 1908.88 1418.99 1380.9 894.156 767.992 1126.78 980.416 901.416 939.127 883.821 809.912 965.751 661.567 667.019 685.396 659.217 1679.89 1635.53 954.65 1159.84 918.463 757.362 1425.04 715.336 920.3 712.097 1226.01 929.554 700.91 693.811 691.325 654.313 652.828 604.266 1080.76 742.233 932.81 1112.72 624.828 595.702 560.85 558.628 968.554 555.178 552.622 549.629 706.465 662.279 548.857 545.203 542.392 542.121 539.648 539.43 531.054 523.811 523.505 522.649 775.833 768.562 831.554
threshold=4.3214285373687753 0.89285713434219371 11.500000000000002 6.6833618461714661e-07 4.5000000000000009 0.68999999761581432 4.5000000000000009 33.500000000000007 77.500000000000014 3.1964285373687749 1.8666651844978335 1.7549999952316286 1.5000000000000002 1.0000000180025095e-35 6.5000000000000009 4.7321429252624521 1.0000000180025095e-35 46.500000000000007 23.500000000000004 3.5000000000000004 2.2222170829772954 3.5000000000000004 7.8148198127746591 13.125000000000002 32.500000000000007 13.500000000000002 1.4414080977439883 0.57499998807907116 0.8148145079612733 25.500000000000004 0.93301269412040722 59.500000000000007 7.3928570747375497 3.3600000143051152 9.5000000000000018 29.500000000000004 3.5000000000000004 229.50000000000003 184.50000000000003 16.178570747375492 45.500000000000007 4.5000000000000009 1.0000000180025095e-35 0.66071426868438732 36.500000000000007 5.5000000000000009 2.5000000000000004 5.5000000000000009 4.6071429252624521 6.1071429252624521 6.3928570747375497 9.5000000000000018 -0.56174489110708226 3.5000000000000004 0.053571430966258056 1.0000000180025095e-35 1.5039421916007998 1.1015753746032717 0.52000001072883617 5.2142856121063241 38.500000000000007 24.500000000000004
decision_type=2 2 2 2 10 2 2 2 2 2 2 2 2 2 2 2 2 2 10 2 2 2 2 2 10 2 2 2 2 2 2 2 2 2 2 8 2 2 2 2 2 2 2 2 2 2 2 2 2 2 2 2 2 2 2 2 2 2 2 2 2 2
left_child=1 55 5 -4 53 7 33 -2 9 -9 -11 12 -8 14 15 34 19 18 21 20 26 -18 23 24 30 -26 27 -10 -29 -25 46 50 -28 56 35 -5 -36 38 54 42 -16 -15 44 -44 -39 -23 48 -48 -21 -37 52 -30 -24 -3 -38 -1 -7 -20 59 -49 -60 -62
right_child=2 4 3 13 -6 6 11 8 16 10 -12 -13 -14 41 40 -17 17 -19 57 22 -22 45 31 29 25 -27 32 28 51 -31 -32 -33 -34 -35 36 49 37 39 -40 -41 -42 -43 43 -45 -46 -47 47 58 -50 -51 -52 -53 -54 -55 -56 -57 -58 -59 60 -61 61 -63
leaf_value=-0.0053075517049028104 -0.11285217945804137 -0.00071316166604946658 0.22446227471814051 0.030388407530957371 0.011086529268956901 0.12021802779782155 0.029173059907985376 0.035804371339096835 0.036005040853871378 0.22966998303719494 0.050865976629173679 0.0029164454552089653 0.095311130944778888 0.12139097021132036 0.059721740285919742 -0.01916412225388751 -0.096761789766143774 -0.1070540115229973 0.071720089667096407 0.064483801551483449 0.18620178387015163 0.022013106875654321 0.02277004501905042 0.068921185715168018 0.21488681991386899 0.041605489583691924 0.020701102257019686 0.24152914781395982 0.035899039945249893 0.25659237623913889 -0.0087898771365563823 0.15377679079771039 -0.099827424427245376 0.015785193687403411 0.028548552612128724 0.05655305585440467 -0.00099965080831226406 0.055453706253754745 0.27194415186333842 -0.06493854298768445 0.19635199227753805 -0.0099628992445647546 0.20351906810875739 0.0047664426221741864 -0.060222185432464999 -0.029131735457403437 -0.019738461997446551 -0.0020007633426204997 0.0058005919617097734 -0.069822656753033424 0.014392003222726317 0.18121561844453349 -0.02090464900671023 0.0035540532958920367 0.12650922051644464 -0.0020759427082335251 -0.0053615309351974279 0.24634234724440562 0.040193540488709628 0.036282726423135389 0.070176190505196606 0.21183111289825921
leaf_weight=56259 50 63287 33 3856 8684 30 1286 232 984 53 47 856 235 31 109 232 80 123 31 193 50 738 362 38 39 94 146 45 77 34 588 30 56 2120 895 39 42 544 38 39 39 493 57 36 40 256 228 597 1671 148 4582 33 871 46102 103 245401 4346 31 694 2357 139 51
leaf_count=56259 50 63287 33 3856 8684 30 1286 232 984 53 47 856 235 31 109 232 80 123 31 193 50 738 362 38 39 94 146 45 77 34 588 30 56 2120 895 39 42 544 38 39 39 493 57 36 40 256 228 597 1671 148 4582 33 871 46102 103 245401 4346 31 694 2357 139 51
internal_value=1.42632e-06 -0.00141291 0.0189998 0.0311515 0.00182084 0.0156361 0.00858904 0.0196442 0.0200711 0.0689686 0.145782 0.0262618 0.0393982 0.0302016 0.0329301 0.031394 0.0190038 -0.00178579 0.00961919 0.0208789 0.0444615 0.00096231 0.0182684 0.0251353 0.0236966 0.0925518 0.039162 0.0483681 0.12677 0.157797 0.02229 0.0103695 -0.0127382 0.00212173 0.0334041 0.0269722 0.047896 0.0671504 0.127592 0.0516846 0.0958441 -0.00216742 0.0584138 0.126686 0.0475192 0.00883788 0.0253721 0.0315563 0.0118806 -0.0434421 0.00962676 0.0796326 -0.00808005 0.00108524 0.08959 -0.00267864 -0.00449754 0.159311 0.0346043 0.0285454 0.0548438 0.108299
internal_weight=450980 419733 31247 6774 118073 24473 8873 15600 15550 332 100 2377 1521 6741 6217 6069 15218 1259 1136 13959 1391 1074 12568 6723 6651 133 1341 1139 155 72 6518 5845 202 6496 5837 4043 1794 899 183 716 148 524 677 93 584 994 5930 4066 1864 187 5815 110 1233 109389 145 301660 4376 62 3838 2954 884 190
internal_count=450980 419733 31247 6774 118073 24473 8873 15600 15550 332 100 2377 1521 6741 6217 6069 15218 1259 1136 13959 1391 1074 12568 6723 6651 133 1341 1139 155 72 6518 5845 202 6496 5837 4043 1794 899 183 716 148 524 677 93 584 994 5930 4066 1864 187 5815 110 1233 109389 145 301660 4376 62 3838 2954 884 190
is_linear=0
shrinkage=0.03


Tree=77
num_leaves=63
num_cat=0
split_feature=11 12 5 23 7 0 22 29 45 26 41 22 26 0 43 6 9 26 12 29 9 30 27 42 16 0 5 5 23 27 23 16 17 26 27 9 22 9 17 14 45 45 21 10 29 14 30 17 6 7 9 10 44 7 0 44 10 26 12 10 27 17
split_gain=12689 2067.69 1282.61 1267.27 943.96 898.46 875.02 2295.75 877.157 932 845.945 842.121 822.542 785.008 1228.45 1928 2718.07 1762.62 1195.77 1098.29 1048.97 973.374 892.865 875.99 835 677.231 666.825 727.981 680.294 616.823 572.802 612.963 1041.86 987.44 704.005 571.33 878.599 634.438 929.834 1216.05 1027.52 1053.75 1166.95 1114.04 954.57 998.819 899.831 735.584 682.71 763.135 562.413 678.464 874.516 957.881 726.064 559.701 658.437 1499.33 771.314 696.056 549.764 577.867
threshold=2.8214286565780644 6.0535714626312265 1.0000000180025095e-35 0.94999998807907116 11.500000000000002 277.50000000000006 0.33928571641445165 9.5000000000000018 1.4624921679496767 1.0119464397430422 1.0000000180025095e-35 0.73214286565780651 1.1277077198028567 259.50000000000006 -1.7678571343421934 9.5000000000000018 2.5000000000000004 1.0836695432662966 7.1250000000000009 41.500000000000007 20.500000000000004 7.5000000000000009 3.5000000000000004 101.50000000000001 11.298938274383547 54.500000000000007 29.500000000000004 1.0000000180025095e-35 0.43999999761581426 4.5000000000000009 0.52000001072883617 14.150246620178224 14.329426765441896 0.96948480606079113 3.5000000000000004 30.500000000000004 1.0000000180025095e-35 7.5000000000000009 8.3412408828735369 7.0423884391784677 1.2068325877189638 1.018349349498749 54.500000000000007 10.785714149475099 43.500000000000007 3.2440338134765629 4.5000000000000009 11.434213161468508 4.5000000000000009 18.500000000000004 8.5000000000000018 16.071428298950199 1.0666660666465761 26.500000000000004 172.50000000000003 1.5483866333961489 14.928571224212648 1.0511984229087832 15.982142925262453 13.357142925262453 3.5000000000000004 12.598823547363283
decision_type=2 2 2 2 2 2 2 2 2 2 2 2 2 2 2 2 8 2 2 2 10 2 2 2 2 2 2 2 2 2 2 2 2 2 2 8 2 10 2 2 2 2 2 2 2 2 2 2 2 2 10 2 2 2 2 2 2 2 2 2 2 2
left_child=2 60 -1 11 5 13 10 -8 -9 -10 12 -4 35 26 15 17 -17 18 -15 20 21 29 -18 -16 -23 -13 27 -3 -29 -20 -30 32 34 -33 -32 37 -37 55 -39 44 41 48 43 46 45 -40 -43 -47 49 -41 -50 52 53 -52 -54 56 59 58 -58 -6 61 -2
right_child=1 4 3 -5 6 -7 7 8 9 -11 -12 25 -14 14 23 16 22 -19 19 -21 -22 24 -24 -25 -26 -27 -28 28 30 -31 31 33 -34 -35 -36 36 -38 38 39 40 -42 42 -44 -45 -46 47 -48 -49 50 -51 51 -53 54 -55 -56 -57 57 -59 -60 -61 -62 -63
leaf_value=-0.0028682285421003993 0.0057037258141987898 0.00036538779759036073 0.0098437663042119337 1.3223443602331179e-05 0.028431482545537668 -0.0081112634887746619 0.31119818585958336 -0.016280034699463819 0.22710593557263919 0.01838648093021129 -0.012022705146120494 0.14337215345144874 0.14945443769545039 0.17382978788500614 0.15519838135507985 0.40059596464574498 -0.01844338611354978 0.25349782533310022 -0.053747951459142448 -0.093679631009198489 0.20432022452750473 0.010986243867454639 0.17789242839864947 0.017448143863753381 0.22440955885799127 0.036403906029100166 -0.018662793256744928 0.12453009122620348 0.028229300742863551 0.073956958934697045 0.0052731946988437686 0.090252762644906379 0.18415455369070574 -0.059111266205310535 0.030018090417244469 0.11714504963357769 -0.031716103386388521 0.021385021489130539 -0.037328538355307347 0.039737731711381043 -0.020403622492661349 0.04004358073207627 0.27565236558088396 -0.0011296481340467143 0.24155931652209178 0.0929247715749911 0.25324024923804667 0.23186855424169595 -0.047427763454139689 -0.12189147160977733 0.017238225598352658 0.0081024479621892923 0.082656548796685908 0.19669153668432152 0.27047704675690315 -0.044918889169979541 0.091445339293740741 0.24617707509501019 -0.059177118683555269 -0.046265521060445111 0.014586314381617727 -0.10069146493251824
leaf_weight=267299 13453 1599 6580 132634 2275 1062 36 90 38 39 385 59 55 45 43 36 38 34 130 73 30 34 46 1159 32 543 435 58 5363 46 2582 49 33 211 1727 42 234 672 43 65 163 30 37 68 47 170 44 43 39 44 113 100 34 35 41 96 84 40 48 118 10133 46
leaf_count=267299 13453 1599 6580 132634 2275 1062 36 90 38 39 385 59 55 45 43 36 38 34 130 73 30 34 46 1159 32 543 435 58 5363 46 2582 49 33 211 1727 42 234 672 43 65 163 30 37 68 47 170 44 43 39 44 113 100 34 35 41 96 84 40 48 118 10133 46
internal_value=1.40906e-06 0.0153319 -0.00165039 0.000677859 0.0223712 0.0184767 0.0331547 0.0942421 0.0473059 0.121571 0.0307517 0.0129517 0.0341974 0.0205226 0.0393236 0.0767262 0.182845 0.046653 0.0285562 0.00955822 0.0372952 0.0165076 0.0891397 0.0223897 0.11467 0.0469121 0.0177995 0.0191645 0.0221634 -0.020339 0.0215662 0.0138006 0.0164802 -0.0309322 0.0151915 0.0328524 -0.00902366 0.0354507 0.0492724 0.0660601 0.046929 0.0638168 0.125765 0.0865326 0.117354 0.0944599 0.167 0.121077 0.0402491 -0.0255453 0.0600658 0.0730602 0.102166 0.0597908 0.185575 0.0261614 0.028824 0.0855075 0.0366588 0.0247457 0.00930495 0.00534031
internal_weight=450980 43865 407115 139816 20233 14865 5368 203 167 77 5165 7182 4780 13803 1746 544 120 424 390 345 272 242 84 1202 66 602 12057 11622 10023 176 9965 4602 4342 260 4309 4725 276 4449 1788 1116 813 650 179 142 303 256 74 213 471 109 362 323 223 148 75 2661 2565 172 132 2393 23632 13499
internal_count=450980 43865 407115 139816 20233 14865 5368 203 167 77 5165 7182 4780 13803 1746 544 120 424 390 345 272 242 84 1202 66 602 12057 11622 10023 176 9965 4602 4342 260 4309 4725 276 4449 1788 1116 813 650 179 142 303 256 74 213 471 109 362 323 223 148 75 2661 2565 172 132 2393 23632 13499
is_linear=0
shrinkage=0.03


end of trees

feature_importances:
rolling_mean_56=355
lag_1=326
rolling_mean_14=274
rolling_mean_28=258
days_since_launch=232
day_of_month=227
sell_price=204
day_of_week=201
price_vs_historical_mean=195
demand_trend_7_28=182
rolling_std_7=180
demand_ratio_7_28=178
rolling_mean_7=175
lag_56=161
demand_cv_28=157
dow_sin=151
lag_7=141
lag_28=141
zero_sales_rate_28=132
lag_14=131
week_of_year=122
rolling_std_56=106
rolling_std_14=91
rolling_max_28=86
item_id_code=70
rolling_max_7=66
rolling_std_28=57
has_event=41
month_num=40
rolling_min_7=37
dow_cos=26
month_sin=24
month_cos=19
is_weekend=17
year_num=16
rolling_min_28=9
is_month_end=3
quarter=2
snap=2
is_month_start=1

parameters:
[boosting: gbdt]
[objective: regression]
[metric: l2]
[tree_learner: serial]
[device_type: cpu]
[data_sample_strategy: bagging]
[data: ]
[valid: ]
[num_iterations: 78]
[learning_rate: 0.03]
[num_leaves: 63]
[num_threads: 8]
[seed: 42]
[deterministic: 0]
[force_col_wise: 0]
[force_row_wise: 0]
[histogram_pool_size: -1]
[max_depth: -1]
[min_data_in_leaf: 30]
[min_sum_hessian_in_leaf: 0.001]
[bagging_fraction: 0.8]
[pos_bagging_fraction: 1]
[neg_bagging_fraction: 1]
[bagging_freq: 0]
[bagging_seed: 400]
[bagging_by_query: 0]
[feature_fraction: 0.8]
[feature_fraction_bynode: 1]
[feature_fraction_seed: 30056]
[extra_trees: 0]
[extra_seed: 12879]
[early_stopping_round: 0]
[early_stopping_min_delta: 0]
[first_metric_only: 0]
[max_delta_step: 0]
[lambda_l1: 0.05]
[lambda_l2: 0.1]
[linear_lambda: 0]
[min_gain_to_split: 0]
[drop_rate: 0.1]
[max_drop: 50]
[skip_drop: 0.5]
[xgboost_dart_mode: 0]
[uniform_drop: 0]
[drop_seed: 17869]
[top_rate: 0.2]
[other_rate: 0.1]
[min_data_per_group: 100]
[max_cat_threshold: 32]
[cat_l2: 10]
[cat_smooth: 10]
[max_cat_to_onehot: 4]
[top_k: 20]
[monotone_constraints: ]
[monotone_constraints_method: basic]
[monotone_penalty: 0]
[feature_contri: ]
[forcedsplits_filename: ]
[refit_decay_rate: 0.9]
[cegb_tradeoff: 1]
[cegb_penalty_split: 0]
[cegb_penalty_feature_lazy: ]
[cegb_penalty_feature_coupled: ]
[path_smooth: 0]
[interaction_constraints: ]
[verbosity: -1]
[saved_feature_importance_type: 0]
[use_quantized_grad: 0]
[num_grad_quant_bins: 4]
[quant_train_renew_leaf: 0]
[stochastic_rounding: 1]
[linear_tree: 0]
[max_bin: 255]
[max_bin_by_feature: ]
[min_data_in_bin: 3]
[bin_construct_sample_cnt: 200000]
[data_random_seed: 175]
[is_enable_sparse: 1]
[enable_bundle: 1]
[use_missing: 1]
[zero_as_missing: 0]
[feature_pre_filter: 1]
[pre_partition: 0]
[two_round: 0]
[header: 0]
[label_column: ]
[weight_column: ]
[group_column: ]
[ignore_column: ]
[categorical_feature: ]
[forcedbins_filename: ]
[precise_float_parser: 0]
[parser_config_file: ]
[objective_seed: 16083]
[num_class: 1]
[is_unbalance: 0]
[scale_pos_weight: 1]
[sigmoid: 1]
[boost_from_average: 1]
[reg_sqrt: 0]
[alpha: 0.9]
[fair_c: 1]
[poisson_max_delta_step: 0.7]
[tweedie_variance_power: 1.5]
[lambdarank_truncation_level: 30]
[lambdarank_norm: 1]
[label_gain: ]
[lambdarank_position_bias_regularization: 0]
[eval_at: ]
[multi_error_top_k: 1]
[auc_mu_weights: ]
[num_machines: 1]
[local_listen_port: 12400]
[time_out: 120]
[machine_list_filename: ]
[machines: ]
[gpu_platform_id: -1]
[gpu_device_id: -1]
[gpu_device_id_list: ]
[gpu_use_dp: 0]
[num_gpu: 1]

end of parameters

pandas_categorical:[]
